gender,SeniorCitizen,Dependents,tenure,PhoneService,MultipleLines,InternetService,MonthlyCharges,Churn,Contract_One year,Contract_Two year,Cluster,Cluster_Label
0,0,0,-1.3128745474321,0,0,0,-1.37622787359722,1,0,0,0,Short-Tenure Lower-Charge
1,0,0,0.331038358408801,1,0,0,-1.37622787359722,0,1,0,2,Long-Tenure Lower-Charge
0,0,1,0.783114407515048,1,0,0,-1.57839880033684,0,0,0,2,Long-Tenure Lower-Charge
0,0,0,-1.3128745474321,1,0,0,0.342225003689566,1,1,0,3,Short-Tenure Higher-Charge
1,0,0,1.39958174720538,1,0,1,-0.500153857725524,0,0,0,2,Long-Tenure Lower-Charge
0,1,0,1.44067956985141,1,1,1,0.813957166082017,1,0,0,1,Long-Tenure Higher-Charge
0,0,1,-0.408722449219603,1,1,1,0.37592015814617,0,0,0,3,Short-Tenure Higher-Charge
1,0,1,1.6050708604355,1,0,0,0.207444385863152,0,0,0,1,Long-Tenure Higher-Charge
1,0,0,1.52287521514345,1,1,1,1.28568932847447,1,0,0,1,Long-Tenure Higher-Charge
1,0,0,-1.3128745474321,1,0,0,-1.57839880033684,1,1,0,0,Short-Tenure Lower-Charge
1,0,0,-1.3128745474321,1,0,0,-1.54470364588024,0,0,0,0,Short-Tenure Lower-Charge
1,0,1,0.0433535998866439,1,0,0,0.611786239342395,0,0,1,3,Short-Tenure Higher-Charge
1,1,1,-0.203233335989491,1,1,1,-0.500153857725524,0,1,0,0,Short-Tenure Lower-Charge
0,1,0,-0.614211562449715,1,1,1,0.645481393798999,1,0,0,3,Short-Tenure Higher-Charge
0,0,0,-0.737505030387783,1,0,1,-1.54470364588024,0,0,0,0,Short-Tenure Lower-Charge
0,1,0,-0.901896320971872,1,1,1,0.982432938365035,1,0,1,3,Short-Tenure Higher-Charge
1,0,0,-0.901896320971872,1,0,0,-0.399068394355713,1,1,0,0,Short-Tenure Lower-Charge
1,0,1,-1.3128745474321,1,1,1,0.140054076949945,1,0,1,3,Short-Tenure Higher-Charge
0,0,1,0.166647067824711,1,0,0,0.780262011625413,0,0,0,1,Long-Tenure Higher-Charge
1,0,1,-0.449820271865625,1,0,1,0.780262011625413,1,0,0,3,Short-Tenure Higher-Charge
0,0,0,-1.3128745474321,1,0,0,0.140054076949945,0,0,0,3,Short-Tenure Higher-Charge
0,0,1,-1.3128745474321,1,0,0,-1.57839880033684,0,1,0,0,Short-Tenure Lower-Charge
1,0,1,0.536527471638913,1,0,0,0.477005621515981,0,0,0,1,Long-Tenure Higher-Charge
0,0,0,0.742016584869025,1,1,0,1.38677479184428,0,0,1,1,Long-Tenure Higher-Charge
0,0,0,0.331038358408801,1,0,0,1.28568932847447,0,0,0,1,Long-Tenure Higher-Charge
0,0,0,-1.14848325684801,1,0,0,0.0726637680367373,1,0,0,3,Short-Tenure Higher-Charge
0,0,0,0.495429648992891,1,1,1,0.780262011625413,1,0,0,1,Long-Tenure Higher-Charge
1,0,1,-0.162135513343468,1,0,0,-0.196897467616092,0,0,0,3,Short-Tenure Higher-Charge
0,1,0,-0.737505030387783,1,1,0,0.881347474995224,0,0,1,3,Short-Tenure Higher-Charge
1,0,0,1.6050708604355,0,0,0,-0.0621168497896772,0,0,0,2,Long-Tenure Lower-Charge
1,0,0,0.700918762223003,1,1,1,1.28568932847447,0,0,1,1,Long-Tenure Higher-Charge
1,0,1,-0.244331158635513,1,0,1,-1.51100849142363,0,0,0,0,Short-Tenure Lower-Charge
1,0,0,1.6050708604355,1,0,0,0.645481393798999,0,1,0,1,Long-Tenure Higher-Charge
0,0,1,0.742016584869025,1,0,0,0.140054076949945,0,0,0,1,Long-Tenure Higher-Charge
0,0,0,1.11189698868323,1,0,0,0.948737783908432,0,0,0,1,Long-Tenure Higher-Charge
1,0,0,-0.655309385095738,1,1,1,-1.57839880033684,0,0,1,0,Short-Tenure Lower-Charge
0,0,0,1.6050708604355,1,0,1,-1.51100849142363,0,0,0,2,Long-Tenure Lower-Charge
0,0,0,0.0022557772406214,1,0,1,1.28568932847447,1,0,0,3,Short-Tenure Higher-Charge
0,1,1,1.35848392455936,1,1,1,1.31938448293107,0,0,0,1,Long-Tenure Higher-Charge
0,0,1,1.48177739249743,1,1,1,1.28568932847447,1,0,0,1,Long-Tenure Higher-Charge
1,0,0,-1.14848325684801,1,0,0,0.140054076949945,1,1,0,3,Short-Tenure Higher-Charge
0,0,0,0.98860352074516,1,1,0,1.18460386510466,0,0,1,1,Long-Tenure Higher-Charge
0,1,0,-1.02518978890994,1,0,0,0.342225003689566,1,1,0,3,Short-Tenure Higher-Charge
0,0,0,-0.778602853033805,1,1,0,-0.500153857725524,0,0,1,0,Short-Tenure Lower-Charge
1,0,0,-0.326526803927558,1,1,0,0.982432938365035,1,0,0,3,Short-Tenure Higher-Charge
0,0,1,0.783114407515048,1,1,1,-1.54470364588024,0,0,0,2,Long-Tenure Lower-Charge
0,1,0,-1.06628761155596,1,0,0,0.342225003689566,1,0,0,3,Short-Tenure Higher-Charge
1,0,0,-0.819700675679827,1,0,1,0.477005621515981,1,0,0,3,Short-Tenure Higher-Charge
0,1,0,-0.737505030387783,1,1,0,0.813957166082017,1,0,1,3,Short-Tenure Higher-Charge
1,0,0,-0.449820271865625,1,1,0,-0.36537323989911,1,0,1,0,Short-Tenure Lower-Charge
0,0,0,-0.573113739803693,1,1,1,-1.54470364588024,0,0,0,0,Short-Tenure Lower-Charge
1,0,1,-0.408722449219603,0,0,1,-1.2077521013142,0,0,0,0,Short-Tenure Lower-Charge
0,0,0,1.6050708604355,1,1,0,1.6226408730405,0,0,0,1,Long-Tenure Higher-Charge
1,1,0,1.6050708604355,1,1,1,1.08351840173485,0,0,0,1,Long-Tenure Higher-Charge
0,0,1,1.07079916603721,1,0,0,1.04982324727824,0,1,0,1,Long-Tenure Higher-Charge
0,0,1,1.52287521514345,1,1,1,0.308529849232963,0,0,0,1,Long-Tenure Higher-Charge
1,0,1,1.52287521514345,1,1,1,1.18460386510466,0,1,0,1,Long-Tenure Higher-Charge
1,0,1,-0.984091966263917,1,1,1,1.25199417401786,0,1,0,3,Short-Tenure Higher-Charge
0,0,0,-1.23067890214005,1,1,0,-1.37622787359722,0,0,1,0,Short-Tenure Lower-Charge
1,1,0,-0.655309385095738,1,1,1,1.21829901956126,0,0,1,3,Short-Tenure Higher-Charge
0,0,1,-0.203233335989491,1,1,1,0.140054076949945,0,0,0,3,Short-Tenure Higher-Charge
0,0,0,-0.942994143617895,1,1,1,-0.399068394355713,0,0,0,0,Short-Tenure Lower-Charge
1,0,1,-0.901896320971872,1,0,0,-1.51100849142363,0,0,1,0,Short-Tenure Lower-Charge
1,1,0,1.6050708604355,1,0,0,1.25199417401786,0,1,0,1,Long-Tenure Higher-Charge
1,0,0,-1.02518978890994,1,1,1,0.140054076949945,1,0,0,3,Short-Tenure Higher-Charge
1,1,0,1.48177739249743,1,0,0,-1.54470364588024,0,0,0,2,Long-Tenure Lower-Charge
0,0,1,0.248842713116756,1,1,1,-1.54470364588024,0,1,0,2,Long-Tenure Lower-Charge
1,0,1,1.39958174720538,0,0,0,-0.500153857725524,0,0,1,2,Long-Tenure Lower-Charge
1,0,0,0.248842713116756,1,0,0,-1.54470364588024,0,0,1,2,Long-Tenure Lower-Charge
1,0,1,0.865310052807093,1,0,1,0.00527345912353,0,0,0,1,Long-Tenure Higher-Charge
0,0,0,-1.3128745474321,1,0,0,0.274834694776359,1,0,0,3,Short-Tenure Higher-Charge
0,0,1,1.6050708604355,0,0,0,-0.196897467616092,0,1,0,2,Long-Tenure Lower-Charge
1,0,0,-0.942994143617895,1,1,1,1.11721355619145,1,0,1,3,Short-Tenure Higher-Charge
1,0,1,-0.819700675679827,1,1,0,1.04982324727824,1,0,1,3,Short-Tenure Higher-Charge
0,0,0,0.0844514225326663,1,0,0,1.11721355619145,0,0,0,3,Short-Tenure Higher-Charge
1,0,1,-0.86079849832585,0,1,1,-1.00558117457458,0,1,0,0,Short-Tenure Lower-Charge
1,0,0,-0.0799398680514234,1,0,0,0.847652320538621,0,1,0,3,Short-Tenure Higher-Charge
0,0,1,0.82421223016107,1,0,0,1.42046994630088,0,0,0,1,Long-Tenure Higher-Charge
1,0,0,-0.121037690697446,1,1,0,-1.54470364588024,0,1,0,0,Short-Tenure Lower-Charge
0,0,0,0.536527471638913,1,0,1,0.308529849232963,0,0,0,1,Long-Tenure Higher-Charge
0,0,0,-0.573113739803693,1,0,0,0.813957166082017,1,0,0,3,Short-Tenure Higher-Charge
0,0,0,-0.408722449219603,1,0,1,-0.399068394355713,0,0,0,0,Short-Tenure Lower-Charge
0,1,0,-0.737505030387783,1,0,1,-0.36537323989911,1,0,0,3,Short-Tenure Higher-Charge
1,0,0,0.618723116930958,1,0,0,-1.54470364588024,0,0,1,2,Long-Tenure Lower-Charge
1,0,1,-0.326526803927558,1,1,1,1.01612809282164,1,0,0,3,Short-Tenure Higher-Charge
1,0,0,0.783114407515048,1,0,0,1.31938448293107,1,1,0,1,Long-Tenure Higher-Charge
1,0,0,-0.86079849832585,1,0,0,0.544395930429188,1,0,1,3,Short-Tenure Higher-Charge
0,0,0,0.618723116930958,1,0,0,-1.37622787359722,0,0,1,2,Long-Tenure Lower-Charge
0,0,0,0.207744890470734,1,0,0,-1.54470364588024,0,0,0,2,Long-Tenure Lower-Charge
0,0,0,-0.614211562449715,0,0,1,-1.03927632903118,0,0,0,0,Short-Tenure Lower-Charge
0,0,0,0.495429648992891,1,0,1,-0.533849012182128,0,0,0,2,Long-Tenure Lower-Charge
1,0,0,-0.86079849832585,1,1,0,0.813957166082017,0,0,1,3,Short-Tenure Higher-Charge
0,1,0,1.35848392455936,1,1,1,1.21829901956126,0,0,0,1,Long-Tenure Higher-Charge
0,0,0,1.6050708604355,1,1,1,-1.54470364588024,0,0,1,2,Long-Tenure Lower-Charge
0,0,0,1.52287521514345,0,1,1,-0.702324784465146,0,0,0,2,Long-Tenure Lower-Charge
0,0,0,-0.244331158635513,1,1,0,0.813957166082017,0,1,0,3,Short-Tenure Higher-Charge
1,1,0,-0.819700675679827,1,0,0,0.982432938365035,1,0,1,3,Short-Tenure Higher-Charge
0,0,1,1.31738610191334,1,0,1,0.813957166082017,0,0,0,1,Long-Tenure Higher-Charge
0,0,1,-0.778602853033805,1,0,0,0.140054076949945,0,0,0,3,Short-Tenure Higher-Charge
0,0,1,-0.655309385095738,1,0,0,0.645481393798999,1,0,0,3,Short-Tenure Higher-Charge
0,0,0,-0.0799398680514234,1,1,1,-1.51100849142363,0,1,0,0,Short-Tenure Lower-Charge
1,0,1,-0.367624626573581,1,0,0,-1.40992302805382,0,1,0,0,Short-Tenure Lower-Charge
0,0,0,-1.23067890214005,1,1,1,-1.54470364588024,0,0,1,0,Short-Tenure Lower-Charge
1,0,0,-0.655309385095738,1,0,0,0.37592015814617,1,0,0,3,Short-Tenure Higher-Charge
1,0,0,1.35848392455936,1,1,1,0.106358922493341,0,1,0,1,Long-Tenure Higher-Charge
1,0,0,0.495429648992891,1,0,0,-0.432763548812317,0,1,0,2,Long-Tenure Lower-Charge
1,0,0,0.0844514225326663,1,1,1,0.881347474995224,0,1,0,3,Short-Tenure Higher-Charge
1,0,1,0.289940535762779,0,0,0,-0.870800556748164,0,0,1,2,Long-Tenure Lower-Charge
0,0,0,-0.942994143617895,1,1,1,0.645481393798999,1,0,0,3,Short-Tenure Higher-Charge
0,0,0,0.783114407515048,1,0,0,-0.0621168497896772,0,1,0,1,Long-Tenure Higher-Charge
0,0,0,-0.819700675679827,1,0,1,-1.57839880033684,0,0,0,0,Short-Tenure Lower-Charge
0,1,0,0.413234003700846,1,1,1,0.813957166082017,0,0,0,1,Long-Tenure Higher-Charge
0,0,0,0.331038358408801,1,0,0,-1.54470364588024,0,0,1,2,Long-Tenure Lower-Charge
0,1,0,0.783114407515048,0,0,1,-0.533849012182128,0,0,0,2,Long-Tenure Lower-Charge
0,0,0,1.56397303778947,1,0,0,0.915042629451828,0,0,1,1,Long-Tenure Higher-Charge
1,0,0,1.15299481132925,1,1,1,1.35307963738768,0,0,0,1,Long-Tenure Higher-Charge
0,0,0,-0.285428981281536,0,0,0,-0.73601993892175,0,0,1,0,Short-Tenure Lower-Charge
1,0,1,1.6050708604355,1,1,1,0.0726637680367373,0,0,0,1,Long-Tenure Higher-Charge
0,0,0,0.372136181054823,1,1,1,0.409615312602774,0,1,0,1,Long-Tenure Higher-Charge
0,0,1,0.98860352074516,1,0,0,-0.0284216953330735,0,0,0,1,Long-Tenure Higher-Charge
1,0,1,-0.984091966263917,1,1,1,-1.54470364588024,0,0,0,0,Short-Tenure Lower-Charge
0,0,0,-0.984091966263917,1,0,0,0.173749231406548,1,0,0,3,Short-Tenure Higher-Charge
1,0,0,0.0022557772406214,1,0,0,-0.702324784465146,0,0,0,0,Short-Tenure Lower-Charge
1,0,0,-1.3128745474321,1,0,1,-1.57839880033684,0,0,1,0,Short-Tenure Lower-Charge
0,0,0,-1.06628761155596,1,1,1,0.443310467059377,1,0,0,3,Short-Tenure Higher-Charge
1,0,0,-1.3128745474321,1,1,0,0.207444385863152,1,0,1,3,Short-Tenure Higher-Charge
1,0,1,1.31738610191334,1,0,0,-1.54470364588024,0,0,0,2,Long-Tenure Lower-Charge
1,0,0,-0.942994143617895,1,0,0,0.679176548255603,1,1,0,3,Short-Tenure Higher-Charge
1,0,0,1.52287521514345,1,1,1,0.982432938365035,0,0,0,1,Long-Tenure Higher-Charge
0,0,0,-0.162135513343468,1,0,0,1.11721355619145,1,0,0,3,Short-Tenure Higher-Charge
1,0,1,-0.490918094511648,1,0,0,1.28568932847447,1,0,1,3,Short-Tenure Higher-Charge
1,0,0,-1.3128745474321,1,0,0,0.847652320538621,1,0,0,3,Short-Tenure Higher-Charge
1,0,0,-1.14848325684801,1,0,0,-1.54470364588024,0,0,0,0,Short-Tenure Lower-Charge
1,0,0,0.947505698099138,1,1,0,0.813957166082017,0,0,1,1,Long-Tenure Higher-Charge
1,0,1,0.0844514225326663,1,0,1,0.645481393798999,1,0,0,3,Short-Tenure Higher-Charge
1,0,1,-0.942994143617895,1,0,0,-1.54470364588024,0,0,1,0,Short-Tenure Lower-Charge
0,0,0,-0.0799398680514234,0,0,0,-0.533849012182128,0,0,1,0,Short-Tenure Lower-Charge
1,1,0,0.166647067824711,1,0,1,0.679176548255603,1,0,0,3,Short-Tenure Higher-Charge
1,1,0,0.98860352074516,1,1,0,0.982432938365035,1,0,1,1,Long-Tenure Higher-Charge
0,0,1,0.0433535998866439,1,1,0,-1.34253271914062,0,0,0,2,Long-Tenure Lower-Charge
0,0,0,-1.23067890214005,1,1,1,1.11721355619145,1,0,1,3,Short-Tenure Higher-Charge
0,0,0,-1.18958107949403,1,1,1,0.578091084885792,0,1,0,3,Short-Tenure Higher-Charge
0,0,0,0.865310052807093,1,1,0,-1.54470364588024,0,0,1,2,Long-Tenure Lower-Charge
1,0,1,-1.10738543420198,1,1,1,-1.54470364588024,0,0,1,0,Short-Tenure Lower-Charge
1,0,0,-0.449820271865625,1,0,0,-0.196897467616092,0,1,0,3,Short-Tenure Higher-Charge
1,0,0,-0.408722449219603,1,0,0,1.04982324727824,0,0,0,3,Short-Tenure Higher-Charge
0,0,0,1.44067956985141,1,0,0,-0.264287776529299,0,1,0,2,Long-Tenure Lower-Charge
0,0,1,0.618723116930958,1,0,0,-1.54470364588024,0,0,0,2,Long-Tenure Lower-Charge
1,0,1,0.0433535998866439,1,0,0,-1.51100849142363,0,0,0,2,Long-Tenure Lower-Charge
0,0,0,0.331038358408801,1,1,1,0.477005621515981,0,0,0,1,Long-Tenure Higher-Charge
1,0,0,-0.984091966263917,1,1,1,0.342225003689566,0,1,0,3,Short-Tenure Higher-Charge
0,1,0,-0.614211562449715,1,0,0,1.28568932847447,0,0,1,3,Short-Tenure Higher-Charge
1,0,0,0.0844514225326663,1,0,0,1.01612809282164,0,0,0,3,Short-Tenure Higher-Charge
1,0,1,0.906407875453115,1,0,1,0.443310467059377,0,0,0,1,Long-Tenure Higher-Charge
1,0,0,0.865310052807093,1,1,1,1.42046994630088,0,0,0,1,Long-Tenure Higher-Charge
0,1,0,-1.27177672478607,1,0,0,0.443310467059377,1,1,0,3,Short-Tenure Higher-Charge
1,0,0,0.783114407515048,1,0,0,1.35307963738768,0,0,1,1,Long-Tenure Higher-Charge
1,0,0,1.6050708604355,1,1,0,0.140054076949945,0,0,1,1,Long-Tenure Higher-Charge
1,0,0,-0.984091966263917,1,0,0,0.140054076949945,0,0,0,3,Short-Tenure Higher-Charge
0,0,1,-1.23067890214005,1,1,1,0.140054076949945,0,0,0,3,Short-Tenure Higher-Charge
1,1,0,-1.18958107949403,1,0,1,0.308529849232963,0,0,0,3,Short-Tenure Higher-Charge
1,0,1,1.48177739249743,1,1,0,0.342225003689566,0,0,1,1,Long-Tenure Higher-Charge
0,0,1,1.39958174720538,0,0,0,-1.00558117457458,0,1,0,2,Long-Tenure Lower-Charge
1,0,0,-1.18958107949403,1,0,0,0.477005621515981,1,0,1,3,Short-Tenure Higher-Charge
1,0,0,-0.819700675679827,0,0,1,-0.668629630008542,1,0,0,0,Short-Tenure Lower-Charge
0,0,1,0.495429648992891,1,1,0,0.510700775972585,0,0,1,1,Long-Tenure Higher-Charge
1,0,0,1.44067956985141,1,0,0,1.18460386510466,0,0,0,1,Long-Tenure Higher-Charge
0,0,1,1.48177739249743,1,0,0,0.274834694776359,0,0,0,1,Long-Tenure Higher-Charge
0,0,0,1.52287521514345,0,0,1,-0.264287776529299,0,1,0,2,Long-Tenure Lower-Charge
0,0,0,-1.3128745474321,1,1,1,-1.54470364588024,1,0,0,0,Short-Tenure Lower-Charge
0,0,1,0.495429648992891,1,0,0,-1.34253271914062,0,0,1,2,Long-Tenure Lower-Charge
0,0,1,0.166647067824711,1,0,1,-1.54470364588024,0,1,0,2,Long-Tenure Lower-Charge
0,0,1,-0.942994143617895,0,0,0,-0.870800556748164,0,1,0,0,Short-Tenure Lower-Charge
0,0,1,-1.3128745474321,1,1,0,0.780262011625413,0,0,0,3,Short-Tenure Higher-Charge
1,0,1,-0.162135513343468,1,1,1,0.106358922493341,0,0,0,3,Short-Tenure Higher-Charge
1,1,1,1.6050708604355,1,0,1,1.28568932847447,0,0,0,1,Long-Tenure Higher-Charge
0,0,0,-1.27177672478607,1,1,1,0.342225003689566,1,0,0,3,Short-Tenure Higher-Charge
1,0,0,-0.367624626573581,1,0,0,-0.399068394355713,0,1,0,0,Short-Tenure Lower-Charge
0,0,0,-1.18958107949403,1,0,0,0.443310467059377,1,0,0,3,Short-Tenure Higher-Charge
1,0,0,1.6050708604355,1,0,0,-1.57839880033684,0,0,0,2,Long-Tenure Lower-Charge
0,0,0,-0.901896320971872,1,1,1,0.443310467059377,0,0,0,3,Short-Tenure Higher-Charge
0,0,1,0.454331826346868,1,0,0,-1.54470364588024,0,1,0,2,Long-Tenure Lower-Charge
1,0,1,1.19409263397527,1,0,1,-1.54470364588024,0,0,0,2,Long-Tenure Lower-Charge
1,0,1,1.52287521514345,1,0,0,-1.37622787359722,0,0,0,2,Long-Tenure Lower-Charge
0,1,0,-1.3128745474321,0,0,0,-1.37622787359722,1,0,0,0,Short-Tenure Lower-Charge
0,0,0,-1.18958107949403,1,0,0,1.35307963738768,1,0,0,3,Short-Tenure Higher-Charge
0,1,0,-1.27177672478607,1,0,0,0.679176548255603,1,1,0,3,Short-Tenure Higher-Charge
0,0,0,0.331038358408801,1,1,0,-0.331678085442506,0,0,0,2,Long-Tenure Lower-Charge
0,1,0,-1.3128745474321,1,1,0,-1.57839880033684,1,1,0,0,Short-Tenure Lower-Charge
1,1,0,1.6050708604355,1,0,1,0.611786239342395,0,0,0,1,Long-Tenure Higher-Charge
0,0,0,1.23519045662129,1,0,0,1.45416510075749,0,0,1,1,Long-Tenure Higher-Charge
1,0,0,1.44067956985141,1,1,1,0.477005621515981,0,0,1,1,Long-Tenure Higher-Charge
0,1,0,1.07079916603721,1,0,0,1.15090871064805,0,0,1,1,Long-Tenure Higher-Charge
1,1,0,0.783114407515048,0,0,1,-0.567544166638732,0,0,0,2,Long-Tenure Lower-Charge
1,1,1,-0.285428981281536,1,1,0,1.35307963738768,1,0,1,3,Short-Tenure Higher-Charge
1,0,0,1.35848392455936,0,1,1,-0.297982930985903,0,0,0,2,Long-Tenure Lower-Charge
0,1,0,0.947505698099138,1,1,1,1.01612809282164,0,0,1,1,Long-Tenure Higher-Charge
0,0,0,1.6050708604355,1,0,0,0.443310467059377,0,0,0,1,Long-Tenure Higher-Charge
1,1,0,-1.27177672478607,1,0,1,0.140054076949945,0,1,0,3,Short-Tenure Higher-Charge
1,0,0,1.44067956985141,1,0,1,1.72372633641031,0,0,0,1,Long-Tenure Higher-Charge
1,0,1,1.15299481132925,1,1,1,0.645481393798999,0,0,1,1,Long-Tenure Higher-Charge
1,0,0,-1.3128745474321,1,0,1,-1.54470364588024,0,0,0,0,Short-Tenure Lower-Charge
1,0,0,-1.27177672478607,1,0,1,-1.54470364588024,0,0,0,0,Short-Tenure Lower-Charge
0,0,0,-1.27177672478607,1,0,1,-1.54470364588024,1,1,0,0,Short-Tenure Lower-Charge
1,1,1,1.44067956985141,1,0,0,0.645481393798999,0,0,1,1,Long-Tenure Higher-Charge
1,0,0,-0.984091966263917,1,0,1,0.0726637680367373,0,0,0,3,Short-Tenure Higher-Charge
1,0,0,-0.819700675679827,1,0,1,0.578091084885792,1,0,0,3,Short-Tenure Higher-Charge
0,0,0,-0.449820271865625,1,0,1,-1.54470364588024,0,1,0,0,Short-Tenure Lower-Charge
1,0,1,1.35848392455936,1,0,0,-1.37622787359722,0,0,0,2,Long-Tenure Lower-Charge
1,0,1,-1.02518978890994,1,0,0,-1.54470364588024,0,0,0,0,Short-Tenure Lower-Charge
1,0,1,-1.27177672478607,1,0,0,0.140054076949945,0,0,1,3,Short-Tenure Higher-Charge
1,0,0,-1.23067890214005,1,0,0,-0.331678085442506,0,1,0,0,Short-Tenure Lower-Charge
1,0,0,-1.14848325684801,1,1,1,0.881347474995224,1,0,0,3,Short-Tenure Higher-Charge
1,0,0,-0.819700675679827,1,0,0,-1.54470364588024,0,0,0,0,Short-Tenure Lower-Charge
1,0,1,0.82421223016107,1,0,0,-0.0284216953330735,0,0,1,2,Long-Tenure Lower-Charge
1,0,0,-1.23067890214005,1,0,0,-1.54470364588024,0,0,1,0,Short-Tenure Lower-Charge
1,0,0,0.536527471638913,1,1,0,0.982432938365035,0,0,1,1,Long-Tenure Higher-Charge
0,0,0,0.248842713116756,0,0,1,-0.870800556748164,0,0,0,2,Long-Tenure Lower-Charge
0,0,1,-0.121037690697446,1,0,1,1.42046994630088,0,0,0,3,Short-Tenure Higher-Charge
0,0,0,-0.408722449219603,1,1,0,1.11721355619145,0,0,1,3,Short-Tenure Higher-Charge
1,0,1,0.289940535762779,1,0,0,-1.54470364588024,0,1,0,2,Long-Tenure Lower-Charge
0,0,0,0.495429648992891,1,0,0,-0.0958120042462808,0,0,0,2,Long-Tenure Lower-Charge
1,0,0,0.82421223016107,1,0,0,-1.54470364588024,0,1,0,2,Long-Tenure Lower-Charge
0,1,0,1.6050708604355,1,0,0,1.5552505641273,0,1,0,1,Long-Tenure Higher-Charge
1,0,1,-0.203233335989491,1,0,0,-1.54470364588024,0,1,0,0,Short-Tenure Lower-Charge
0,0,0,0.659820939576981,1,0,0,0.0389686135801337,0,0,0,1,Long-Tenure Higher-Charge
1,0,0,-1.3128745474321,1,1,1,0.308529849232963,1,0,0,3,Short-Tenure Higher-Charge
0,0,0,-0.53201591715767,1,1,0,0.510700775972585,0,0,1,3,Short-Tenure Higher-Charge
0,0,1,0.82421223016107,1,1,1,-0.163202313159488,0,0,1,2,Long-Tenure Lower-Charge
1,0,0,1.39958174720538,1,0,1,0.106358922493341,0,0,0,1,Long-Tenure Higher-Charge
1,0,0,-0.901896320971872,1,0,1,0.274834694776359,1,0,0,3,Short-Tenure Higher-Charge
0,0,1,0.783114407515048,1,0,0,0.679176548255603,0,0,1,1,Long-Tenure Higher-Charge
0,0,0,-1.3128745474321,1,1,0,0.847652320538621,1,0,0,3,Short-Tenure Higher-Charge
0,0,0,0.618723116930958,1,1,0,-0.331678085442506,0,0,0,2,Long-Tenure Lower-Charge
0,0,0,-1.06628761155596,1,0,0,0.308529849232963,1,0,1,3,Short-Tenure Higher-Charge
1,0,1,-1.06628761155596,1,1,1,0.173749231406548,0,0,0,3,Short-Tenure Higher-Charge
0,0,1,-0.86079849832585,1,0,1,0.611786239342395,0,0,0,3,Short-Tenure Higher-Charge
1,0,0,0.289940535762779,1,0,0,-1.37622787359722,0,0,1,2,Long-Tenure Lower-Charge
1,0,0,0.906407875453115,1,1,0,0.409615312602774,0,0,1,1,Long-Tenure Higher-Charge
0,0,0,-0.53201591715767,1,1,1,-1.54470364588024,0,0,1,0,Short-Tenure Lower-Charge
1,0,0,-1.3128745474321,0,0,0,-1.00558117457458,1,1,0,0,Short-Tenure Lower-Charge
0,0,1,1.6050708604355,1,0,1,0.611786239342395,0,0,0,1,Long-Tenure Higher-Charge
1,0,0,1.23519045662129,1,0,0,1.48786025521409,0,0,0,1,Long-Tenure Higher-Charge
0,0,0,1.52287521514345,0,0,1,-0.0284216953330735,0,0,0,2,Long-Tenure Lower-Charge
0,0,0,-1.02518978890994,1,1,0,-0.0621168497896772,0,1,0,3,Short-Tenure Higher-Charge
0,0,0,-1.3128745474321,1,0,1,-0.668629630008542,1,0,0,0,Short-Tenure Lower-Charge
1,0,0,-0.69640720774176,1,0,0,-1.54470364588024,0,0,0,0,Short-Tenure Lower-Charge
0,0,1,-0.901896320971872,0,1,1,-1.37622787359722,0,1,0,0,Short-Tenure Lower-Charge
1,0,0,-0.901896320971872,1,0,1,0.308529849232963,1,1,0,3,Short-Tenure Higher-Charge
0,0,1,0.331038358408801,1,0,1,0.74656685716881,0,0,0,1,Long-Tenure Higher-Charge
1,0,1,-0.778602853033805,1,0,0,0.342225003689566,0,0,0,3,Short-Tenure Higher-Charge
0,0,0,1.15299481132925,1,1,0,0.780262011625413,0,1,0,1,Long-Tenure Higher-Charge
0,0,0,-0.53201591715767,1,0,0,0.780262011625413,0,0,0,3,Short-Tenure Higher-Charge
0,0,0,0.577625294284936,1,0,0,1.35307963738768,1,0,1,1,Long-Tenure Higher-Charge
1,0,1,-1.27177672478607,1,1,1,-0.196897467616092,0,0,1,0,Short-Tenure Lower-Charge
1,0,1,0.331038358408801,1,1,1,-0.196897467616092,0,1,0,2,Long-Tenure Lower-Charge
0,0,0,1.6050708604355,1,0,0,-1.37622787359722,0,0,0,2,Long-Tenure Lower-Charge
0,0,1,1.6050708604355,1,0,0,0.477005621515981,0,0,0,1,Long-Tenure Higher-Charge
0,0,0,0.536527471638913,1,0,0,1.01612809282164,0,0,0,1,Long-Tenure Higher-Charge
1,0,0,-1.3128745474321,1,1,1,-1.54470364588024,1,0,0,0,Short-Tenure Lower-Charge
1,0,1,-0.162135513343468,0,1,1,-0.702324784465146,0,0,0,0,Short-Tenure Lower-Charge
0,0,0,0.166647067824711,1,0,0,1.15090871064805,0,0,1,1,Long-Tenure Higher-Charge
1,0,0,-0.573113739803693,1,1,1,-0.129507158702884,0,1,0,3,Short-Tenure Higher-Charge
0,0,1,0.659820939576981,1,1,0,0.409615312602774,0,0,1,1,Long-Tenure Higher-Charge
1,0,1,-0.819700675679827,1,1,0,-0.73601993892175,0,0,1,0,Short-Tenure Lower-Charge
0,0,0,-0.449820271865625,1,0,1,-0.533849012182128,0,0,0,0,Short-Tenure Lower-Charge
0,1,0,0.82421223016107,1,0,0,1.04982324727824,0,0,1,1,Long-Tenure Higher-Charge
1,0,0,-0.367624626573581,1,1,0,-0.533849012182128,1,0,1,0,Short-Tenure Lower-Charge
0,0,0,0.166647067824711,1,0,1,-1.54470364588024,0,0,0,2,Long-Tenure Lower-Charge
1,0,1,-1.10738543420198,1,0,0,-0.36537323989911,1,0,1,0,Short-Tenure Lower-Charge
0,0,0,-1.06628761155596,1,0,0,0.477005621515981,1,0,0,3,Short-Tenure Higher-Charge
0,0,1,-0.86079849832585,1,1,1,-1.54470364588024,1,0,0,0,Short-Tenure Lower-Charge
0,0,0,1.56397303778947,1,0,1,-1.37622787359722,0,0,0,2,Long-Tenure Lower-Charge
1,0,1,-0.285428981281536,1,1,1,0.544395930429188,0,0,0,3,Short-Tenure Higher-Charge
0,0,0,-1.10738543420198,1,1,1,-0.668629630008542,0,0,0,0,Short-Tenure Lower-Charge
1,0,0,-0.038842045405401,1,0,0,0.74656685716881,0,0,0,3,Short-Tenure Higher-Charge
0,0,0,0.577625294284936,1,0,0,-0.230592622072695,0,0,0,2,Long-Tenure Lower-Charge
0,0,1,-0.0799398680514234,1,0,0,-1.51100849142363,0,0,0,0,Short-Tenure Lower-Charge
0,0,1,0.783114407515048,1,0,0,0.611786239342395,0,0,0,1,Long-Tenure Higher-Charge
0,0,0,1.11189698868323,0,0,0,-0.163202313159488,0,0,0,2,Long-Tenure Lower-Charge
0,0,0,0.618723116930958,1,1,0,0.00527345912353,0,0,0,1,Long-Tenure Higher-Charge
1,0,0,0.495429648992891,1,1,0,-1.57839880033684,0,0,0,2,Long-Tenure Lower-Charge
0,0,0,0.248842713116756,1,0,1,0.477005621515981,1,0,0,1,Long-Tenure Higher-Charge
0,1,0,-1.3128745474321,1,1,1,0.679176548255603,1,1,0,3,Short-Tenure Higher-Charge
1,0,0,-1.3128745474321,1,0,0,0.140054076949945,1,0,0,3,Short-Tenure Higher-Charge
0,0,0,-1.10738543420198,1,0,1,0.443310467059377,1,0,0,3,Short-Tenure Higher-Charge
1,0,0,-0.984091966263917,1,0,1,0.342225003689566,0,0,0,3,Short-Tenure Higher-Charge
1,0,1,1.6050708604355,1,0,0,1.6226408730405,0,0,0,1,Long-Tenure Higher-Charge
1,1,0,1.56397303778947,0,1,1,-0.466458703268921,0,0,0,2,Long-Tenure Lower-Charge
1,0,1,1.56397303778947,1,0,0,-1.54470364588024,0,1,0,2,Long-Tenure Lower-Charge
0,0,0,1.27628827926732,1,0,1,0.982432938365035,0,1,0,1,Long-Tenure Higher-Charge
0,0,1,-0.203233335989491,1,0,1,-1.54470364588024,0,0,0,0,Short-Tenure Lower-Charge
0,0,1,1.52287521514345,1,0,0,1.65633602749711,0,0,0,1,Long-Tenure Higher-Charge
1,1,0,0.248842713116756,1,0,0,1.01612809282164,1,0,0,1,Long-Tenure Higher-Charge
0,0,1,-0.69640720774176,1,0,1,-1.54470364588024,0,0,1,0,Short-Tenure Lower-Charge
1,1,0,1.35848392455936,1,1,1,1.52155540967069,1,0,0,1,Long-Tenure Higher-Charge
0,1,0,-0.490918094511648,1,1,0,0.982432938365035,0,0,0,3,Short-Tenure Higher-Charge
0,0,0,0.454331826346868,1,0,1,0.645481393798999,1,0,0,1,Long-Tenure Higher-Charge
0,1,0,0.865310052807093,1,0,0,1.11721355619145,0,1,0,1,Long-Tenure Higher-Charge
1,0,0,-1.18958107949403,1,1,1,-0.297982930985903,0,0,0,0,Short-Tenure Lower-Charge
0,1,0,1.11189698868323,1,0,1,1.48786025521409,0,0,0,1,Long-Tenure Higher-Charge
1,0,0,-0.285428981281536,1,0,0,0.881347474995224,0,0,1,3,Short-Tenure Higher-Charge
0,0,1,-0.367624626573581,1,1,1,0.443310467059377,0,0,0,3,Short-Tenure Higher-Charge
1,0,1,0.82421223016107,1,1,0,-1.57839880033684,0,0,1,2,Long-Tenure Lower-Charge
0,0,1,0.536527471638913,1,1,1,-1.57839880033684,0,0,0,2,Long-Tenure Lower-Charge
0,0,1,0.947505698099138,1,0,0,0.780262011625413,0,0,1,1,Long-Tenure Higher-Charge
0,0,0,-1.06628761155596,1,1,1,-0.230592622072695,0,0,0,3,Short-Tenure Higher-Charge
0,0,0,-1.3128745474321,1,1,0,0.679176548255603,1,1,0,3,Short-Tenure Higher-Charge
1,0,0,-1.3128745474321,1,0,0,-0.668629630008542,0,0,0,0,Short-Tenure Lower-Charge
1,0,0,1.11189698868323,1,0,1,-1.54470364588024,0,0,0,2,Long-Tenure Lower-Charge
1,0,0,1.15299481132925,1,1,1,-1.51100849142363,0,0,1,2,Long-Tenure Lower-Charge
0,0,0,0.372136181054823,0,0,1,-1.07297148348779,1,0,0,2,Long-Tenure Lower-Charge
1,0,0,-0.244331158635513,1,0,1,-1.54470364588024,0,0,0,0,Short-Tenure Lower-Charge
0,0,1,-0.984091966263917,1,1,1,0.645481393798999,1,1,0,3,Short-Tenure Higher-Charge
0,0,0,1.6050708604355,1,0,0,-1.54470364588024,0,0,1,2,Long-Tenure Lower-Charge
0,0,0,-0.408722449219603,1,0,0,-1.54470364588024,0,1,0,0,Short-Tenure Lower-Charge
0,1,0,0.577625294284936,1,0,1,0.982432938365035,1,0,0,1,Long-Tenure Higher-Charge
0,1,0,0.865310052807093,1,1,1,-1.57839880033684,0,0,0,2,Long-Tenure Lower-Charge
1,1,0,-1.27177672478607,1,1,0,1.01612809282164,0,1,0,3,Short-Tenure Higher-Charge
1,0,0,0.207744890470734,0,0,0,-0.196897467616092,0,0,1,2,Long-Tenure Lower-Charge
0,1,0,0.577625294284936,1,0,0,1.15090871064805,0,0,0,1,Long-Tenure Higher-Charge
1,0,0,-0.449820271865625,1,0,0,-0.331678085442506,0,1,0,0,Short-Tenure Lower-Charge
1,0,0,-1.27177672478607,1,0,0,0.847652320538621,0,0,1,3,Short-Tenure Higher-Charge
0,0,1,1.6050708604355,1,1,1,0.443310467059377,0,0,0,1,Long-Tenure Higher-Charge
1,1,0,1.02970134339118,0,0,1,-0.702324784465146,1,0,0,2,Long-Tenure Lower-Charge
1,0,1,1.48177739249743,1,0,1,0.443310467059377,0,0,0,1,Long-Tenure Higher-Charge
1,0,0,-0.614211562449715,1,0,0,0.140054076949945,0,0,0,3,Short-Tenure Higher-Charge
0,0,1,0.906407875453115,1,1,1,-1.54470364588024,0,0,0,2,Long-Tenure Lower-Charge
0,0,0,0.536527471638913,1,0,0,1.18460386510466,0,0,1,1,Long-Tenure Higher-Charge
1,0,0,-1.14848325684801,1,0,0,-1.57839880033684,0,1,0,0,Short-Tenure Lower-Charge
0,0,0,-1.18958107949403,0,1,1,-1.07297148348779,1,1,0,0,Short-Tenure Lower-Charge
1,1,0,-1.14848325684801,1,1,1,0.813957166082017,1,0,0,3,Short-Tenure Higher-Charge
0,0,1,1.31738610191334,1,1,1,-0.163202313159488,0,0,0,2,Long-Tenure Lower-Charge
1,0,0,0.0844514225326663,1,1,0,-1.51100849142363,0,1,0,2,Long-Tenure Lower-Charge
0,1,0,0.495429648992891,1,1,1,1.04982324727824,0,0,1,1,Long-Tenure Higher-Charge
0,0,0,-1.27177672478607,1,1,0,-1.54470364588024,0,0,1,0,Short-Tenure Lower-Charge
0,0,1,-0.449820271865625,1,0,1,0.477005621515981,0,0,0,3,Short-Tenure Higher-Charge
1,0,1,1.52287521514345,1,1,1,0.106358922493341,0,0,0,1,Long-Tenure Higher-Charge
0,0,1,-0.121037690697446,1,0,0,0.00527345912353,0,0,0,3,Short-Tenure Higher-Charge
1,0,0,1.15299481132925,1,1,0,1.42046994630088,0,0,1,1,Long-Tenure Higher-Charge
0,0,0,-0.162135513343468,1,1,0,-1.54470364588024,0,0,0,0,Short-Tenure Lower-Charge
1,0,0,1.15299481132925,1,0,0,1.35307963738768,1,1,0,1,Long-Tenure Higher-Charge
1,0,1,-0.326526803927558,1,0,0,0.813957166082017,1,1,0,3,Short-Tenure Higher-Charge
1,0,0,1.56397303778947,1,1,1,1.5889457185839,0,0,0,1,Long-Tenure Higher-Charge
0,0,0,-1.3128745474321,0,0,1,-1.03927632903118,0,0,0,0,Short-Tenure Lower-Charge
0,0,1,1.19409263397527,1,0,0,0.140054076949945,0,0,1,1,Long-Tenure Higher-Charge
1,0,0,1.27628827926732,1,0,0,0.274834694776359,0,0,0,1,Long-Tenure Higher-Charge
0,0,1,1.27628827926732,1,0,1,0.847652320538621,0,1,0,1,Long-Tenure Higher-Charge
1,1,0,-0.162135513343468,1,1,0,0.611786239342395,0,0,1,3,Short-Tenure Higher-Charge
0,0,0,-1.27177672478607,1,0,0,0.173749231406548,1,1,0,3,Short-Tenure Higher-Charge
1,0,0,-1.3128745474321,1,1,1,-0.500153857725524,1,0,0,0,Short-Tenure Lower-Charge
0,0,1,0.495429648992891,1,0,0,-1.37622787359722,0,0,0,2,Long-Tenure Lower-Charge
1,0,0,1.35848392455936,1,0,1,1.6226408730405,0,0,0,1,Long-Tenure Higher-Charge
0,0,0,0.865310052807093,1,1,0,1.38677479184428,1,0,0,1,Long-Tenure Higher-Charge
0,0,1,1.52287521514345,1,1,1,0.477005621515981,0,0,1,1,Long-Tenure Higher-Charge
1,1,0,0.166647067824711,1,0,0,0.881347474995224,1,0,0,3,Short-Tenure Higher-Charge
1,1,0,-1.23067890214005,1,1,1,0.477005621515981,1,1,0,3,Short-Tenure Higher-Charge
1,0,1,-0.408722449219603,1,0,0,-0.36537323989911,0,0,0,0,Short-Tenure Lower-Charge
0,1,0,1.11189698868323,1,0,1,1.15090871064805,0,0,1,1,Long-Tenure Higher-Charge
0,0,0,0.0844514225326663,0,0,0,-1.10666663794439,0,1,0,2,Long-Tenure Lower-Charge
0,0,1,-0.244331158635513,1,0,0,0.274834694776359,0,0,1,3,Short-Tenure Higher-Charge
0,0,1,-0.367624626573581,0,0,1,-0.466458703268921,0,0,0,0,Short-Tenure Lower-Charge
0,1,0,-1.27177672478607,1,0,1,0.948737783908432,1,0,0,3,Short-Tenure Higher-Charge
1,0,0,1.39958174720538,1,0,0,0.847652320538621,1,0,0,1,Long-Tenure Higher-Charge
1,0,0,-1.27177672478607,1,0,0,-0.601239321095335,1,0,0,0,Short-Tenure Lower-Charge
0,0,0,-1.3128745474321,1,1,1,-1.54470364588024,1,1,0,0,Short-Tenure Lower-Charge
0,0,1,-1.3128745474321,1,1,1,0.443310467059377,1,0,1,3,Short-Tenure Higher-Charge
0,0,0,-0.778602853033805,1,0,0,-0.399068394355713,0,1,0,0,Short-Tenure Lower-Charge
1,1,0,0.207744890470734,1,1,1,0.982432938365035,0,0,0,1,Long-Tenure Higher-Charge
0,0,0,-1.3128745474321,1,0,0,0.140054076949945,1,0,1,3,Short-Tenure Higher-Charge
0,0,0,-1.27177672478607,1,1,1,0.140054076949945,0,1,0,3,Short-Tenure Higher-Charge
0,0,0,-0.86079849832585,1,0,1,0.443310467059377,1,0,0,3,Short-Tenure Higher-Charge
1,0,1,-0.0799398680514234,1,1,0,1.08351840173485,0,1,0,3,Short-Tenure Higher-Charge
1,0,1,0.0844514225326663,1,0,0,0.207444385863152,0,0,0,3,Short-Tenure Higher-Charge
1,1,0,1.6050708604355,1,1,1,1.48786025521409,0,0,0,1,Long-Tenure Higher-Charge
0,0,1,-1.02518978890994,1,1,0,0.948737783908432,1,0,1,3,Short-Tenure Higher-Charge
1,0,0,-0.942994143617895,1,1,1,1.08351840173485,1,1,0,3,Short-Tenure Higher-Charge
0,1,0,-1.14848325684801,1,0,1,0.106358922493341,1,1,0,3,Short-Tenure Higher-Charge
1,0,1,1.23519045662129,1,0,0,0.611786239342395,0,0,0,1,Long-Tenure Higher-Charge
0,0,0,1.56397303778947,1,0,0,-1.34253271914062,0,0,1,2,Long-Tenure Lower-Charge
0,1,0,0.536527471638913,1,1,1,1.28568932847447,0,0,0,1,Long-Tenure Higher-Charge
0,0,1,0.783114407515048,1,1,1,-1.44361818251043,0,0,1,2,Long-Tenure Lower-Charge
1,0,0,-1.3128745474321,1,0,0,-0.668629630008542,1,0,0,0,Short-Tenure Lower-Charge
1,0,0,-1.3128745474321,1,1,1,0.477005621515981,1,0,0,3,Short-Tenure Higher-Charge
0,0,0,1.6050708604355,1,0,0,1.5889457185839,0,1,0,1,Long-Tenure Higher-Charge
0,0,0,-1.23067890214005,1,1,1,0.611786239342395,1,0,0,3,Short-Tenure Higher-Charge
1,0,0,-0.203233335989491,1,0,0,-0.163202313159488,0,0,0,3,Short-Tenure Higher-Charge
0,0,1,0.248842713116756,1,1,1,-0.500153857725524,0,0,0,2,Long-Tenure Lower-Charge
0,0,0,0.0022557772406214,1,1,0,-1.34253271914062,0,0,0,0,Short-Tenure Lower-Charge
0,0,0,-0.86079849832585,0,0,0,-0.163202313159488,0,0,0,3,Short-Tenure Higher-Charge
1,0,1,-1.3128745474321,1,0,0,0.274834694776359,1,0,0,3,Short-Tenure Higher-Charge
1,0,0,-1.10738543420198,1,1,1,0.443310467059377,0,0,0,3,Short-Tenure Higher-Charge
1,0,0,-1.23067890214005,1,1,0,0.679176548255603,0,0,1,3,Short-Tenure Higher-Charge
1,0,0,-1.18958107949403,1,1,1,0.74656685716881,1,0,0,3,Short-Tenure Higher-Charge
1,0,1,0.0433535998866439,1,0,1,0.813957166082017,0,0,0,3,Short-Tenure Higher-Charge
0,1,0,-0.737505030387783,1,0,0,1.01612809282164,1,1,0,3,Short-Tenure Higher-Charge
1,0,1,-1.3128745474321,0,0,0,-1.37622787359722,1,1,0,0,Short-Tenure Lower-Charge
0,0,0,-1.23067890214005,1,0,0,-0.500153857725524,1,1,0,0,Short-Tenure Lower-Charge
0,0,0,-1.23067890214005,1,0,0,-1.54470364588024,0,1,0,0,Short-Tenure Lower-Charge
0,0,1,-0.121037690697446,1,0,0,0.510700775972585,0,0,1,3,Short-Tenure Higher-Charge
0,0,0,-1.14848325684801,1,0,0,-0.399068394355713,1,0,1,0,Short-Tenure Lower-Charge
1,1,0,1.44067956985141,1,1,1,-1.54470364588024,0,1,0,2,Long-Tenure Lower-Charge
0,0,0,-1.3128745474321,1,0,1,-1.54470364588024,0,0,0,0,Short-Tenure Lower-Charge
0,0,0,-1.14848325684801,1,0,0,0.477005621515981,1,0,0,3,Short-Tenure Higher-Charge
0,0,0,-1.3128745474321,1,0,0,0.173749231406548,1,0,0,3,Short-Tenure Higher-Charge
1,0,1,-0.819700675679827,1,1,1,-1.54470364588024,0,0,0,0,Short-Tenure Lower-Charge
0,0,0,0.0844514225326663,1,1,0,0.477005621515981,0,1,0,3,Short-Tenure Higher-Charge
1,0,1,-1.18958107949403,1,1,1,0.140054076949945,0,0,0,3,Short-Tenure Higher-Charge
1,0,0,-0.984091966263917,0,1,1,-1.37622787359722,0,0,0,0,Short-Tenure Lower-Charge
0,1,0,0.495429648992891,1,0,1,0.679176548255603,0,0,0,1,Long-Tenure Higher-Charge
0,0,0,-0.490918094511648,0,0,1,-1.27514241022741,0,0,0,0,Short-Tenure Lower-Charge
0,0,0,-0.285428981281536,1,1,1,0.780262011625413,1,0,1,3,Short-Tenure Higher-Charge
0,0,0,-1.3128745474321,1,1,0,0.645481393798999,1,0,1,3,Short-Tenure Higher-Charge
0,1,0,-1.27177672478607,1,0,1,0.780262011625413,1,0,0,3,Short-Tenure Higher-Charge
0,0,0,-0.901896320971872,1,0,1,0.140054076949945,0,0,0,3,Short-Tenure Higher-Charge
0,0,0,1.07079916603721,1,1,0,1.45416510075749,0,0,0,1,Long-Tenure Higher-Charge
0,0,0,-0.0799398680514234,1,0,1,0.611786239342395,0,0,0,3,Short-Tenure Higher-Charge
0,0,1,0.865310052807093,1,1,1,-1.37622787359722,0,1,0,2,Long-Tenure Lower-Charge
0,0,1,-0.69640720774176,1,1,0,-1.57839880033684,0,1,0,0,Short-Tenure Lower-Charge
1,1,0,-0.984091966263917,1,0,0,-0.36537323989911,1,0,0,3,Short-Tenure Higher-Charge
0,0,0,-0.490918094511648,1,1,0,1.04982324727824,1,0,0,3,Short-Tenure Higher-Charge
1,0,0,-1.3128745474321,1,1,1,-1.51100849142363,0,1,0,0,Short-Tenure Lower-Charge
0,0,0,-0.408722449219603,1,1,1,-0.399068394355713,0,0,0,0,Short-Tenure Lower-Charge
1,1,0,-1.06628761155596,1,1,1,0.274834694776359,1,0,0,3,Short-Tenure Higher-Charge
1,0,0,-0.490918094511648,1,1,0,1.28568932847447,0,1,0,3,Short-Tenure Higher-Charge
0,0,0,1.31738610191334,1,0,0,1.42046994630088,0,0,0,1,Long-Tenure Higher-Charge
1,0,0,-1.18958107949403,0,0,0,-0.702324784465146,1,0,1,0,Short-Tenure Lower-Charge
1,0,1,1.6050708604355,1,0,0,1.5552505641273,0,0,0,1,Long-Tenure Higher-Charge
1,1,0,1.44067956985141,0,0,0,-0.803410247834957,0,0,0,2,Long-Tenure Lower-Charge
0,0,1,1.39958174720538,1,0,0,0.645481393798999,0,0,1,1,Long-Tenure Higher-Charge
1,0,0,-1.3128745474321,1,0,0,0.443310467059377,1,0,0,3,Short-Tenure Higher-Charge
0,0,0,1.48177739249743,1,0,0,1.01612809282164,0,1,0,1,Long-Tenure Higher-Charge
1,0,0,1.11189698868323,1,1,1,0.813957166082017,0,0,1,1,Long-Tenure Higher-Charge
1,0,0,-1.23067890214005,1,1,1,0.74656685716881,1,0,0,3,Short-Tenure Higher-Charge
1,0,1,1.23519045662129,0,0,0,-0.230592622072695,0,0,0,2,Long-Tenure Lower-Charge
1,0,1,1.56397303778947,1,1,1,0.847652320538621,0,0,0,1,Long-Tenure Higher-Charge
0,0,0,0.0844514225326663,1,1,1,0.679176548255603,1,0,0,3,Short-Tenure Higher-Charge
0,0,0,0.0433535998866439,1,1,1,0.140054076949945,1,1,0,3,Short-Tenure Higher-Charge
1,0,1,0.82421223016107,1,1,0,0.140054076949945,0,0,0,1,Long-Tenure Higher-Charge
1,0,0,-0.655309385095738,0,0,1,-1.07297148348779,0,0,0,0,Short-Tenure Lower-Charge
0,0,1,-1.3128745474321,1,1,1,-0.196897467616092,1,0,0,0,Short-Tenure Lower-Charge
1,0,0,0.947505698099138,1,0,1,0.510700775972585,0,0,0,1,Long-Tenure Higher-Charge
1,0,1,-1.06628761155596,1,1,0,-0.533849012182128,1,0,1,0,Short-Tenure Lower-Charge
1,0,0,1.39958174720538,1,0,1,1.52155540967069,0,0,0,1,Long-Tenure Higher-Charge
1,0,0,-0.901896320971872,1,0,1,-0.163202313159488,0,0,1,3,Short-Tenure Higher-Charge
1,0,1,-1.3128745474321,1,1,0,-1.54470364588024,0,1,0,0,Short-Tenure Lower-Charge
1,0,0,-1.27177672478607,1,0,0,-1.37622787359722,0,0,0,0,Short-Tenure Lower-Charge
0,0,0,1.48177739249743,1,0,0,1.31938448293107,0,0,0,1,Long-Tenure Higher-Charge
1,0,0,-1.3128745474321,1,0,1,0.477005621515981,1,0,0,3,Short-Tenure Higher-Charge
0,0,0,-0.490918094511648,1,1,0,0.813957166082017,0,0,1,3,Short-Tenure Higher-Charge
1,1,0,1.6050708604355,1,1,1,1.04982324727824,0,0,0,1,Long-Tenure Higher-Charge
0,1,0,-1.27177672478607,1,0,1,0.611786239342395,0,1,0,3,Short-Tenure Higher-Charge
1,0,0,0.98860352074516,1,0,0,-1.51100849142363,0,0,1,2,Long-Tenure Lower-Charge
1,0,0,-1.3128745474321,1,0,0,0.813957166082017,1,0,0,3,Short-Tenure Higher-Charge
1,0,0,-1.18958107949403,1,1,1,0.510700775972585,1,0,0,3,Short-Tenure Higher-Charge
0,0,0,-1.27177672478607,1,0,0,-1.57839880033684,0,0,0,0,Short-Tenure Lower-Charge
0,0,0,-0.984091966263917,1,0,0,0.37592015814617,0,0,0,3,Short-Tenure Higher-Charge
0,0,0,1.56397303778947,1,1,1,1.52155540967069,0,0,0,1,Long-Tenure Higher-Charge
0,0,1,-0.819700675679827,1,1,1,-1.57839880033684,0,0,0,0,Short-Tenure Lower-Charge
1,0,1,0.700918762223003,1,1,1,-0.702324784465146,0,0,1,2,Long-Tenure Lower-Charge
1,1,0,-0.942994143617895,1,0,0,0.813957166082017,1,0,1,3,Short-Tenure Higher-Charge
1,1,0,1.27628827926732,1,1,1,0.948737783908432,0,0,1,1,Long-Tenure Higher-Charge
0,0,1,-1.3128745474321,1,1,1,0.140054076949945,1,1,0,3,Short-Tenure Higher-Charge
1,0,0,-1.27177672478607,0,0,0,-1.37622787359722,0,0,1,0,Short-Tenure Lower-Charge
0,0,0,-0.121037690697446,1,0,0,1.48786025521409,0,0,0,3,Short-Tenure Higher-Charge
1,0,0,-1.06628761155596,1,0,0,0.813957166082017,1,1,0,3,Short-Tenure Higher-Charge
1,0,0,-0.285428981281536,1,0,0,-1.57839880033684,0,0,0,0,Short-Tenure Lower-Charge
1,0,0,-0.53201591715767,1,0,0,-0.533849012182128,0,0,0,0,Short-Tenure Lower-Charge
0,0,0,1.6050708604355,1,0,0,-1.34253271914062,0,0,0,2,Long-Tenure Lower-Charge
0,0,1,-0.819700675679827,1,0,1,-0.331678085442506,1,0,0,0,Short-Tenure Lower-Charge
1,0,0,1.52287521514345,1,1,1,0.645481393798999,0,0,0,1,Long-Tenure Higher-Charge
1,0,0,-1.23067890214005,0,0,0,-1.2077521013142,0,0,0,0,Short-Tenure Lower-Charge
1,0,0,-1.27177672478607,1,0,0,0.342225003689566,1,0,0,3,Short-Tenure Higher-Charge
0,1,0,1.6050708604355,1,0,1,1.69003118195371,0,0,0,1,Long-Tenure Higher-Charge
1,1,0,0.0022557772406214,1,0,1,0.611786239342395,1,0,0,3,Short-Tenure Higher-Charge
1,1,0,-0.737505030387783,1,0,0,0.274834694776359,1,0,1,3,Short-Tenure Higher-Charge
1,0,0,-1.3128745474321,0,0,0,-1.2414472557708,0,0,0,0,Short-Tenure Lower-Charge
1,1,0,0.906407875453115,1,0,1,1.11721355619145,1,0,0,1,Long-Tenure Higher-Charge
1,0,1,-1.14848325684801,1,1,1,-0.0621168497896772,0,1,0,3,Short-Tenure Higher-Charge
1,0,0,-1.23067890214005,1,0,1,0.477005621515981,1,0,0,3,Short-Tenure Higher-Charge
0,0,0,1.31738610191334,1,1,1,0.813957166082017,0,0,1,1,Long-Tenure Higher-Charge
1,0,1,0.248842713116756,1,1,1,-0.196897467616092,0,0,0,2,Long-Tenure Lower-Charge
1,0,0,1.52287521514345,1,1,0,-1.37622787359722,0,0,1,2,Long-Tenure Lower-Charge
1,0,0,0.0433535998866439,1,0,0,1.69003118195371,0,0,1,1,Long-Tenure Higher-Charge
1,0,0,-0.121037690697446,1,1,1,-0.533849012182128,0,0,0,0,Short-Tenure Lower-Charge
0,0,0,-0.86079849832585,0,1,1,-0.533849012182128,0,0,1,0,Short-Tenure Lower-Charge
1,0,1,-0.984091966263917,1,0,0,-1.54470364588024,0,0,0,0,Short-Tenure Lower-Charge
0,0,0,0.659820939576981,0,0,1,-0.331678085442506,0,0,0,2,Long-Tenure Lower-Charge
0,0,0,-1.06628761155596,1,1,0,-0.73601993892175,0,1,0,0,Short-Tenure Lower-Charge
0,1,0,0.207744890470734,1,0,0,0.578091084885792,0,0,0,3,Short-Tenure Higher-Charge
1,0,0,1.23519045662129,1,0,0,1.45416510075749,0,1,0,1,Long-Tenure Higher-Charge
1,1,0,-1.3128745474321,1,0,0,0.207444385863152,1,0,0,3,Short-Tenure Higher-Charge
1,0,0,-0.121037690697446,1,0,0,0.813957166082017,0,0,1,3,Short-Tenure Higher-Charge
0,0,0,-0.408722449219603,1,0,0,0.274834694776359,0,0,0,3,Short-Tenure Higher-Charge
0,0,0,0.98860352074516,1,1,1,0.140054076949945,0,0,0,1,Long-Tenure Higher-Charge
0,1,0,1.52287521514345,1,1,1,0.342225003689566,0,1,0,1,Long-Tenure Higher-Charge
1,0,1,1.56397303778947,1,1,1,1.38677479184428,0,0,1,1,Long-Tenure Higher-Charge
1,0,1,-0.53201591715767,1,1,0,-0.533849012182128,0,1,0,0,Short-Tenure Lower-Charge
0,0,1,1.6050708604355,1,0,1,-1.37622787359722,0,0,0,2,Long-Tenure Lower-Charge
1,0,0,-0.449820271865625,1,1,0,0.140054076949945,0,0,1,3,Short-Tenure Higher-Charge
1,0,0,-0.737505030387783,1,1,1,-1.34253271914062,0,0,0,0,Short-Tenure Lower-Charge
0,0,0,-0.984091966263917,0,1,1,-0.567544166638732,1,0,0,0,Short-Tenure Lower-Charge
0,0,0,0.207744890470734,1,0,1,1.31938448293107,1,0,0,1,Long-Tenure Higher-Charge
1,1,0,-1.06628761155596,0,1,1,-1.2077521013142,0,0,0,0,Short-Tenure Lower-Charge
0,0,0,-0.285428981281536,1,0,0,0.241139540319755,0,0,0,3,Short-Tenure Higher-Charge
0,0,0,0.947505698099138,1,0,1,-0.196897467616092,0,1,0,2,Long-Tenure Lower-Charge
0,0,0,0.659820939576981,1,1,1,-1.54470364588024,0,0,0,2,Long-Tenure Lower-Charge
0,0,0,-1.23067890214005,1,1,1,0.140054076949945,0,0,0,3,Short-Tenure Higher-Charge
1,1,0,-1.3128745474321,1,1,1,0.274834694776359,1,0,0,3,Short-Tenure Higher-Charge
0,1,0,1.52287521514345,1,1,1,-1.54470364588024,0,0,0,2,Long-Tenure Lower-Charge
0,0,0,-0.408722449219603,1,1,1,-0.331678085442506,0,0,0,3,Short-Tenure Higher-Charge
0,0,0,1.31738610191334,1,0,0,-0.196897467616092,0,1,0,2,Long-Tenure Lower-Charge
1,1,0,1.48177739249743,1,0,1,1.42046994630088,1,0,0,1,Long-Tenure Higher-Charge
0,0,0,-1.3128745474321,1,0,1,-0.36537323989911,1,0,0,0,Short-Tenure Lower-Charge
1,0,0,-0.367624626573581,1,0,0,0.813957166082017,1,0,0,3,Short-Tenure Higher-Charge
0,0,0,-0.326526803927558,1,1,1,0.982432938365035,0,1,0,3,Short-Tenure Higher-Charge
0,0,0,-0.655309385095738,1,1,0,-1.54470364588024,0,0,0,0,Short-Tenure Lower-Charge
1,0,0,-0.038842045405401,1,1,1,0.140054076949945,0,0,0,3,Short-Tenure Higher-Charge
1,0,1,1.44067956985141,1,1,1,-1.54470364588024,0,0,0,2,Long-Tenure Lower-Charge
0,0,1,1.52287521514345,1,1,1,-1.54470364588024,0,0,0,2,Long-Tenure Lower-Charge
1,0,1,0.865310052807093,1,0,1,1.31938448293107,0,1,0,1,Long-Tenure Higher-Charge
0,0,0,-0.737505030387783,1,1,1,-1.57839880033684,1,0,1,0,Short-Tenure Lower-Charge
1,0,1,1.56397303778947,1,1,1,0.0389686135801337,0,1,0,1,Long-Tenure Higher-Charge
1,0,0,1.52287521514345,1,0,0,-1.54470364588024,0,0,1,2,Long-Tenure Lower-Charge
0,1,0,0.82421223016107,1,1,1,1.01612809282164,0,0,1,1,Long-Tenure Higher-Charge
0,0,0,-1.27177672478607,1,0,0,0.477005621515981,0,0,1,3,Short-Tenure Higher-Charge
0,1,0,1.07079916603721,1,0,0,0.443310467059377,0,0,1,1,Long-Tenure Higher-Charge
0,0,0,-0.449820271865625,1,0,1,0.611786239342395,0,0,0,3,Short-Tenure Higher-Charge
0,0,1,-0.449820271865625,1,1,1,0.342225003689566,0,1,0,3,Short-Tenure Higher-Charge
0,0,0,0.98860352074516,0,1,1,-0.533849012182128,0,0,0,2,Long-Tenure Lower-Charge
0,0,0,-1.3128745474321,1,1,1,0.173749231406548,1,0,0,3,Short-Tenure Higher-Charge
0,0,1,-0.942994143617895,1,1,1,1.21829901956126,1,0,0,3,Short-Tenure Higher-Charge
0,1,0,0.906407875453115,1,0,0,-0.466458703268921,0,1,0,2,Long-Tenure Lower-Charge
0,0,1,0.413234003700846,1,0,1,-1.40992302805382,0,1,0,2,Long-Tenure Lower-Charge
0,1,0,-0.614211562449715,0,0,0,-0.601239321095335,1,0,1,0,Short-Tenure Lower-Charge
0,0,1,-1.27177672478607,1,1,1,0.510700775972585,0,0,1,3,Short-Tenure Higher-Charge
0,0,1,0.783114407515048,1,1,0,-1.37622787359722,0,0,0,2,Long-Tenure Lower-Charge
1,0,0,1.11189698868323,1,0,0,-0.163202313159488,0,0,0,2,Long-Tenure Lower-Charge
0,0,0,1.07079916603721,1,1,1,0.578091084885792,0,0,0,1,Long-Tenure Higher-Charge
0,0,0,1.48177739249743,1,0,0,1.28568932847447,0,0,0,1,Long-Tenure Higher-Charge
1,0,0,-0.778602853033805,1,0,1,1.18460386510466,1,1,0,3,Short-Tenure Higher-Charge
0,0,1,0.413234003700846,0,0,1,-0.196897467616092,0,0,0,2,Long-Tenure Lower-Charge
0,0,1,-0.86079849832585,1,1,1,-1.57839880033684,0,1,0,0,Short-Tenure Lower-Charge
0,0,1,-1.02518978890994,1,1,1,-1.54470364588024,0,1,0,0,Short-Tenure Lower-Charge
0,0,1,-1.23067890214005,1,0,0,0.106358922493341,0,0,0,3,Short-Tenure Higher-Charge
1,0,1,1.02970134339118,1,1,1,1.31938448293107,0,0,1,1,Long-Tenure Higher-Charge
0,0,1,-0.819700675679827,1,1,1,-0.0958120042462808,0,0,1,3,Short-Tenure Higher-Charge
1,0,0,-0.408722449219603,1,0,0,-1.54470364588024,0,0,1,0,Short-Tenure Lower-Charge
0,0,0,-0.655309385095738,1,1,0,0.443310467059377,0,0,1,3,Short-Tenure Higher-Charge
1,0,0,0.783114407515048,1,1,1,1.45416510075749,0,0,0,1,Long-Tenure Higher-Charge
1,0,0,-0.038842045405401,1,1,0,0.443310467059377,1,1,0,3,Short-Tenure Higher-Charge
0,0,0,0.125549245178689,0,0,0,-1.03927632903118,0,0,0,2,Long-Tenure Lower-Charge
1,1,0,1.39958174720538,1,0,0,-1.37622787359722,0,1,0,2,Long-Tenure Lower-Charge
1,1,1,-0.162135513343468,1,0,1,1.28568932847447,0,0,0,3,Short-Tenure Higher-Charge
0,0,0,1.31738610191334,1,0,0,1.52155540967069,0,0,0,1,Long-Tenure Higher-Charge
1,1,0,0.331038358408801,1,1,1,0.611786239342395,1,1,0,1,Long-Tenure Higher-Charge
1,0,1,1.11189698868323,1,1,0,0.00527345912353,0,0,0,1,Long-Tenure Higher-Charge
0,0,0,0.82421223016107,1,0,0,-1.54470364588024,0,0,0,2,Long-Tenure Lower-Charge
0,0,0,1.44067956985141,1,1,1,-1.37622787359722,0,0,1,2,Long-Tenure Lower-Charge
1,1,0,-1.27177672478607,1,0,0,0.308529849232963,1,0,0,3,Short-Tenure Higher-Charge
1,0,1,1.15299481132925,0,0,0,-1.07297148348779,0,0,1,2,Long-Tenure Lower-Charge
1,0,1,0.331038358408801,1,0,1,-1.54470364588024,0,1,0,2,Long-Tenure Lower-Charge
1,1,0,1.48177739249743,1,1,0,0.274834694776359,0,0,1,1,Long-Tenure Higher-Charge
1,1,1,0.0844514225326663,1,1,1,0.342225003689566,0,0,0,3,Short-Tenure Higher-Charge
1,0,0,-1.06628761155596,1,0,0,-0.500153857725524,1,1,0,0,Short-Tenure Lower-Charge
0,1,0,0.700918762223003,1,0,0,-1.37622787359722,0,0,1,2,Long-Tenure Lower-Charge
1,0,1,0.125549245178689,1,1,0,-0.0621168497896772,0,0,1,3,Short-Tenure Higher-Charge
0,0,0,0.618723116930958,1,0,0,1.15090871064805,0,1,0,1,Long-Tenure Higher-Charge
0,0,0,1.56397303778947,1,1,1,0.544395930429188,0,1,0,1,Long-Tenure Higher-Charge
1,1,0,1.31738610191334,1,1,1,1.45416510075749,0,0,0,1,Long-Tenure Higher-Charge
0,0,0,-0.408722449219603,1,0,0,0.948737783908432,0,0,1,3,Short-Tenure Higher-Charge
0,1,0,1.35848392455936,1,1,1,-0.0621168497896772,0,1,0,1,Long-Tenure Higher-Charge
0,0,1,-1.14848325684801,0,0,1,-1.37622787359722,0,0,0,0,Short-Tenure Lower-Charge
1,1,0,1.6050708604355,1,1,1,1.5889457185839,0,0,0,1,Long-Tenure Higher-Charge
0,0,0,-1.27177672478607,1,0,0,-1.54470364588024,0,0,0,0,Short-Tenure Lower-Charge
0,0,0,-0.86079849832585,1,0,0,-1.57839880033684,0,0,0,0,Short-Tenure Lower-Charge
1,0,1,-1.23067890214005,1,0,1,0.881347474995224,1,0,0,3,Short-Tenure Higher-Charge
1,0,0,1.6050708604355,1,1,1,0.780262011625413,0,0,0,1,Long-Tenure Higher-Charge
1,1,0,-0.614211562449715,1,0,0,-0.230592622072695,0,0,0,3,Short-Tenure Higher-Charge
1,0,0,0.248842713116756,1,0,0,-0.399068394355713,0,0,0,2,Long-Tenure Lower-Charge
0,1,0,-0.285428981281536,1,1,1,0.679176548255603,0,0,0,3,Short-Tenure Higher-Charge
0,0,0,1.6050708604355,1,0,0,-0.0284216953330735,0,0,1,1,Long-Tenure Higher-Charge
1,0,0,-1.23067890214005,1,0,0,-1.40992302805382,0,1,0,0,Short-Tenure Lower-Charge
1,0,0,-1.3128745474321,1,1,1,-0.196897467616092,1,0,1,3,Short-Tenure Higher-Charge
0,0,1,0.0433535998866439,1,1,0,0.712871702712206,1,0,1,3,Short-Tenure Higher-Charge
0,0,0,-0.901896320971872,1,1,1,0.342225003689566,0,0,1,3,Short-Tenure Higher-Charge
1,0,0,1.35848392455936,1,1,0,-1.54470364588024,0,1,0,2,Long-Tenure Lower-Charge
0,0,0,-1.27177672478607,1,1,0,0.510700775972585,1,0,1,3,Short-Tenure Higher-Charge
0,0,0,-1.02518978890994,1,0,1,0.00527345912353,0,0,0,3,Short-Tenure Higher-Charge
0,0,0,0.0022557772406214,1,0,0,0.140054076949945,0,0,0,3,Short-Tenure Higher-Charge
0,0,0,1.6050708604355,1,1,0,-1.34253271914062,0,0,0,2,Long-Tenure Lower-Charge
0,0,0,1.02970134339118,1,0,0,-0.196897467616092,0,0,1,2,Long-Tenure Lower-Charge
1,0,1,-0.121037690697446,1,1,0,0.611786239342395,0,0,0,3,Short-Tenure Higher-Charge
1,0,0,-1.14848325684801,0,1,1,-1.37622787359722,1,1,0,0,Short-Tenure Lower-Charge
0,1,1,0.536527471638913,1,0,0,1.48786025521409,0,0,1,1,Long-Tenure Higher-Charge
1,0,0,-1.18958107949403,1,0,1,0.140054076949945,0,0,0,3,Short-Tenure Higher-Charge
0,0,0,0.289940535762779,1,0,0,-0.0284216953330735,0,1,0,3,Short-Tenure Higher-Charge
1,0,0,1.6050708604355,1,1,1,0.611786239342395,0,1,0,1,Long-Tenure Higher-Charge
1,0,1,0.659820939576981,1,1,1,1.15090871064805,1,0,1,1,Long-Tenure Higher-Charge
0,0,0,-1.3128745474321,1,1,1,-0.36537323989911,1,1,0,0,Short-Tenure Lower-Charge
1,0,0,0.783114407515048,1,1,0,0.645481393798999,1,0,1,1,Long-Tenure Higher-Charge
0,0,1,1.6050708604355,1,0,0,-1.54470364588024,0,0,1,2,Long-Tenure Lower-Charge
0,1,1,-0.203233335989491,0,0,0,-0.904495711204768,0,1,0,0,Short-Tenure Lower-Charge
1,0,0,0.0022557772406214,1,1,1,0.847652320538621,0,0,1,3,Short-Tenure Higher-Charge
0,0,1,-0.942994143617895,1,1,1,0.274834694776359,0,0,0,3,Short-Tenure Higher-Charge
0,0,0,-0.69640720774176,1,0,0,0.915042629451828,1,0,0,3,Short-Tenure Higher-Charge
0,0,1,-0.449820271865625,1,0,0,0.140054076949945,1,0,0,3,Short-Tenure Higher-Charge
0,0,0,1.02970134339118,1,0,0,-1.37622787359722,0,0,1,2,Long-Tenure Lower-Charge
1,0,0,1.6050708604355,1,1,1,1.48786025521409,0,1,0,1,Long-Tenure Higher-Charge
1,0,0,-0.942994143617895,1,1,0,-0.399068394355713,0,0,1,0,Short-Tenure Lower-Charge
0,0,0,-1.14848325684801,1,1,0,-1.54470364588024,0,0,0,0,Short-Tenure Lower-Charge
0,0,0,-1.27177672478607,1,0,0,0.173749231406548,1,0,0,3,Short-Tenure Higher-Charge
0,0,0,-1.27177672478607,1,1,1,0.173749231406548,1,1,0,3,Short-Tenure Higher-Charge
0,0,0,-1.27177672478607,1,1,1,-0.399068394355713,0,0,0,0,Short-Tenure Lower-Charge
0,0,1,0.82421223016107,1,1,1,1.28568932847447,0,0,0,1,Long-Tenure Higher-Charge
1,1,0,-0.326526803927558,1,0,0,0.780262011625413,1,0,0,3,Short-Tenure Higher-Charge
0,0,1,1.27628827926732,1,1,1,1.5889457185839,0,1,0,1,Long-Tenure Higher-Charge
0,0,0,-1.27177672478607,1,0,1,-0.668629630008542,0,1,0,0,Short-Tenure Lower-Charge
1,0,1,-0.69640720774176,1,0,0,0.106358922493341,0,0,1,3,Short-Tenure Higher-Charge
0,0,0,0.248842713116756,1,0,0,-0.601239321095335,0,0,0,2,Long-Tenure Lower-Charge
1,0,0,0.0844514225326663,1,0,1,-1.34253271914062,0,0,0,2,Long-Tenure Lower-Charge
0,0,0,-0.0799398680514234,1,1,1,0.342225003689566,0,0,0,3,Short-Tenure Higher-Charge
0,0,0,-1.14848325684801,1,1,1,-0.399068394355713,1,1,0,0,Short-Tenure Lower-Charge
1,1,0,1.6050708604355,1,1,1,1.5552505641273,0,0,1,1,Long-Tenure Higher-Charge
1,0,0,-1.27177672478607,1,1,1,0.847652320538621,0,0,0,3,Short-Tenure Higher-Charge
0,0,0,1.15299481132925,1,1,1,0.813957166082017,0,0,0,1,Long-Tenure Higher-Charge
0,0,0,-0.0799398680514234,1,1,0,-0.0284216953330735,1,0,0,3,Short-Tenure Higher-Charge
1,0,0,-1.27177672478607,0,1,0,-0.870800556748164,1,0,1,0,Short-Tenure Lower-Charge
1,0,1,-1.3128745474321,1,0,0,-1.51100849142363,0,1,0,0,Short-Tenure Lower-Charge
0,0,1,-1.3128745474321,1,0,0,-1.54470364588024,0,1,0,0,Short-Tenure Lower-Charge
1,0,0,1.07079916603721,1,1,1,-1.54470364588024,0,0,0,2,Long-Tenure Lower-Charge
0,0,0,-1.3128745474321,1,0,1,1.01612809282164,1,0,1,3,Short-Tenure Higher-Charge
0,0,0,-0.984091966263917,1,1,0,-0.702324784465146,1,0,1,0,Short-Tenure Lower-Charge
0,0,1,-0.778602853033805,1,1,1,0.881347474995224,1,1,0,3,Short-Tenure Higher-Charge
0,0,0,-0.86079849832585,1,1,1,0.712871702712206,0,0,0,3,Short-Tenure Higher-Charge
0,0,0,0.577625294284936,1,1,0,0.274834694776359,0,0,1,1,Long-Tenure Higher-Charge
0,0,1,-1.06628761155596,1,0,0,-0.567544166638732,0,0,0,0,Short-Tenure Lower-Charge
0,0,1,-0.203233335989491,1,0,1,0.813957166082017,0,0,0,3,Short-Tenure Higher-Charge
0,0,1,1.52287521514345,1,0,1,-1.54470364588024,0,1,0,2,Long-Tenure Lower-Charge
0,0,1,-0.285428981281536,1,1,0,-1.54470364588024,0,0,0,0,Short-Tenure Lower-Charge
0,0,1,1.15299481132925,1,1,1,1.11721355619145,1,0,0,1,Long-Tenure Higher-Charge
0,0,0,1.52287521514345,1,0,0,1.21829901956126,0,0,0,1,Long-Tenure Higher-Charge
0,0,0,-1.3128745474321,1,1,0,-1.54470364588024,0,1,0,0,Short-Tenure Lower-Charge
0,1,0,0.166647067824711,1,1,1,1.04982324727824,1,0,0,1,Long-Tenure Higher-Charge
1,0,1,1.11189698868323,1,0,1,0.847652320538621,1,0,0,1,Long-Tenure Higher-Charge
1,1,1,1.56397303778947,1,0,1,1.31938448293107,1,0,0,1,Long-Tenure Higher-Charge
1,0,0,-0.0799398680514234,1,0,1,1.18460386510466,0,0,0,3,Short-Tenure Higher-Charge
1,0,1,-0.778602853033805,1,0,0,-1.54470364588024,0,0,1,0,Short-Tenure Lower-Charge
1,0,1,0.700918762223003,1,1,0,1.25199417401786,0,0,0,1,Long-Tenure Higher-Charge
1,0,1,-1.3128745474321,1,0,0,-1.54470364588024,0,0,0,0,Short-Tenure Lower-Charge
1,1,0,0.331038358408801,1,0,1,1.15090871064805,1,0,0,1,Long-Tenure Higher-Charge
1,1,0,-0.121037690697446,1,1,0,-0.533849012182128,1,0,1,0,Short-Tenure Lower-Charge
1,1,1,1.27628827926732,1,0,0,-1.40992302805382,0,1,0,2,Long-Tenure Lower-Charge
1,1,0,-1.06628761155596,1,0,0,-0.0621168497896772,0,1,0,3,Short-Tenure Higher-Charge
1,0,1,-1.3128745474321,1,0,0,0.308529849232963,0,0,0,3,Short-Tenure Higher-Charge
1,0,0,0.742016584869025,1,0,0,0.611786239342395,0,0,0,1,Long-Tenure Higher-Charge
0,0,1,0.700918762223003,1,0,0,0.477005621515981,0,0,0,1,Long-Tenure Higher-Charge
1,0,1,0.454331826346868,1,0,0,-1.54470364588024,0,0,0,2,Long-Tenure Lower-Charge
0,0,0,1.31738610191334,1,1,0,1.31938448293107,0,0,1,1,Long-Tenure Higher-Charge
0,1,0,-1.3128745474321,0,0,0,-1.34253271914062,1,0,1,0,Short-Tenure Lower-Charge
1,0,0,-1.27177672478607,1,0,1,-0.702324784465146,1,0,0,0,Short-Tenure Lower-Charge
0,0,0,0.618723116930958,1,0,1,1.21829901956126,0,0,0,1,Long-Tenure Higher-Charge
0,0,0,-1.10738543420198,1,0,0,1.48786025521409,1,0,0,3,Short-Tenure Higher-Charge
0,0,0,0.0844514225326663,1,0,0,-0.129507158702884,0,0,0,3,Short-Tenure Higher-Charge
0,0,0,-0.449820271865625,0,0,0,-0.533849012182128,0,0,1,0,Short-Tenure Lower-Charge
1,0,1,1.6050708604355,0,0,0,-0.163202313159488,0,1,0,2,Long-Tenure Lower-Charge
0,1,1,0.906407875453115,1,1,0,0.342225003689566,0,0,1,1,Long-Tenure Higher-Charge
1,0,1,1.48177739249743,1,1,1,1.35307963738768,0,0,0,1,Long-Tenure Higher-Charge
1,1,0,1.6050708604355,1,1,0,0.241139540319755,0,0,0,1,Long-Tenure Higher-Charge
0,1,0,-1.3128745474321,1,0,0,0.847652320538621,1,0,0,3,Short-Tenure Higher-Charge
0,0,1,-0.285428981281536,1,1,1,1.31938448293107,0,0,1,3,Short-Tenure Higher-Charge
1,0,1,-0.408722449219603,1,1,0,-1.51100849142363,0,1,0,0,Short-Tenure Lower-Charge
1,0,0,-1.27177672478607,1,1,1,0.342225003689566,1,0,0,3,Short-Tenure Higher-Charge
0,1,0,0.289940535762779,1,1,1,1.28568932847447,0,0,0,1,Long-Tenure Higher-Charge
0,0,0,-1.3128745474321,1,0,1,0.982432938365035,1,0,0,3,Short-Tenure Higher-Charge
0,1,0,-0.244331158635513,1,0,0,0.308529849232963,1,0,1,3,Short-Tenure Higher-Charge
0,0,1,-0.984091966263917,1,0,0,-0.0284216953330735,1,0,0,3,Short-Tenure Higher-Charge
0,1,0,0.700918762223003,1,1,1,0.74656685716881,1,1,0,1,Long-Tenure Higher-Charge
1,0,1,0.536527471638913,1,0,1,-1.54470364588024,0,0,0,2,Long-Tenure Lower-Charge
0,0,0,-0.737505030387783,1,0,0,-1.37622787359722,0,0,0,0,Short-Tenure Lower-Charge
0,0,0,-0.408722449219603,1,1,0,0.443310467059377,0,1,0,3,Short-Tenure Higher-Charge
0,0,0,-1.27177672478607,1,0,0,-0.230592622072695,0,0,0,3,Short-Tenure Higher-Charge
1,0,0,-0.614211562449715,1,0,0,0.847652320538621,1,1,0,3,Short-Tenure Higher-Charge
0,1,0,1.52287521514345,1,1,1,0.342225003689566,0,0,0,1,Long-Tenure Higher-Charge
0,0,1,-0.984091966263917,1,0,0,-0.567544166638732,0,0,0,0,Short-Tenure Lower-Charge
1,0,1,-0.121037690697446,1,1,0,0.0726637680367373,0,1,0,3,Short-Tenure Higher-Charge
1,0,1,-0.737505030387783,1,0,0,0.308529849232963,0,1,0,3,Short-Tenure Higher-Charge
1,1,0,0.248842713116756,1,1,1,0.847652320538621,0,0,0,1,Long-Tenure Higher-Charge
0,0,0,-0.86079849832585,1,0,0,-0.567544166638732,0,1,0,0,Short-Tenure Lower-Charge
1,0,0,-0.573113739803693,1,0,0,0.813957166082017,0,0,0,3,Short-Tenure Higher-Charge
1,1,0,-0.367624626573581,1,1,0,-0.36537323989911,0,0,1,3,Short-Tenure Higher-Charge
0,0,0,1.39958174720538,1,0,0,1.25199417401786,1,0,0,1,Long-Tenure Higher-Charge
1,0,0,1.48177739249743,0,0,1,-0.196897467616092,0,1,0,2,Long-Tenure Lower-Charge
0,0,1,0.906407875453115,1,1,0,0.645481393798999,0,0,1,1,Long-Tenure Higher-Charge
1,0,0,0.783114407515048,1,1,0,-0.0958120042462808,0,0,1,2,Long-Tenure Lower-Charge
0,0,0,-0.655309385095738,1,1,1,0.948737783908432,1,0,0,3,Short-Tenure Higher-Charge
0,0,1,-0.573113739803693,1,1,1,-0.567544166638732,0,0,0,0,Short-Tenure Lower-Charge
1,0,0,0.248842713116756,1,0,0,0.308529849232963,1,0,0,3,Short-Tenure Higher-Charge
1,0,0,0.289940535762779,1,0,0,-0.129507158702884,0,0,0,2,Long-Tenure Lower-Charge
1,0,0,-0.285428981281536,1,0,1,-1.51100849142363,0,0,0,0,Short-Tenure Lower-Charge
0,0,0,-1.3128745474321,1,0,0,-1.54470364588024,0,0,1,0,Short-Tenure Lower-Charge
1,1,0,-0.614211562449715,1,1,1,0.443310467059377,1,1,0,3,Short-Tenure Higher-Charge
0,1,0,-0.737505030387783,1,0,1,0.308529849232963,1,0,0,3,Short-Tenure Higher-Charge
0,0,0,-1.27177672478607,1,1,0,-1.54470364588024,0,0,0,0,Short-Tenure Lower-Charge
0,0,0,-1.3128745474321,1,0,0,0.443310467059377,1,0,0,3,Short-Tenure Higher-Charge
1,0,0,-0.408722449219603,1,0,1,0.982432938365035,0,0,0,3,Short-Tenure Higher-Charge
0,0,1,1.6050708604355,1,1,0,0.0389686135801337,0,0,1,1,Long-Tenure Higher-Charge
0,0,0,-1.27177672478607,1,1,1,-1.54470364588024,0,0,0,0,Short-Tenure Lower-Charge
1,1,0,1.52287521514345,1,1,0,0.780262011625413,0,0,1,1,Long-Tenure Higher-Charge
0,0,1,0.536527471638913,1,1,1,-1.54470364588024,0,0,0,2,Long-Tenure Lower-Charge
0,0,0,0.125549245178689,1,0,0,-1.54470364588024,0,0,1,2,Long-Tenure Lower-Charge
0,0,0,1.6050708604355,1,1,1,1.48786025521409,0,0,0,1,Long-Tenure Higher-Charge
0,0,1,-1.10738543420198,1,0,0,-0.567544166638732,0,0,0,0,Short-Tenure Lower-Charge
0,0,1,-1.18958107949403,1,1,1,-1.54470364588024,0,0,0,0,Short-Tenure Lower-Charge
0,0,0,-1.3128745474321,1,0,0,0.645481393798999,1,1,0,3,Short-Tenure Higher-Charge
0,0,0,-1.3128745474321,1,0,0,0.578091084885792,0,0,1,3,Short-Tenure Higher-Charge
0,0,0,-0.819700675679827,1,1,1,1.15090871064805,1,0,0,3,Short-Tenure Higher-Charge
0,0,0,1.27628827926732,0,0,0,-0.601239321095335,1,0,0,2,Long-Tenure Lower-Charge
1,0,1,-1.02518978890994,0,1,1,-0.702324784465146,0,0,0,0,Short-Tenure Lower-Charge
1,0,0,-1.3128745474321,1,1,0,0.308529849232963,1,0,1,3,Short-Tenure Higher-Charge
0,0,0,-1.18958107949403,1,0,1,1.18460386510466,0,0,0,3,Short-Tenure Higher-Charge
1,0,1,-1.3128745474321,1,1,1,-0.533849012182128,0,0,0,0,Short-Tenure Lower-Charge
1,0,1,1.19409263397527,1,1,0,-1.40992302805382,0,0,1,2,Long-Tenure Lower-Charge
0,1,0,0.0433535998866439,1,1,1,1.01612809282164,0,0,0,3,Short-Tenure Higher-Charge
1,0,1,-1.3128745474321,1,0,0,-0.73601993892175,1,0,0,0,Short-Tenure Lower-Charge
1,0,0,-0.367624626573581,1,0,1,1.18460386510466,1,0,0,3,Short-Tenure Higher-Charge
1,0,1,1.6050708604355,1,1,1,1.31938448293107,0,0,1,1,Long-Tenure Higher-Charge
0,0,0,-1.3128745474321,1,1,1,-1.54470364588024,0,0,0,0,Short-Tenure Lower-Charge
0,1,0,1.23519045662129,1,0,0,1.28568932847447,0,0,0,1,Long-Tenure Higher-Charge
0,0,1,1.35848392455936,1,1,1,1.45416510075749,0,1,0,1,Long-Tenure Higher-Charge
1,0,0,1.15299481132925,1,0,1,0.477005621515981,0,0,1,1,Long-Tenure Higher-Charge
1,0,0,1.39958174720538,1,1,1,-1.54470364588024,0,0,0,2,Long-Tenure Lower-Charge
0,0,0,-0.86079849832585,1,1,0,1.01612809282164,1,0,1,3,Short-Tenure Higher-Charge
1,0,1,-0.573113739803693,0,1,0,-1.03927632903118,0,0,1,0,Short-Tenure Lower-Charge
1,0,0,1.39958174720538,1,0,1,-1.54470364588024,0,0,0,2,Long-Tenure Lower-Charge
0,0,0,-0.819700675679827,1,1,1,0.477005621515981,0,0,0,3,Short-Tenure Higher-Charge
0,0,0,-1.3128745474321,1,1,0,-0.702324784465146,0,0,1,0,Short-Tenure Lower-Charge
0,0,1,-1.23067890214005,1,0,0,0.645481393798999,1,0,0,3,Short-Tenure Higher-Charge
1,0,1,-1.23067890214005,1,1,1,-1.54470364588024,0,0,1,0,Short-Tenure Lower-Charge
0,0,1,-0.655309385095738,1,1,1,1.28568932847447,1,0,1,3,Short-Tenure Higher-Charge
1,0,0,0.783114407515048,1,0,1,-0.399068394355713,0,0,0,2,Long-Tenure Lower-Charge
1,0,1,0.742016584869025,1,0,0,-1.57839880033684,0,0,1,2,Long-Tenure Lower-Charge
0,1,0,-1.14848325684801,1,0,1,0.645481393798999,1,1,0,3,Short-Tenure Higher-Charge
0,1,1,-0.162135513343468,0,0,0,-1.00558117457458,0,0,0,0,Short-Tenure Lower-Charge
0,0,1,-1.3128745474321,1,0,0,-1.54470364588024,1,0,1,0,Short-Tenure Lower-Charge
0,0,0,-1.3128745474321,1,0,0,-1.54470364588024,1,0,0,0,Short-Tenure Lower-Charge
0,0,1,0.372136181054823,1,0,0,0.948737783908432,0,0,1,1,Long-Tenure Higher-Charge
0,0,0,-0.69640720774176,1,1,1,0.74656685716881,1,0,0,3,Short-Tenure Higher-Charge
1,0,0,-0.901896320971872,1,0,0,-0.702324784465146,0,0,1,0,Short-Tenure Lower-Charge
0,1,0,-0.285428981281536,1,0,0,0.948737783908432,1,0,0,3,Short-Tenure Higher-Charge
1,0,1,0.865310052807093,1,0,1,-0.163202313159488,0,0,0,2,Long-Tenure Lower-Charge
1,0,0,-0.121037690697446,1,1,1,0.948737783908432,1,0,1,3,Short-Tenure Higher-Charge
1,1,1,1.35848392455936,1,0,0,0.443310467059377,1,0,0,1,Long-Tenure Higher-Charge
0,0,1,1.6050708604355,1,0,1,1.45416510075749,0,0,0,1,Long-Tenure Higher-Charge
1,0,1,-0.86079849832585,1,0,1,-1.40992302805382,0,0,0,0,Short-Tenure Lower-Charge
0,0,0,-0.573113739803693,1,1,0,1.38677479184428,1,0,1,3,Short-Tenure Higher-Charge
1,0,0,-0.984091966263917,1,0,0,0.106358922493341,0,0,1,3,Short-Tenure Higher-Charge
0,0,1,-1.35397237007812,1,0,0,0.241139540319755,0,0,0,3,Short-Tenure Higher-Charge
1,0,0,1.35848392455936,1,1,1,-1.37622787359722,0,0,0,2,Long-Tenure Lower-Charge
1,1,1,-0.942994143617895,0,0,0,-1.03927632903118,0,1,0,0,Short-Tenure Lower-Charge
0,0,1,0.947505698099138,1,0,1,-1.40992302805382,0,0,0,2,Long-Tenure Lower-Charge
0,0,1,1.39958174720538,1,0,0,-1.57839880033684,0,1,0,2,Long-Tenure Lower-Charge
1,0,1,1.27628827926732,0,0,0,-0.196897467616092,0,0,0,2,Long-Tenure Lower-Charge
0,0,0,1.27628827926732,1,1,1,0.510700775972585,0,0,0,1,Long-Tenure Higher-Charge
1,1,0,-0.819700675679827,1,0,0,0.140054076949945,0,0,0,3,Short-Tenure Higher-Charge
1,0,0,-1.14848325684801,1,0,1,1.01612809282164,1,0,0,3,Short-Tenure Higher-Charge
0,0,0,-1.18958107949403,0,0,1,-1.03927632903118,0,1,0,0,Short-Tenure Lower-Charge
0,0,1,0.495429648992891,1,1,1,-1.54470364588024,0,0,1,2,Long-Tenure Lower-Charge
1,0,0,-0.614211562449715,1,0,0,0.982432938365035,0,0,0,3,Short-Tenure Higher-Charge
0,0,0,-1.23067890214005,1,1,1,-0.264287776529299,0,0,0,0,Short-Tenure Lower-Charge
1,0,0,-1.3128745474321,1,1,1,-1.51100849142363,1,1,0,0,Short-Tenure Lower-Charge
1,0,0,-0.162135513343468,0,0,0,-0.668629630008542,0,0,0,0,Short-Tenure Lower-Charge
0,0,0,1.48177739249743,1,0,0,-1.37622787359722,0,0,1,2,Long-Tenure Lower-Charge
0,0,0,-0.490918094511648,1,0,0,1.15090871064805,0,0,0,3,Short-Tenure Higher-Charge
0,0,0,-0.53201591715767,1,0,0,-0.73601993892175,0,0,0,0,Short-Tenure Lower-Charge
1,0,1,1.6050708604355,1,0,0,1.48786025521409,0,0,0,1,Long-Tenure Higher-Charge
1,0,0,-1.06628761155596,0,0,0,-1.40992302805382,0,1,0,0,Short-Tenure Lower-Charge
1,0,0,-1.14848325684801,1,1,1,-1.54470364588024,0,1,0,0,Short-Tenure Lower-Charge
0,0,0,-1.10738543420198,1,1,0,-0.533849012182128,0,0,1,0,Short-Tenure Lower-Charge
1,0,1,-0.819700675679827,1,1,0,0.00527345912353,0,0,0,3,Short-Tenure Higher-Charge
0,0,1,-1.3128745474321,1,1,0,-1.54470364588024,0,1,0,0,Short-Tenure Lower-Charge
0,0,0,-1.23067890214005,1,1,0,0.443310467059377,1,0,1,3,Short-Tenure Higher-Charge
1,0,0,-1.06628761155596,1,0,0,1.01612809282164,0,0,1,3,Short-Tenure Higher-Charge
1,0,0,-1.10738543420198,1,1,0,0.645481393798999,1,1,0,3,Short-Tenure Higher-Charge
1,0,0,-1.3128745474321,1,0,0,-1.54470364588024,1,0,1,0,Short-Tenure Lower-Charge
0,0,0,-0.901896320971872,1,0,0,-1.54470364588024,0,0,1,0,Short-Tenure Lower-Charge
0,0,0,1.23519045662129,1,0,0,1.15090871064805,1,0,0,1,Long-Tenure Higher-Charge
0,1,0,-1.23067890214005,1,0,0,0.308529849232963,0,0,0,3,Short-Tenure Higher-Charge
1,0,0,-1.10738543420198,1,1,1,-1.57839880033684,0,1,0,0,Short-Tenure Lower-Charge
0,0,1,1.52287521514345,1,1,0,0.106358922493341,0,0,0,1,Long-Tenure Higher-Charge
1,0,0,0.166647067824711,1,0,0,0.813957166082017,0,0,0,3,Short-Tenure Higher-Charge
0,1,0,0.207744890470734,1,1,1,-1.54470364588024,0,1,0,2,Long-Tenure Lower-Charge
0,1,0,-0.162135513343468,1,1,1,-0.230592622072695,0,0,1,3,Short-Tenure Higher-Charge
1,0,0,-0.984091966263917,1,1,1,-1.54470364588024,0,0,0,0,Short-Tenure Lower-Charge
1,1,0,-0.408722449219603,1,1,0,-1.51100849142363,0,0,1,0,Short-Tenure Lower-Charge
0,1,0,-0.53201591715767,1,0,0,0.847652320538621,1,0,1,3,Short-Tenure Higher-Charge
0,0,1,1.52287521514345,1,0,1,-1.40992302805382,0,0,0,2,Long-Tenure Lower-Charge
1,0,0,1.52287521514345,1,1,0,1.18460386510466,0,0,1,1,Long-Tenure Higher-Charge
0,1,0,-1.14848325684801,1,0,0,0.645481393798999,0,0,0,3,Short-Tenure Higher-Charge
1,0,1,1.6050708604355,1,1,1,0.510700775972585,0,0,1,1,Long-Tenure Higher-Charge
0,0,1,1.6050708604355,0,1,1,-0.331678085442506,0,0,0,2,Long-Tenure Lower-Charge
1,0,0,-1.18958107949403,1,0,1,0.982432938365035,0,0,0,3,Short-Tenure Higher-Charge
0,0,0,-1.06628761155596,1,1,1,-1.54470364588024,1,1,0,0,Short-Tenure Lower-Charge
0,0,1,-0.408722449219603,1,1,1,0.544395930429188,0,0,1,3,Short-Tenure Higher-Charge
0,0,0,-0.901896320971872,1,1,0,-0.0284216953330735,0,0,1,3,Short-Tenure Higher-Charge
1,0,1,-0.408722449219603,1,0,0,-1.54470364588024,0,1,0,0,Short-Tenure Lower-Charge
0,0,0,-0.86079849832585,1,0,0,-0.399068394355713,0,0,0,0,Short-Tenure Lower-Charge
1,0,1,0.659820939576981,1,1,1,0.948737783908432,0,0,0,1,Long-Tenure Higher-Charge
1,0,0,-0.778602853033805,1,0,1,0.645481393798999,1,0,0,3,Short-Tenure Higher-Charge
1,0,1,0.947505698099138,0,0,1,-1.00558117457458,0,1,0,2,Long-Tenure Lower-Charge
0,0,0,-1.23067890214005,1,1,1,-1.54470364588024,0,0,0,0,Short-Tenure Lower-Charge
0,0,0,1.48177739249743,1,1,1,1.48786025521409,0,0,1,1,Long-Tenure Higher-Charge
1,1,0,-1.10738543420198,1,1,1,0.510700775972585,0,0,0,3,Short-Tenure Higher-Charge
0,0,0,0.659820939576981,1,0,0,-1.51100849142363,0,0,1,2,Long-Tenure Lower-Charge
1,0,0,-0.614211562449715,1,1,1,0.982432938365035,1,1,0,3,Short-Tenure Higher-Charge
1,1,0,-1.3128745474321,1,0,0,0.140054076949945,1,0,0,3,Short-Tenure Higher-Charge
0,0,0,-1.23067890214005,0,1,0,-1.03927632903118,1,0,1,0,Short-Tenure Lower-Charge
1,0,0,-1.27177672478607,1,0,1,0.679176548255603,1,0,0,3,Short-Tenure Higher-Charge
1,0,0,0.865310052807093,1,1,1,-1.54470364588024,0,0,0,2,Long-Tenure Lower-Charge
1,0,0,-0.367624626573581,1,1,0,-0.500153857725524,0,0,0,0,Short-Tenure Lower-Charge
0,0,1,0.865310052807093,1,0,1,-0.196897467616092,0,1,0,2,Long-Tenure Lower-Charge
1,0,0,-0.737505030387783,1,0,0,-1.54470364588024,0,0,0,0,Short-Tenure Lower-Charge
0,0,0,0.495429648992891,1,1,1,0.544395930429188,0,1,0,1,Long-Tenure Higher-Charge
1,0,0,0.536527471638913,0,1,0,-0.938190865661371,0,0,1,2,Long-Tenure Lower-Charge
0,0,0,-0.86079849832585,1,0,0,-0.399068394355713,0,1,0,0,Short-Tenure Lower-Charge
0,0,1,1.56397303778947,1,1,1,0.342225003689566,0,0,0,1,Long-Tenure Higher-Charge
0,0,0,-0.819700675679827,0,0,1,-1.14036179240099,0,0,0,0,Short-Tenure Lower-Charge
0,1,0,-1.3128745474321,1,1,1,0.241139540319755,1,0,0,3,Short-Tenure Higher-Charge
0,0,1,1.02970134339118,1,0,0,0.881347474995224,0,1,0,1,Long-Tenure Higher-Charge
0,0,0,-1.06628761155596,1,0,0,0.308529849232963,1,0,0,3,Short-Tenure Higher-Charge
1,0,1,0.618723116930958,1,0,0,-1.40992302805382,0,0,0,2,Long-Tenure Lower-Charge
1,0,0,1.56397303778947,1,0,0,1.08351840173485,0,0,1,1,Long-Tenure Higher-Charge
1,0,1,-0.984091966263917,1,1,1,-1.54470364588024,0,1,0,0,Short-Tenure Lower-Charge
0,0,1,-0.614211562449715,1,1,1,-0.331678085442506,0,0,1,0,Short-Tenure Lower-Charge
1,0,0,-1.3128745474321,1,0,0,-1.54470364588024,0,1,0,0,Short-Tenure Lower-Charge
0,1,0,1.39958174720538,1,0,0,-1.54470364588024,0,0,0,2,Long-Tenure Lower-Charge
1,0,0,-1.3128745474321,1,0,1,0.645481393798999,0,0,0,3,Short-Tenure Higher-Charge
0,0,0,0.947505698099138,1,0,0,1.08351840173485,0,1,0,1,Long-Tenure Higher-Charge
1,0,0,0.865310052807093,0,0,0,-0.668629630008542,0,0,1,2,Long-Tenure Lower-Charge
0,0,1,-0.778602853033805,1,0,0,-1.54470364588024,0,1,0,0,Short-Tenure Lower-Charge
0,1,0,-0.778602853033805,0,1,0,-0.668629630008542,0,0,1,0,Short-Tenure Lower-Charge
1,0,0,0.865310052807093,1,1,0,0.140054076949945,0,0,1,1,Long-Tenure Higher-Charge
1,0,0,1.6050708604355,1,1,1,0.0726637680367373,0,0,1,1,Long-Tenure Higher-Charge
1,0,0,-0.655309385095738,1,1,0,-0.331678085442506,0,0,1,0,Short-Tenure Lower-Charge
0,0,1,-1.3128745474321,1,1,0,-1.54470364588024,0,0,0,0,Short-Tenure Lower-Charge
0,0,0,-0.121037690697446,1,0,0,0.645481393798999,1,0,0,3,Short-Tenure Higher-Charge
0,0,1,0.700918762223003,1,0,0,-1.54470364588024,0,0,1,2,Long-Tenure Lower-Charge
1,0,1,-1.23067890214005,1,1,1,-1.54470364588024,0,1,0,0,Short-Tenure Lower-Charge
1,0,0,-0.86079849832585,1,1,0,0.274834694776359,0,0,1,3,Short-Tenure Higher-Charge
0,0,0,-0.819700675679827,1,0,0,0.510700775972585,1,0,0,3,Short-Tenure Higher-Charge
0,1,0,-0.326526803927558,1,1,1,0.106358922493341,0,1,0,3,Short-Tenure Higher-Charge
0,0,0,-1.27177672478607,1,0,0,0.813957166082017,1,0,1,3,Short-Tenure Higher-Charge
0,0,0,0.125549245178689,1,0,0,0.173749231406548,0,1,0,3,Short-Tenure Higher-Charge
1,0,0,-1.23067890214005,1,1,1,-0.533849012182128,0,0,1,0,Short-Tenure Lower-Charge
1,0,0,1.35848392455936,1,0,1,-0.0621168497896772,0,0,0,1,Long-Tenure Higher-Charge
1,0,0,-0.737505030387783,1,0,1,1.18460386510466,1,0,0,3,Short-Tenure Higher-Charge
0,0,1,1.15299481132925,1,1,1,0.274834694776359,0,0,0,1,Long-Tenure Higher-Charge
1,0,0,1.52287521514345,1,0,1,1.65633602749711,0,0,0,1,Long-Tenure Higher-Charge
0,1,0,0.0844514225326663,0,0,0,-0.870800556748164,0,0,1,2,Long-Tenure Lower-Charge
0,0,0,-1.3128745474321,1,0,0,-0.567544166638732,1,0,0,0,Short-Tenure Lower-Charge
0,0,1,0.618723116930958,1,1,1,-1.51100849142363,0,1,0,2,Long-Tenure Lower-Charge
1,0,0,1.52287521514345,0,1,0,-0.870800556748164,0,0,1,2,Long-Tenure Lower-Charge
0,0,1,-0.86079849832585,1,1,1,1.31938448293107,0,0,1,3,Short-Tenure Higher-Charge
1,0,0,1.15299481132925,1,0,1,1.6226408730405,0,1,0,1,Long-Tenure Higher-Charge
0,0,0,0.207744890470734,1,0,0,0.611786239342395,1,0,1,3,Short-Tenure Higher-Charge
1,0,0,-1.3128745474321,1,0,0,0.173749231406548,1,0,0,3,Short-Tenure Higher-Charge
0,0,1,0.947505698099138,1,1,1,-0.0284216953330735,0,0,1,1,Long-Tenure Higher-Charge
0,0,0,-1.14848325684801,1,0,0,0.645481393798999,1,0,0,3,Short-Tenure Higher-Charge
1,0,0,-0.901896320971872,1,0,1,-0.668629630008542,0,0,0,0,Short-Tenure Lower-Charge
0,0,1,1.07079916603721,1,0,0,1.35307963738768,0,1,0,1,Long-Tenure Higher-Charge
0,0,0,-1.3128745474321,1,1,0,-0.702324784465146,0,1,0,0,Short-Tenure Lower-Charge
1,1,0,1.6050708604355,1,1,0,1.28568932847447,1,0,0,1,Long-Tenure Higher-Charge
1,0,1,-0.449820271865625,1,0,1,-1.54470364588024,0,0,0,0,Short-Tenure Lower-Charge
1,0,1,-0.655309385095738,1,0,0,-0.702324784465146,0,1,0,0,Short-Tenure Lower-Charge
1,0,0,0.700918762223003,0,0,1,-0.73601993892175,0,0,0,2,Long-Tenure Lower-Charge
1,0,0,-1.02518978890994,1,1,1,0.0389686135801337,0,1,0,3,Short-Tenure Higher-Charge
1,0,1,0.947505698099138,1,0,0,-0.196897467616092,0,1,0,2,Long-Tenure Lower-Charge
0,0,1,-1.23067890214005,1,0,0,0.477005621515981,1,0,0,3,Short-Tenure Higher-Charge
1,0,1,0.289940535762779,1,0,1,-1.54470364588024,0,0,0,2,Long-Tenure Lower-Charge
1,1,0,1.39958174720538,1,1,1,1.18460386510466,0,1,0,1,Long-Tenure Higher-Charge
0,0,0,-1.18958107949403,1,0,1,0.881347474995224,1,1,0,3,Short-Tenure Higher-Charge
0,0,0,1.39958174720538,1,1,1,-1.51100849142363,0,0,0,2,Long-Tenure Lower-Charge
0,0,1,-1.18958107949403,1,1,1,-0.533849012182128,0,0,0,0,Short-Tenure Lower-Charge
0,0,1,1.15299481132925,1,1,1,-1.40992302805382,0,0,0,2,Long-Tenure Lower-Charge
0,0,0,1.48177739249743,1,1,1,-1.34253271914062,0,0,0,2,Long-Tenure Lower-Charge
0,0,0,0.659820939576981,1,0,0,-1.54470364588024,0,0,0,2,Long-Tenure Lower-Charge
1,0,0,0.659820939576981,1,1,1,0.645481393798999,0,1,0,1,Long-Tenure Higher-Charge
0,0,0,0.0844514225326663,1,1,1,1.5889457185839,0,0,0,1,Long-Tenure Higher-Charge
1,0,1,1.48177739249743,1,1,1,-1.40992302805382,0,0,1,2,Long-Tenure Lower-Charge
0,0,0,1.11189698868323,1,1,1,-0.196897467616092,0,0,1,2,Long-Tenure Lower-Charge
0,0,1,-1.3128745474321,0,0,1,-0.870800556748164,1,0,0,0,Short-Tenure Lower-Charge
0,0,1,-0.655309385095738,1,1,1,-0.331678085442506,1,0,0,0,Short-Tenure Lower-Charge
0,0,0,-1.3128745474321,1,0,0,-0.702324784465146,0,0,0,0,Short-Tenure Lower-Charge
1,0,1,-1.14848325684801,1,1,1,-1.51100849142363,0,0,0,0,Short-Tenure Lower-Charge
0,0,0,-0.819700675679827,1,0,1,-1.54470364588024,0,0,0,0,Short-Tenure Lower-Charge
1,0,0,-1.18958107949403,1,0,1,0.274834694776359,1,1,0,3,Short-Tenure Higher-Charge
1,0,1,0.82421223016107,1,0,0,0.443310467059377,0,0,1,1,Long-Tenure Higher-Charge
0,0,1,1.6050708604355,0,1,1,-0.0621168497896772,0,0,0,2,Long-Tenure Lower-Charge
1,0,0,-0.367624626573581,1,0,0,-1.51100849142363,0,0,0,0,Short-Tenure Lower-Charge
0,0,0,-0.573113739803693,1,0,0,-1.37622787359722,0,1,0,0,Short-Tenure Lower-Charge
0,0,0,-1.14848325684801,1,1,1,0.342225003689566,0,0,1,3,Short-Tenure Higher-Charge
1,1,1,1.56397303778947,1,0,1,0.712871702712206,0,0,0,1,Long-Tenure Higher-Charge
0,0,0,0.372136181054823,1,1,1,-0.196897467616092,0,1,0,2,Long-Tenure Lower-Charge
1,0,0,-0.778602853033805,1,0,0,-0.331678085442506,0,1,0,0,Short-Tenure Lower-Charge
1,0,0,-1.3128745474321,1,1,0,-0.500153857725524,0,0,1,0,Short-Tenure Lower-Charge
0,1,0,-1.27177672478607,1,1,1,0.173749231406548,1,0,0,3,Short-Tenure Higher-Charge
0,1,1,1.6050708604355,1,0,1,0.881347474995224,1,0,0,1,Long-Tenure Higher-Charge
0,0,1,-0.819700675679827,1,0,0,0.74656685716881,1,0,1,3,Short-Tenure Higher-Charge
0,0,0,-0.614211562449715,1,1,1,0.409615312602774,0,0,0,3,Short-Tenure Higher-Charge
0,0,0,0.495429648992891,1,0,1,1.04982324727824,0,1,0,1,Long-Tenure Higher-Charge
0,1,0,0.906407875453115,1,1,0,1.15090871064805,0,1,0,1,Long-Tenure Higher-Charge
1,0,1,-1.3128745474321,1,0,0,-0.533849012182128,0,0,0,0,Short-Tenure Lower-Charge
1,0,0,-1.3128745474321,1,1,1,-1.51100849142363,0,0,0,0,Short-Tenure Lower-Charge
1,0,0,1.31738610191334,1,1,0,-1.37622787359722,0,1,0,2,Long-Tenure Lower-Charge
0,0,0,0.536527471638913,1,0,1,0.106358922493341,0,0,0,1,Long-Tenure Higher-Charge
0,0,1,-0.490918094511648,1,0,0,-1.51100849142363,0,0,0,0,Short-Tenure Lower-Charge
1,1,0,-0.367624626573581,1,1,1,1.18460386510466,1,0,0,3,Short-Tenure Higher-Charge
0,0,1,0.0433535998866439,0,0,1,-0.163202313159488,0,0,0,2,Long-Tenure Lower-Charge
0,0,0,-0.819700675679827,1,1,1,0.308529849232963,0,0,1,3,Short-Tenure Higher-Charge
0,0,1,0.618723116930958,1,0,1,0.140054076949945,0,1,0,1,Long-Tenure Higher-Charge
0,0,0,0.947505698099138,1,0,1,1.38677479184428,0,0,0,1,Long-Tenure Higher-Charge
0,0,1,0.372136181054823,1,0,1,1.15090871064805,0,0,1,1,Long-Tenure Higher-Charge
0,0,0,-1.18958107949403,1,0,0,-0.36537323989911,0,0,1,0,Short-Tenure Lower-Charge
0,0,0,1.31738610191334,1,1,1,-0.36537323989911,0,0,0,2,Long-Tenure Lower-Charge
1,0,0,-1.23067890214005,0,0,0,-1.37622787359722,0,1,0,0,Short-Tenure Lower-Charge
0,0,1,1.52287521514345,1,1,1,0.510700775972585,0,0,0,1,Long-Tenure Higher-Charge
1,1,0,-1.3128745474321,1,0,0,0.780262011625413,1,0,1,3,Short-Tenure Higher-Charge
1,0,0,1.35848392455936,1,1,1,-0.36537323989911,0,0,0,2,Long-Tenure Lower-Charge
1,0,0,-0.573113739803693,1,1,1,-0.36537323989911,1,1,0,0,Short-Tenure Lower-Charge
1,0,0,1.52287521514345,1,0,0,-1.40992302805382,0,0,0,2,Long-Tenure Lower-Charge
1,0,0,0.331038358408801,1,0,0,1.15090871064805,0,1,0,1,Long-Tenure Higher-Charge
1,0,1,0.495429648992891,1,0,0,1.48786025521409,0,0,0,1,Long-Tenure Higher-Charge
0,0,0,0.659820939576981,1,0,1,-1.54470364588024,0,0,0,2,Long-Tenure Lower-Charge
1,1,0,-0.449820271865625,1,0,0,0.813957166082017,1,0,1,3,Short-Tenure Higher-Charge
0,0,1,0.947505698099138,1,1,1,1.15090871064805,0,0,0,1,Long-Tenure Higher-Charge
0,0,0,-0.737505030387783,1,1,1,-0.331678085442506,1,0,0,0,Short-Tenure Lower-Charge
0,0,1,1.39958174720538,1,0,0,1.15090871064805,0,0,0,1,Long-Tenure Higher-Charge
1,0,1,-1.3128745474321,1,1,1,-1.54470364588024,0,0,0,0,Short-Tenure Lower-Charge
1,1,1,0.207744890470734,1,1,1,1.18460386510466,0,0,0,1,Long-Tenure Higher-Charge
0,0,0,0.783114407515048,1,0,0,0.274834694776359,0,0,1,1,Long-Tenure Higher-Charge
0,0,1,0.0433535998866439,1,0,0,-1.54470364588024,0,0,0,2,Long-Tenure Lower-Charge
1,0,1,1.48177739249743,1,0,1,-1.54470364588024,0,0,0,2,Long-Tenure Lower-Charge
1,0,1,-1.18958107949403,1,0,0,1.21829901956126,1,0,0,3,Short-Tenure Higher-Charge
0,0,0,1.23519045662129,1,0,0,-0.230592622072695,0,0,0,2,Long-Tenure Lower-Charge
1,0,0,-0.367624626573581,1,1,1,-1.54470364588024,0,0,0,0,Short-Tenure Lower-Charge
1,0,0,1.19409263397527,1,0,0,0.847652320538621,0,0,0,1,Long-Tenure Higher-Charge
0,0,0,0.125549245178689,1,1,0,-1.57839880033684,0,0,1,2,Long-Tenure Lower-Charge
0,0,0,0.207744890470734,1,0,0,0.0726637680367373,0,0,0,3,Short-Tenure Higher-Charge
0,1,0,0.577625294284936,1,1,0,0.477005621515981,1,0,0,1,Long-Tenure Higher-Charge
1,0,0,0.207744890470734,1,0,1,0.443310467059377,1,0,0,3,Short-Tenure Higher-Charge
0,0,1,0.372136181054823,1,0,0,0.881347474995224,0,0,0,1,Long-Tenure Higher-Charge
0,0,0,0.372136181054823,1,0,0,-1.37622787359722,0,1,0,2,Long-Tenure Lower-Charge
0,0,0,-1.23067890214005,1,0,0,0.308529849232963,0,0,0,3,Short-Tenure Higher-Charge
1,1,0,-1.02518978890994,1,1,0,1.15090871064805,1,0,1,3,Short-Tenure Higher-Charge
1,1,0,-0.984091966263917,1,0,0,0.611786239342395,1,0,0,3,Short-Tenure Higher-Charge
0,0,0,1.02970134339118,1,0,1,0.0726637680367373,0,0,0,1,Long-Tenure Higher-Charge
1,1,0,-0.490918094511648,1,0,0,-0.196897467616092,1,0,0,3,Short-Tenure Higher-Charge
0,0,0,-0.942994143617895,1,0,0,-1.51100849142363,0,0,0,0,Short-Tenure Lower-Charge
0,0,0,1.52287521514345,1,0,0,1.11721355619145,0,0,1,1,Long-Tenure Higher-Charge
1,0,0,-0.285428981281536,1,1,1,0.308529849232963,0,0,0,3,Short-Tenure Higher-Charge
1,1,0,0.125549245178689,1,0,1,1.01612809282164,1,0,0,3,Short-Tenure Higher-Charge
1,0,0,1.6050708604355,1,1,1,0.0726637680367373,0,0,0,1,Long-Tenure Higher-Charge
0,0,0,-0.984091966263917,1,0,0,0.274834694776359,1,0,1,3,Short-Tenure Higher-Charge
0,0,0,-0.737505030387783,1,0,0,1.15090871064805,0,0,0,3,Short-Tenure Higher-Charge
0,1,0,1.23519045662129,1,0,0,0.578091084885792,0,0,1,1,Long-Tenure Higher-Charge
1,0,0,-1.18958107949403,1,1,1,-0.0621168497896772,0,0,1,3,Short-Tenure Higher-Charge
1,0,0,-0.326526803927558,1,0,1,-1.51100849142363,0,0,0,0,Short-Tenure Lower-Charge
1,0,0,0.536527471638913,1,1,1,-1.54470364588024,0,0,0,2,Long-Tenure Lower-Charge
0,1,0,0.454331826346868,1,1,1,1.28568932847447,0,1,0,1,Long-Tenure Higher-Charge
1,0,0,-0.86079849832585,1,0,0,-1.54470364588024,0,1,0,0,Short-Tenure Lower-Charge
1,0,0,-1.3128745474321,1,0,0,-0.702324784465146,0,0,0,0,Short-Tenure Lower-Charge
1,0,0,-1.3128745474321,1,0,0,-0.567544166638732,1,0,1,0,Short-Tenure Lower-Charge
0,1,0,-0.53201591715767,1,0,0,-0.129507158702884,1,1,0,3,Short-Tenure Higher-Charge
0,0,1,1.6050708604355,1,1,1,1.75742149086692,0,0,0,1,Long-Tenure Higher-Charge
1,0,0,0.82421223016107,0,1,0,-0.196897467616092,1,0,1,2,Long-Tenure Lower-Charge
1,0,1,0.783114407515048,1,1,1,-1.57839880033684,0,0,0,2,Long-Tenure Lower-Charge
1,1,0,-1.27177672478607,1,0,0,0.274834694776359,0,0,0,3,Short-Tenure Higher-Charge
1,0,0,0.700918762223003,1,0,0,0.948737783908432,0,0,0,1,Long-Tenure Higher-Charge
1,0,1,-0.655309385095738,1,0,0,0.106358922493341,1,0,0,3,Short-Tenure Higher-Charge
1,1,0,0.742016584869025,0,0,0,-1.2414472557708,0,1,0,2,Long-Tenure Lower-Charge
1,1,0,-0.69640720774176,1,0,1,0.443310467059377,0,0,1,3,Short-Tenure Higher-Charge
0,0,0,-0.614211562449715,1,1,0,0.982432938365035,0,0,1,3,Short-Tenure Higher-Charge
1,0,1,1.56397303778947,1,1,0,0.645481393798999,0,0,1,1,Long-Tenure Higher-Charge
1,0,1,1.44067956985141,0,1,0,-0.702324784465146,0,0,1,2,Long-Tenure Lower-Charge
1,1,0,-1.3128745474321,1,0,0,0.308529849232963,0,0,1,3,Short-Tenure Higher-Charge
0,0,1,-0.326526803927558,1,1,1,-1.57839880033684,0,0,0,0,Short-Tenure Lower-Charge
1,1,0,-0.367624626573581,1,0,1,0.915042629451828,1,0,0,3,Short-Tenure Higher-Charge
1,0,0,-0.778602853033805,0,1,1,-0.500153857725524,1,0,0,0,Short-Tenure Lower-Charge
1,0,0,0.906407875453115,1,0,0,-0.230592622072695,0,0,1,2,Long-Tenure Lower-Charge
0,0,0,-0.326526803927558,0,0,0,-0.163202313159488,0,0,0,3,Short-Tenure Higher-Charge
1,0,1,-0.942994143617895,1,0,1,-0.196897467616092,0,0,0,0,Short-Tenure Lower-Charge
1,0,1,1.15299481132925,1,1,1,1.28568932847447,0,0,0,1,Long-Tenure Higher-Charge
1,0,0,-1.10738543420198,1,0,1,-0.230592622072695,0,0,0,3,Short-Tenure Higher-Charge
1,0,0,-0.819700675679827,1,0,0,-1.54470364588024,0,0,1,0,Short-Tenure Lower-Charge
0,0,0,-1.3128745474321,1,1,1,-0.702324784465146,0,1,0,0,Short-Tenure Lower-Charge
0,0,0,-1.27177672478607,1,1,1,0.140054076949945,0,0,0,3,Short-Tenure Higher-Charge
1,1,0,0.659820939576981,1,0,1,1.01612809282164,1,0,0,1,Long-Tenure Higher-Charge
0,0,0,-1.3128745474321,1,1,1,-0.702324784465146,1,0,0,0,Short-Tenure Lower-Charge
1,0,0,0.166647067824711,1,0,0,0.948737783908432,0,1,0,1,Long-Tenure Higher-Charge
0,0,1,0.289940535762779,1,0,0,-1.54470364588024,0,0,0,2,Long-Tenure Lower-Charge
0,1,0,-0.408722449219603,1,0,0,0.982432938365035,1,0,1,3,Short-Tenure Higher-Charge
0,1,0,1.35848392455936,1,0,1,1.42046994630088,0,0,0,1,Long-Tenure Higher-Charge
1,0,1,-0.655309385095738,1,0,0,0.915042629451828,1,0,0,3,Short-Tenure Higher-Charge
1,1,0,-0.984091966263917,1,0,0,0.645481393798999,1,0,0,3,Short-Tenure Higher-Charge
0,1,0,0.248842713116756,1,0,0,1.18460386510466,0,1,0,1,Long-Tenure Higher-Charge
1,0,1,-0.408722449219603,0,1,0,-0.870800556748164,0,0,1,0,Short-Tenure Lower-Charge
1,0,0,0.700918762223003,1,1,0,-1.54470364588024,0,1,0,2,Long-Tenure Lower-Charge
0,0,0,-1.23067890214005,1,0,0,1.08351840173485,1,0,0,3,Short-Tenure Higher-Charge
0,0,0,1.15299481132925,1,0,0,-1.57839880033684,0,0,0,2,Long-Tenure Lower-Charge
0,0,0,-0.367624626573581,1,0,0,0.780262011625413,0,0,0,3,Short-Tenure Higher-Charge
0,0,1,-0.778602853033805,1,0,0,0.645481393798999,0,1,0,3,Short-Tenure Higher-Charge
1,0,1,0.783114407515048,1,0,1,-1.34253271914062,0,0,0,2,Long-Tenure Lower-Charge
0,0,0,-0.737505030387783,1,0,1,0.611786239342395,1,0,0,3,Short-Tenure Higher-Charge
0,0,0,0.0022557772406214,1,0,1,-0.230592622072695,0,0,0,3,Short-Tenure Higher-Charge
1,1,0,1.48177739249743,1,0,1,0.982432938365035,0,0,1,1,Long-Tenure Higher-Charge
0,0,1,1.15299481132925,1,1,1,0.74656685716881,0,0,0,1,Long-Tenure Higher-Charge
1,0,1,1.56397303778947,1,1,1,1.69003118195371,0,1,0,1,Long-Tenure Higher-Charge
0,0,0,0.82421223016107,1,1,1,0.847652320538621,0,0,0,1,Long-Tenure Higher-Charge
0,1,0,0.372136181054823,1,0,1,-0.331678085442506,0,0,0,2,Long-Tenure Lower-Charge
1,0,0,0.125549245178689,1,0,1,0.443310467059377,0,0,0,3,Short-Tenure Higher-Charge
1,0,0,-0.326526803927558,1,1,0,1.35307963738768,0,0,0,3,Short-Tenure Higher-Charge
0,0,0,-1.02518978890994,1,0,1,-1.51100849142363,0,0,0,0,Short-Tenure Lower-Charge
0,0,0,-0.69640720774176,1,1,0,1.01612809282164,1,0,1,3,Short-Tenure Higher-Charge
0,0,0,-0.86079849832585,1,0,0,0.813957166082017,1,0,1,3,Short-Tenure Higher-Charge
0,0,0,-0.203233335989491,1,1,0,1.31938448293107,1,0,1,3,Short-Tenure Higher-Charge
1,0,0,-1.06628761155596,1,1,1,0.948737783908432,0,0,1,3,Short-Tenure Higher-Charge
1,1,0,-0.038842045405401,1,0,0,1.31938448293107,1,0,0,3,Short-Tenure Higher-Charge
0,0,1,-1.3128745474321,1,0,1,0.443310467059377,1,1,0,3,Short-Tenure Higher-Charge
1,0,0,-1.02518978890994,0,0,1,-1.2077521013142,1,0,0,0,Short-Tenure Lower-Charge
1,0,0,1.23519045662129,1,0,1,1.25199417401786,1,0,0,1,Long-Tenure Higher-Charge
0,0,0,-1.3128745474321,0,0,0,-1.03927632903118,1,1,0,0,Short-Tenure Lower-Charge
1,0,0,1.11189698868323,1,0,1,1.21829901956126,0,0,0,1,Long-Tenure Higher-Charge
0,0,0,-0.69640720774176,1,0,1,0.679176548255603,0,0,0,3,Short-Tenure Higher-Charge
1,1,0,1.56397303778947,1,0,0,0.881347474995224,0,1,0,1,Long-Tenure Higher-Charge
1,0,1,0.289940535762779,1,1,1,0.645481393798999,0,0,0,1,Long-Tenure Higher-Charge
0,1,0,-0.614211562449715,1,1,0,1.15090871064805,1,1,0,3,Short-Tenure Higher-Charge
1,0,0,-1.14848325684801,1,0,0,0.443310467059377,0,0,0,3,Short-Tenure Higher-Charge
1,0,0,0.0022557772406214,1,0,0,0.443310467059377,0,1,0,3,Short-Tenure Higher-Charge
0,0,1,-0.819700675679827,1,0,0,-1.54470364588024,0,0,0,0,Short-Tenure Lower-Charge
0,0,0,0.289940535762779,1,0,0,-0.533849012182128,0,0,0,2,Long-Tenure Lower-Charge
1,1,0,1.39958174720538,1,0,0,1.69003118195371,0,0,0,1,Long-Tenure Higher-Charge
0,0,0,-0.69640720774176,1,1,0,-0.533849012182128,1,1,0,0,Short-Tenure Lower-Charge
1,0,0,1.07079916603721,1,0,0,0.00527345912353,0,0,0,1,Long-Tenure Higher-Charge
1,1,0,-1.02518978890994,1,1,1,0.140054076949945,0,0,0,3,Short-Tenure Higher-Charge
1,0,1,-1.06628761155596,1,0,1,-1.54470364588024,0,0,0,0,Short-Tenure Lower-Charge
1,0,1,1.6050708604355,1,0,1,-1.40992302805382,0,0,0,2,Long-Tenure Lower-Charge
0,0,0,0.454331826346868,1,0,1,0.74656685716881,0,0,0,1,Long-Tenure Higher-Charge
0,1,0,0.207744890470734,1,1,1,0.308529849232963,1,0,0,3,Short-Tenure Higher-Charge
1,0,0,-1.18958107949403,1,0,0,-0.331678085442506,0,1,0,0,Short-Tenure Lower-Charge
1,0,0,-1.27177672478607,1,1,1,-0.432763548812317,0,0,1,0,Short-Tenure Lower-Charge
0,0,0,1.52287521514345,0,0,0,-0.533849012182128,0,0,0,2,Long-Tenure Lower-Charge
0,0,0,0.0022557772406214,1,0,0,0.847652320538621,0,0,0,3,Short-Tenure Higher-Charge
0,0,0,-1.3128745474321,0,0,0,-1.37622787359722,0,1,0,0,Short-Tenure Lower-Charge
1,0,0,0.248842713116756,0,1,1,-1.00558117457458,0,0,0,2,Long-Tenure Lower-Charge
1,1,0,0.906407875453115,1,0,0,1.69003118195371,0,0,1,1,Long-Tenure Higher-Charge
1,0,1,0.783114407515048,1,0,1,0.106358922493341,0,0,0,1,Long-Tenure Higher-Charge
0,0,1,-0.121037690697446,0,1,1,-0.500153857725524,1,0,0,0,Short-Tenure Lower-Charge
1,1,0,1.11189698868323,1,0,0,1.11721355619145,0,1,0,1,Long-Tenure Higher-Charge
1,0,1,0.700918762223003,1,0,1,-0.36537323989911,0,0,0,2,Long-Tenure Lower-Charge
0,0,0,-0.038842045405401,1,0,0,1.48786025521409,0,0,0,3,Short-Tenure Higher-Charge
1,0,0,0.742016584869025,1,0,0,1.38677479184428,0,0,1,1,Long-Tenure Higher-Charge
1,0,0,-1.3128745474321,1,1,1,0.274834694776359,0,0,0,3,Short-Tenure Higher-Charge
0,0,1,1.48177739249743,1,0,0,-1.34253271914062,0,0,0,2,Long-Tenure Lower-Charge
0,0,1,0.372136181054823,1,1,1,0.948737783908432,1,0,0,1,Long-Tenure Higher-Charge
1,0,0,-0.778602853033805,0,1,0,-0.668629630008542,1,1,0,0,Short-Tenure Lower-Charge
1,0,1,0.783114407515048,1,1,1,-1.34253271914062,0,0,0,2,Long-Tenure Lower-Charge
1,0,0,1.19409263397527,1,1,1,1.42046994630088,0,0,1,1,Long-Tenure Higher-Charge
0,0,1,1.6050708604355,1,0,1,-1.54470364588024,0,0,0,2,Long-Tenure Lower-Charge
1,0,0,-0.038842045405401,1,0,0,1.01612809282164,1,0,1,3,Short-Tenure Higher-Charge
0,1,0,-1.3128745474321,1,1,1,0.140054076949945,1,0,0,3,Short-Tenure Higher-Charge
0,1,0,1.6050708604355,1,1,0,0.409615312602774,0,0,1,1,Long-Tenure Higher-Charge
0,1,0,-1.3128745474321,1,0,1,-0.702324784465146,1,0,0,0,Short-Tenure Lower-Charge
0,0,0,-1.3128745474321,1,0,0,-1.34253271914062,0,1,0,0,Short-Tenure Lower-Charge
1,0,0,-1.14848325684801,1,0,1,1.28568932847447,1,0,0,3,Short-Tenure Higher-Charge
1,0,0,1.23519045662129,1,0,1,1.31938448293107,0,0,0,1,Long-Tenure Higher-Charge
1,0,1,1.39958174720538,1,1,1,0.510700775972585,0,0,0,1,Long-Tenure Higher-Charge
0,0,1,0.289940535762779,1,1,1,1.01612809282164,0,0,0,1,Long-Tenure Higher-Charge
1,0,0,1.31738610191334,1,1,1,0.948737783908432,0,0,0,1,Long-Tenure Higher-Charge
0,0,1,-0.69640720774176,1,1,1,-1.54470364588024,0,1,0,0,Short-Tenure Lower-Charge
0,1,0,0.536527471638913,1,0,0,0.106358922493341,0,1,0,1,Long-Tenure Higher-Charge
1,0,0,-0.901896320971872,0,0,0,-1.00558117457458,0,0,1,0,Short-Tenure Lower-Charge
0,0,0,0.659820939576981,1,1,1,1.11721355619145,0,0,1,1,Long-Tenure Higher-Charge
0,0,0,1.44067956985141,0,1,0,-0.399068394355713,0,1,0,2,Long-Tenure Lower-Charge
0,0,0,-0.942994143617895,1,0,1,-1.57839880033684,0,0,0,0,Short-Tenure Lower-Charge
0,1,0,-1.27177672478607,1,0,0,0.611786239342395,0,0,0,3,Short-Tenure Higher-Charge
0,0,0,-1.14848325684801,1,0,1,0.106358922493341,0,1,0,3,Short-Tenure Higher-Charge
1,0,1,0.82421223016107,1,1,1,-0.0958120042462808,0,1,0,2,Long-Tenure Lower-Charge
1,1,0,0.865310052807093,1,1,0,1.48786025521409,0,0,0,1,Long-Tenure Higher-Charge
0,0,0,-1.18958107949403,1,1,0,-0.702324784465146,1,0,0,0,Short-Tenure Lower-Charge
1,1,0,-0.737505030387783,1,0,0,0.342225003689566,1,0,0,3,Short-Tenure Higher-Charge
1,0,0,-0.942994143617895,1,0,0,-1.54470364588024,0,0,0,0,Short-Tenure Lower-Charge
0,0,0,-1.23067890214005,1,1,1,-0.36537323989911,1,1,0,0,Short-Tenure Lower-Charge
0,0,0,1.56397303778947,1,0,0,-1.37622787359722,0,1,0,2,Long-Tenure Lower-Charge
1,0,0,-1.02518978890994,1,0,1,-0.36537323989911,0,0,0,0,Short-Tenure Lower-Charge
1,1,0,-1.3128745474321,1,1,1,0.948737783908432,1,0,1,3,Short-Tenure Higher-Charge
0,0,1,1.27628827926732,1,1,0,1.48786025521409,0,0,1,1,Long-Tenure Higher-Charge
1,0,0,0.98860352074516,1,1,0,-1.57839880033684,0,0,1,2,Long-Tenure Lower-Charge
0,1,0,-1.3128745474321,1,0,0,1.18460386510466,1,0,0,3,Short-Tenure Higher-Charge
0,1,0,-0.53201591715767,1,0,0,-0.196897467616092,0,0,1,3,Short-Tenure Higher-Charge
0,1,0,-0.285428981281536,1,0,1,0.00527345912353,0,0,0,3,Short-Tenure Higher-Charge
0,1,0,-1.27177672478607,1,1,0,0.477005621515981,1,0,1,3,Short-Tenure Higher-Charge
1,0,1,-0.038842045405401,1,1,1,0.982432938365035,0,0,0,3,Short-Tenure Higher-Charge
0,0,0,-1.14848325684801,1,1,1,-1.37622787359722,0,0,0,0,Short-Tenure Lower-Charge
0,0,0,1.52287521514345,1,1,0,1.52155540967069,0,0,1,1,Long-Tenure Higher-Charge
1,0,0,-0.0799398680514234,1,1,0,-0.36537323989911,1,1,0,0,Short-Tenure Lower-Charge
0,0,0,-1.06628761155596,1,1,1,-0.196897467616092,1,0,1,3,Short-Tenure Higher-Charge
1,0,0,-1.3128745474321,0,1,1,-1.37622787359722,0,0,0,0,Short-Tenure Lower-Charge
1,1,0,-0.53201591715767,1,0,0,1.11721355619145,1,0,1,3,Short-Tenure Higher-Charge
1,0,0,0.0844514225326663,1,0,1,-0.163202313159488,0,0,0,3,Short-Tenure Higher-Charge
1,0,0,-1.10738543420198,1,1,0,-0.163202313159488,0,1,0,3,Short-Tenure Higher-Charge
0,0,1,1.6050708604355,1,0,0,0.308529849232963,0,1,0,1,Long-Tenure Higher-Charge
0,0,0,-0.819700675679827,1,0,0,-1.54470364588024,0,1,0,0,Short-Tenure Lower-Charge
0,1,0,-1.18958107949403,1,0,0,-0.567544166638732,0,0,0,0,Short-Tenure Lower-Charge
1,0,1,1.23519045662129,1,1,1,-1.57839880033684,0,0,0,2,Long-Tenure Lower-Charge
1,0,0,1.48177739249743,1,0,1,0.645481393798999,0,0,0,1,Long-Tenure Higher-Charge
0,0,0,-1.23067890214005,0,0,0,-1.07297148348779,1,1,0,0,Short-Tenure Lower-Charge
0,1,0,1.56397303778947,1,0,0,0.510700775972585,0,0,0,1,Long-Tenure Higher-Charge
1,0,0,-0.737505030387783,1,1,1,-1.57839880033684,0,0,0,0,Short-Tenure Lower-Charge
0,0,1,-0.121037690697446,1,0,0,-1.54470364588024,0,0,1,0,Short-Tenure Lower-Charge
0,0,0,-0.408722449219603,1,1,0,0.578091084885792,0,0,0,3,Short-Tenure Higher-Charge
1,1,0,-0.984091966263917,1,1,1,-1.54470364588024,0,0,0,0,Short-Tenure Lower-Charge
1,0,0,0.0844514225326663,1,0,0,-1.57839880033684,0,0,0,2,Long-Tenure Lower-Charge
0,0,1,-1.10738543420198,1,0,1,-0.36537323989911,0,0,0,0,Short-Tenure Lower-Charge
0,0,0,-1.3128745474321,1,1,1,0.308529849232963,1,0,1,3,Short-Tenure Higher-Charge
0,0,1,1.6050708604355,1,0,0,-1.37622787359722,0,0,1,2,Long-Tenure Lower-Charge
1,0,1,0.495429648992891,1,0,0,0.611786239342395,0,0,1,1,Long-Tenure Higher-Charge
1,0,1,-1.06628761155596,1,1,0,0.813957166082017,1,0,0,3,Short-Tenure Higher-Charge
1,0,0,1.52287521514345,0,0,0,-0.601239321095335,0,1,0,2,Long-Tenure Lower-Charge
1,0,0,0.82421223016107,1,1,0,-1.54470364588024,0,0,1,2,Long-Tenure Lower-Charge
1,0,0,-1.18958107949403,1,0,0,-0.466458703268921,1,0,0,0,Short-Tenure Lower-Charge
0,0,0,1.6050708604355,1,1,1,0.881347474995224,0,0,0,1,Long-Tenure Higher-Charge
1,0,1,1.6050708604355,0,1,0,-0.702324784465146,0,0,0,2,Long-Tenure Lower-Charge
1,1,0,-0.655309385095738,1,0,0,0.982432938365035,0,0,0,3,Short-Tenure Higher-Charge
0,0,0,-1.06628761155596,1,0,1,0.140054076949945,0,0,0,3,Short-Tenure Higher-Charge
0,0,1,-0.901896320971872,1,0,0,-1.54470364588024,1,1,0,0,Short-Tenure Lower-Charge
0,0,0,-1.27177672478607,1,1,0,0.308529849232963,1,0,0,3,Short-Tenure Higher-Charge
1,0,1,-0.901896320971872,1,0,1,0.409615312602774,0,0,0,3,Short-Tenure Higher-Charge
1,1,0,-1.14848325684801,1,0,0,0.847652320538621,1,0,0,3,Short-Tenure Higher-Charge
1,1,0,-1.18958107949403,1,0,0,0.308529849232963,1,0,0,3,Short-Tenure Higher-Charge
1,0,0,-0.121037690697446,1,0,0,-0.533849012182128,0,0,0,0,Short-Tenure Lower-Charge
0,0,1,-0.901896320971872,1,0,0,-1.51100849142363,0,1,0,0,Short-Tenure Lower-Charge
1,0,0,-0.655309385095738,0,1,0,-0.533849012182128,0,0,1,0,Short-Tenure Lower-Charge
0,1,0,0.0433535998866439,0,1,0,-0.331678085442506,0,0,1,2,Long-Tenure Lower-Charge
0,1,0,-1.27177672478607,0,0,0,-1.2077521013142,1,0,1,0,Short-Tenure Lower-Charge
1,0,1,0.906407875453115,1,1,1,-1.57839880033684,0,1,0,2,Long-Tenure Lower-Charge
0,1,0,-1.14848325684801,1,1,1,-0.196897467616092,0,0,0,3,Short-Tenure Higher-Charge
0,0,1,-0.901896320971872,1,0,1,-1.54470364588024,0,0,0,0,Short-Tenure Lower-Charge
0,0,1,-1.3128745474321,1,0,1,0.477005621515981,1,0,0,3,Short-Tenure Higher-Charge
0,0,0,1.52287521514345,1,0,0,-1.57839880033684,0,0,0,2,Long-Tenure Lower-Charge
1,1,0,-1.27177672478607,1,0,0,0.308529849232963,1,1,0,3,Short-Tenure Higher-Charge
0,0,0,-1.06628761155596,1,1,1,0.274834694776359,1,0,0,3,Short-Tenure Higher-Charge
1,0,0,0.0844514225326663,1,1,0,-1.54470364588024,0,0,1,2,Long-Tenure Lower-Charge
0,0,0,1.02970134339118,1,0,0,0.173749231406548,0,1,0,1,Long-Tenure Higher-Charge
0,0,1,1.6050708604355,1,1,0,1.45416510075749,0,0,0,1,Long-Tenure Higher-Charge
1,0,1,1.44067956985141,1,1,0,-0.0958120042462808,0,1,0,2,Long-Tenure Lower-Charge
1,0,0,-0.285428981281536,1,0,0,-0.230592622072695,0,1,0,3,Short-Tenure Higher-Charge
0,0,0,-0.86079849832585,1,0,0,-0.702324784465146,0,1,0,0,Short-Tenure Lower-Charge
1,0,1,-0.326526803927558,1,1,1,-0.196897467616092,0,0,1,3,Short-Tenure Higher-Charge
1,1,1,1.6050708604355,1,0,1,1.65633602749711,0,1,0,1,Long-Tenure Higher-Charge
1,0,1,1.52287521514345,1,1,1,1.65633602749711,0,0,0,1,Long-Tenure Higher-Charge
1,1,1,-1.3128745474321,1,0,0,-0.533849012182128,1,0,0,0,Short-Tenure Lower-Charge
1,0,0,-0.285428981281536,1,1,0,0.712871702712206,0,1,0,3,Short-Tenure Higher-Charge
0,0,1,-1.27177672478607,1,1,1,0.00527345912353,1,0,0,3,Short-Tenure Higher-Charge
0,0,1,-0.203233335989491,1,1,1,-1.54470364588024,0,0,0,0,Short-Tenure Lower-Charge
0,0,1,-1.10738543420198,1,1,0,-1.54470364588024,0,0,1,0,Short-Tenure Lower-Charge
0,0,1,1.02970134339118,0,0,1,-0.196897467616092,0,0,0,2,Long-Tenure Lower-Charge
0,1,0,-0.162135513343468,0,1,1,-0.702324784465146,0,0,0,0,Short-Tenure Lower-Charge
1,0,0,-0.69640720774176,1,0,0,0.173749231406548,0,0,1,3,Short-Tenure Higher-Charge
1,1,0,0.413234003700846,1,0,0,1.18460386510466,1,0,0,1,Long-Tenure Higher-Charge
1,0,0,0.783114407515048,1,0,0,0.308529849232963,0,0,0,1,Long-Tenure Higher-Charge
0,0,1,1.6050708604355,1,0,1,1.79111664532352,0,1,0,1,Long-Tenure Higher-Charge
1,0,1,1.56397303778947,1,0,1,-1.57839880033684,0,0,0,2,Long-Tenure Lower-Charge
1,0,0,1.31738610191334,1,1,0,-1.54470364588024,0,0,0,2,Long-Tenure Lower-Charge
0,0,0,0.659820939576981,1,1,0,0.611786239342395,0,1,0,1,Long-Tenure Higher-Charge
1,0,0,0.783114407515048,1,1,1,0.611786239342395,0,0,1,1,Long-Tenure Higher-Charge
1,0,0,-1.27177672478607,1,0,1,-1.54470364588024,1,1,0,0,Short-Tenure Lower-Charge
1,0,1,1.56397303778947,1,0,1,1.45416510075749,0,0,0,1,Long-Tenure Higher-Charge
1,0,0,0.865310052807093,1,1,1,0.780262011625413,0,1,0,1,Long-Tenure Higher-Charge
0,0,1,-0.737505030387783,1,1,0,0.342225003689566,0,0,1,3,Short-Tenure Higher-Charge
1,1,0,0.700918762223003,1,0,0,1.31938448293107,0,0,1,1,Long-Tenure Higher-Charge
1,0,1,-0.573113739803693,1,0,0,0.611786239342395,1,0,0,3,Short-Tenure Higher-Charge
0,1,0,1.52287521514345,1,0,0,1.28568932847447,0,0,0,1,Long-Tenure Higher-Charge
0,1,0,1.6050708604355,1,1,0,1.38677479184428,0,0,1,1,Long-Tenure Higher-Charge
1,1,0,0.783114407515048,1,0,0,1.31938448293107,0,0,0,1,Long-Tenure Higher-Charge
0,0,1,-0.737505030387783,1,0,0,-0.668629630008542,0,0,1,0,Short-Tenure Lower-Charge
0,0,1,1.6050708604355,1,1,1,0.37592015814617,0,0,0,1,Long-Tenure Higher-Charge
1,1,0,-1.23067890214005,1,1,1,0.510700775972585,1,1,0,3,Short-Tenure Higher-Charge
1,0,0,1.02970134339118,1,0,0,1.11721355619145,0,0,0,1,Long-Tenure Higher-Charge
0,0,0,-1.3128745474321,1,0,1,-1.54470364588024,0,1,0,0,Short-Tenure Lower-Charge
1,0,0,0.0844514225326663,1,1,0,0.813957166082017,0,0,1,3,Short-Tenure Higher-Charge
0,0,1,0.700918762223003,1,0,0,0.611786239342395,1,0,0,1,Long-Tenure Higher-Charge
1,0,0,0.331038358408801,1,1,1,-1.54470364588024,0,0,0,2,Long-Tenure Lower-Charge
1,0,1,1.6050708604355,1,0,1,-0.0621168497896772,0,0,0,1,Long-Tenure Higher-Charge
0,0,0,-0.121037690697446,1,0,0,0.106358922493341,0,0,0,3,Short-Tenure Higher-Charge
0,0,1,-1.27177672478607,0,0,1,-1.40992302805382,1,0,0,0,Short-Tenure Lower-Charge
1,0,0,-0.737505030387783,0,1,1,-1.2077521013142,1,1,0,0,Short-Tenure Lower-Charge
1,0,1,0.166647067824711,1,0,1,-0.230592622072695,0,0,0,2,Long-Tenure Lower-Charge
1,0,1,1.6050708604355,1,1,0,0.308529849232963,0,0,0,1,Long-Tenure Higher-Charge
1,0,1,1.6050708604355,1,0,1,-1.37622787359722,0,0,0,2,Long-Tenure Lower-Charge
1,0,0,1.52287521514345,1,0,0,1.6226408730405,0,0,1,1,Long-Tenure Higher-Charge
1,0,0,-0.408722449219603,1,0,1,0.611786239342395,0,0,0,3,Short-Tenure Higher-Charge
0,0,0,-1.02518978890994,1,0,0,0.308529849232963,0,0,1,3,Short-Tenure Higher-Charge
1,0,0,-1.27177672478607,1,1,0,-0.668629630008542,1,1,0,0,Short-Tenure Lower-Charge
0,0,1,-0.285428981281536,0,1,1,-0.904495711204768,0,0,0,0,Short-Tenure Lower-Charge
1,0,1,0.783114407515048,1,1,0,-1.54470364588024,0,0,0,2,Long-Tenure Lower-Charge
0,0,1,-0.408722449219603,0,1,0,-1.03927632903118,0,0,0,0,Short-Tenure Lower-Charge
0,0,0,-0.737505030387783,1,0,0,1.11721355619145,1,0,0,3,Short-Tenure Higher-Charge
1,0,0,0.289940535762779,1,0,0,-0.533849012182128,0,0,1,2,Long-Tenure Lower-Charge
1,0,0,-0.244331158635513,1,1,1,-0.230592622072695,0,0,0,3,Short-Tenure Higher-Charge
0,0,0,0.166647067824711,1,0,0,-1.54470364588024,0,0,0,2,Long-Tenure Lower-Charge
1,0,0,0.495429648992891,1,0,0,1.5552505641273,0,0,0,1,Long-Tenure Higher-Charge
0,0,0,-1.14848325684801,1,1,0,0.140054076949945,1,0,1,3,Short-Tenure Higher-Charge
0,0,0,1.56397303778947,1,1,1,-1.40992302805382,0,1,0,2,Long-Tenure Lower-Charge
1,0,0,-1.18958107949403,1,1,1,-0.399068394355713,1,0,0,0,Short-Tenure Lower-Charge
0,0,1,0.207744890470734,1,1,0,-1.54470364588024,0,0,1,2,Long-Tenure Lower-Charge
1,0,1,-1.23067890214005,1,1,1,-0.331678085442506,0,0,0,0,Short-Tenure Lower-Charge
1,0,0,-0.655309385095738,1,0,0,-1.57839880033684,0,0,0,0,Short-Tenure Lower-Charge
1,0,1,1.52287521514345,1,0,1,0.813957166082017,0,0,0,1,Long-Tenure Higher-Charge
1,0,0,-1.3128745474321,1,1,0,-0.702324784465146,0,0,1,0,Short-Tenure Lower-Charge
0,0,1,1.56397303778947,1,0,1,1.15090871064805,0,1,0,1,Long-Tenure Higher-Charge
1,0,0,0.166647067824711,1,1,1,0.847652320538621,0,1,0,1,Long-Tenure Higher-Charge
1,0,0,1.27628827926732,1,1,1,0.140054076949945,0,0,0,1,Long-Tenure Higher-Charge
0,1,0,0.166647067824711,1,0,0,0.813957166082017,0,1,0,3,Short-Tenure Higher-Charge
1,0,1,1.31738610191334,1,1,1,1.45416510075749,1,0,0,1,Long-Tenure Higher-Charge
0,0,1,-0.408722449219603,1,0,0,-0.567544166638732,0,0,0,0,Short-Tenure Lower-Charge
0,0,0,-0.449820271865625,1,0,0,0.443310467059377,1,0,0,3,Short-Tenure Higher-Charge
0,1,0,-0.285428981281536,1,1,0,-0.163202313159488,0,0,0,3,Short-Tenure Higher-Charge
0,0,0,-0.326526803927558,1,0,0,0.477005621515981,1,0,0,3,Short-Tenure Higher-Charge
0,0,0,1.11189698868323,1,0,0,1.04982324727824,0,0,0,1,Long-Tenure Higher-Charge
0,0,0,-1.3128745474321,1,0,0,1.01612809282164,1,0,0,3,Short-Tenure Higher-Charge
0,0,0,1.56397303778947,1,0,1,0.780262011625413,0,0,0,1,Long-Tenure Higher-Charge
0,1,0,-0.244331158635513,1,1,1,0.645481393798999,1,0,0,3,Short-Tenure Higher-Charge
0,0,0,-1.23067890214005,1,1,1,0.780262011625413,1,1,0,3,Short-Tenure Higher-Charge
1,0,1,1.02970134339118,1,1,1,0.982432938365035,0,0,0,1,Long-Tenure Higher-Charge
0,0,0,-0.778602853033805,1,0,0,0.308529849232963,1,0,0,3,Short-Tenure Higher-Charge
1,0,1,1.56397303778947,1,1,1,0.173749231406548,0,0,1,1,Long-Tenure Higher-Charge
0,0,1,-1.27177672478607,0,0,1,-1.2414472557708,0,0,0,0,Short-Tenure Lower-Charge
0,0,0,0.289940535762779,1,0,0,-1.51100849142363,0,0,0,2,Long-Tenure Lower-Charge
1,0,1,1.44067956985141,1,0,1,-1.37622787359722,0,0,0,2,Long-Tenure Lower-Charge
0,1,0,0.98860352074516,1,0,1,1.18460386510466,0,0,1,1,Long-Tenure Higher-Charge
0,0,0,0.495429648992891,1,0,0,0.712871702712206,1,0,0,1,Long-Tenure Higher-Charge
1,0,1,1.52287521514345,1,1,0,1.72372633641031,0,0,1,1,Long-Tenure Higher-Charge
1,0,0,1.44067956985141,1,0,0,1.42046994630088,0,1,0,1,Long-Tenure Higher-Charge
0,0,0,0.783114407515048,1,0,0,1.25199417401786,0,0,1,1,Long-Tenure Higher-Charge
0,0,0,1.6050708604355,1,0,1,1.65633602749711,0,1,0,1,Long-Tenure Higher-Charge
1,1,0,-0.367624626573581,1,0,0,0.342225003689566,1,0,0,3,Short-Tenure Higher-Charge
1,0,1,1.39958174720538,1,0,1,-0.196897467616092,0,0,0,2,Long-Tenure Lower-Charge
0,0,0,1.44067956985141,0,0,0,-0.0621168497896772,0,0,0,2,Long-Tenure Lower-Charge
1,0,1,-0.408722449219603,1,1,1,-1.54470364588024,0,0,0,0,Short-Tenure Lower-Charge
1,0,0,1.56397303778947,0,0,1,-0.567544166638732,1,0,1,2,Long-Tenure Lower-Charge
0,0,0,-1.3128745474321,0,0,1,-1.40992302805382,0,1,0,0,Short-Tenure Lower-Charge
0,0,1,1.56397303778947,1,1,1,-1.54470364588024,0,0,0,2,Long-Tenure Lower-Charge
1,1,0,1.48177739249743,1,1,0,1.52155540967069,0,0,1,1,Long-Tenure Higher-Charge
0,1,0,0.289940535762779,1,1,1,1.11721355619145,1,1,0,1,Long-Tenure Higher-Charge
0,1,0,-0.614211562449715,1,1,1,0.645481393798999,0,0,1,3,Short-Tenure Higher-Charge
1,0,0,-0.449820271865625,1,1,0,0.982432938365035,1,0,1,3,Short-Tenure Higher-Charge
1,0,1,1.48177739249743,0,0,0,-0.904495711204768,0,1,0,2,Long-Tenure Lower-Charge
0,1,0,1.19409263397527,1,0,0,0.611786239342395,0,0,0,1,Long-Tenure Higher-Charge
0,0,0,0.947505698099138,1,1,1,-1.54470364588024,0,0,0,2,Long-Tenure Lower-Charge
0,0,0,-1.06628761155596,1,1,1,-1.54470364588024,0,0,1,0,Short-Tenure Lower-Charge
1,0,0,-1.3128745474321,1,0,0,-1.57839880033684,0,0,1,0,Short-Tenure Lower-Charge
1,0,1,-1.10738543420198,1,0,1,-1.54470364588024,0,0,1,0,Short-Tenure Lower-Charge
1,0,0,-1.27177672478607,1,0,0,0.679176548255603,1,0,1,3,Short-Tenure Higher-Charge
1,1,0,-0.69640720774176,1,0,0,-0.36537323989911,0,1,0,3,Short-Tenure Higher-Charge
1,0,0,-1.27177672478607,1,0,0,-1.54470364588024,0,1,0,0,Short-Tenure Lower-Charge
0,0,0,1.6050708604355,1,1,1,0.679176548255603,0,0,1,1,Long-Tenure Higher-Charge
0,0,1,-1.06628761155596,0,0,0,-1.03927632903118,0,1,0,0,Short-Tenure Lower-Charge
0,0,1,-0.573113739803693,0,0,0,-1.37622787359722,0,0,0,0,Short-Tenure Lower-Charge
0,0,0,-0.778602853033805,1,1,1,0.409615312602774,0,0,1,3,Short-Tenure Higher-Charge
1,0,0,1.27628827926732,1,0,0,1.35307963738768,1,0,1,1,Long-Tenure Higher-Charge
0,0,0,-0.326526803927558,1,0,1,0.409615312602774,0,0,0,3,Short-Tenure Higher-Charge
1,0,1,1.52287521514345,1,0,0,0.679176548255603,0,1,0,1,Long-Tenure Higher-Charge
1,0,0,1.35848392455936,1,1,1,-1.57839880033684,0,0,0,2,Long-Tenure Lower-Charge
1,0,1,-1.3128745474321,1,0,0,0.207444385863152,1,0,1,3,Short-Tenure Higher-Charge
0,0,0,0.82421223016107,1,1,0,0.847652320538621,0,1,0,1,Long-Tenure Higher-Charge
0,0,0,-1.10738543420198,1,1,0,-0.331678085442506,1,0,1,0,Short-Tenure Lower-Charge
0,0,0,1.07079916603721,1,0,1,1.01612809282164,0,0,0,1,Long-Tenure Higher-Charge
1,0,0,-0.0799398680514234,1,1,0,0.409615312602774,1,0,1,3,Short-Tenure Higher-Charge
1,0,0,-1.23067890214005,1,1,1,0.274834694776359,1,0,1,3,Short-Tenure Higher-Charge
0,0,1,-0.737505030387783,1,0,0,0.106358922493341,1,0,0,3,Short-Tenure Higher-Charge
1,0,0,0.618723116930958,1,1,0,1.35307963738768,1,0,1,1,Long-Tenure Higher-Charge
1,0,1,-1.27177672478607,1,0,1,-0.297982930985903,1,0,0,0,Short-Tenure Lower-Charge
1,1,0,1.52287521514345,1,1,1,1.25199417401786,1,0,0,1,Long-Tenure Higher-Charge
0,0,0,-1.27177672478607,1,0,0,0.847652320538621,1,1,0,3,Short-Tenure Higher-Charge
1,0,0,0.577625294284936,1,0,0,1.52155540967069,1,0,0,1,Long-Tenure Higher-Charge
0,0,1,-0.367624626573581,1,1,1,-1.51100849142363,0,0,1,0,Short-Tenure Lower-Charge
1,0,0,-0.0799398680514234,1,0,0,0.948737783908432,0,0,1,3,Short-Tenure Higher-Charge
0,0,0,0.865310052807093,1,0,0,1.52155540967069,1,0,1,1,Long-Tenure Higher-Charge
1,0,0,-1.3128745474321,1,0,0,-0.36537323989911,0,0,1,0,Short-Tenure Lower-Charge
0,0,1,-0.86079849832585,0,1,1,-1.10666663794439,0,0,0,0,Short-Tenure Lower-Charge
1,0,0,0.618723116930958,1,1,1,0.173749231406548,0,1,0,1,Long-Tenure Higher-Charge
0,1,0,-1.3128745474321,1,0,0,0.274834694776359,1,1,0,3,Short-Tenure Higher-Charge
1,0,0,1.56397303778947,1,1,1,-0.0284216953330735,0,0,0,1,Long-Tenure Higher-Charge
1,0,1,0.947505698099138,1,1,1,-1.37622787359722,0,0,0,2,Long-Tenure Lower-Charge
0,1,0,1.35848392455936,1,1,0,0.510700775972585,1,1,0,1,Long-Tenure Higher-Charge
1,0,1,0.700918762223003,1,1,1,-1.54470364588024,0,0,0,2,Long-Tenure Lower-Charge
0,1,0,1.23519045662129,1,1,1,0.813957166082017,0,1,0,1,Long-Tenure Higher-Charge
1,0,0,-1.3128745474321,1,0,0,-0.702324784465146,1,0,1,0,Short-Tenure Lower-Charge
0,0,0,-1.10738543420198,0,0,0,-0.567544166638732,0,0,0,0,Short-Tenure Lower-Charge
0,0,0,-1.14848325684801,1,1,0,-0.500153857725524,0,0,0,0,Short-Tenure Lower-Charge
0,0,1,0.0844514225326663,1,0,0,0.207444385863152,1,0,0,3,Short-Tenure Higher-Charge
0,0,0,1.56397303778947,1,0,0,1.79111664532352,0,0,0,1,Long-Tenure Higher-Charge
0,0,0,0.372136181054823,1,0,1,0.00527345912353,0,1,0,1,Long-Tenure Higher-Charge
0,0,0,1.27628827926732,1,0,0,-1.57839880033684,0,1,0,2,Long-Tenure Lower-Charge
1,0,0,-1.3128745474321,1,0,0,-0.533849012182128,0,0,0,0,Short-Tenure Lower-Charge
1,0,0,-1.3128745474321,1,1,0,0.140054076949945,1,0,1,3,Short-Tenure Higher-Charge
1,0,0,1.48177739249743,1,0,0,1.38677479184428,0,0,0,1,Long-Tenure Higher-Charge
1,0,0,0.0022557772406214,1,0,1,0.915042629451828,0,0,0,3,Short-Tenure Higher-Charge
0,0,1,-0.53201591715767,1,0,0,-1.54470364588024,0,1,0,0,Short-Tenure Lower-Charge
1,0,1,-0.819700675679827,1,1,1,-1.40992302805382,0,1,0,0,Short-Tenure Lower-Charge
0,0,0,-0.203233335989491,1,0,0,-0.331678085442506,0,0,0,3,Short-Tenure Higher-Charge
0,0,1,1.6050708604355,1,0,0,0.510700775972585,0,0,1,1,Long-Tenure Higher-Charge
1,0,0,-0.984091966263917,1,0,0,0.140054076949945,0,1,0,3,Short-Tenure Higher-Charge
0,0,0,1.6050708604355,1,0,0,1.42046994630088,0,0,0,1,Long-Tenure Higher-Charge
0,1,0,0.783114407515048,1,1,0,-0.196897467616092,0,0,1,2,Long-Tenure Lower-Charge
0,0,0,0.0433535998866439,1,0,0,-0.163202313159488,0,1,0,3,Short-Tenure Higher-Charge
1,0,1,1.56397303778947,1,0,0,1.15090871064805,0,0,0,1,Long-Tenure Higher-Charge
0,0,0,-1.10738543420198,1,0,0,-1.54470364588024,0,0,0,0,Short-Tenure Lower-Charge
0,0,0,-0.0799398680514234,1,0,1,-0.0621168497896772,0,0,0,3,Short-Tenure Higher-Charge
0,1,0,-1.3128745474321,1,0,0,0.847652320538621,1,0,1,3,Short-Tenure Higher-Charge
0,0,1,0.659820939576981,1,0,0,-1.37622787359722,0,0,0,2,Long-Tenure Lower-Charge
0,0,0,-0.244331158635513,1,1,1,-1.54470364588024,0,0,0,0,Short-Tenure Lower-Charge
0,0,0,0.82421223016107,1,0,0,0.915042629451828,0,0,1,1,Long-Tenure Higher-Charge
0,1,0,0.0844514225326663,1,0,0,1.15090871064805,1,0,0,3,Short-Tenure Higher-Charge
1,0,0,-1.27177672478607,1,0,0,1.01612809282164,1,0,1,3,Short-Tenure Higher-Charge
0,0,0,0.536527471638913,0,0,0,-0.73601993892175,0,1,0,2,Long-Tenure Lower-Charge
0,0,0,0.0844514225326663,1,0,0,-1.57839880033684,0,0,0,2,Long-Tenure Lower-Charge
1,0,0,-0.984091966263917,1,1,1,0.274834694776359,0,1,0,3,Short-Tenure Higher-Charge
1,0,0,1.27628827926732,1,1,1,1.28568932847447,0,0,0,1,Long-Tenure Higher-Charge
0,0,0,-0.819700675679827,1,0,0,0.443310467059377,1,0,1,3,Short-Tenure Higher-Charge
0,0,0,0.906407875453115,1,0,1,0.544395930429188,0,0,0,1,Long-Tenure Higher-Charge
0,0,1,0.742016584869025,1,0,0,0.948737783908432,0,0,0,1,Long-Tenure Higher-Charge
0,0,1,-1.14848325684801,1,1,0,-1.40992302805382,0,0,1,0,Short-Tenure Lower-Charge
1,0,1,-0.53201591715767,1,0,0,0.140054076949945,1,0,0,3,Short-Tenure Higher-Charge
0,0,1,-0.408722449219603,1,0,0,-1.34253271914062,0,0,1,0,Short-Tenure Lower-Charge
1,1,1,1.15299481132925,1,0,0,1.11721355619145,0,1,0,1,Long-Tenure Higher-Charge
0,0,1,0.865310052807093,1,1,1,0.140054076949945,0,0,0,1,Long-Tenure Higher-Charge
1,0,0,-0.737505030387783,1,0,0,0.342225003689566,1,0,0,3,Short-Tenure Higher-Charge
0,0,1,1.27628827926732,1,1,1,-1.37622787359722,0,0,0,2,Long-Tenure Lower-Charge
0,0,1,-0.614211562449715,1,1,1,-0.0284216953330735,0,0,0,3,Short-Tenure Higher-Charge
1,0,0,0.783114407515048,1,0,1,1.25199417401786,0,0,0,1,Long-Tenure Higher-Charge
1,0,0,-0.655309385095738,1,1,1,-1.54470364588024,0,0,0,0,Short-Tenure Lower-Charge
0,0,1,-0.244331158635513,1,1,1,-1.54470364588024,0,0,0,0,Short-Tenure Lower-Charge
0,0,0,1.02970134339118,1,1,1,1.52155540967069,0,0,0,1,Long-Tenure Higher-Charge
0,0,1,1.44067956985141,1,0,1,1.45416510075749,0,0,0,1,Long-Tenure Higher-Charge
1,0,0,-1.3128745474321,1,1,0,-1.57839880033684,0,0,1,0,Short-Tenure Lower-Charge
0,0,0,0.906407875453115,1,0,0,0.00527345912353,0,0,1,1,Long-Tenure Higher-Charge
0,0,0,1.6050708604355,1,1,1,0.611786239342395,0,0,0,1,Long-Tenure Higher-Charge
0,0,0,-1.10738543420198,0,1,1,-0.702324784465146,0,0,0,0,Short-Tenure Lower-Charge
0,0,0,1.11189698868323,1,0,1,1.15090871064805,0,1,0,1,Long-Tenure Higher-Charge
1,0,1,1.15299481132925,1,1,0,1.35307963738768,1,0,0,1,Long-Tenure Higher-Charge
0,0,0,-1.27177672478607,1,0,0,-1.51100849142363,1,0,1,0,Short-Tenure Lower-Charge
1,0,0,1.23519045662129,1,0,1,0.207444385863152,0,0,0,1,Long-Tenure Higher-Charge
0,0,0,-0.655309385095738,1,0,1,0.611786239342395,0,0,0,3,Short-Tenure Higher-Charge
1,1,0,1.02970134339118,1,0,0,1.11721355619145,1,0,0,1,Long-Tenure Higher-Charge
0,0,1,-0.285428981281536,1,0,0,-0.533849012182128,0,0,1,0,Short-Tenure Lower-Charge
0,0,1,0.82421223016107,0,0,0,-0.567544166638732,0,0,1,2,Long-Tenure Lower-Charge
0,0,0,-0.326526803927558,1,0,0,-1.57839880033684,0,1,0,0,Short-Tenure Lower-Charge
0,0,0,-1.3128745474321,1,1,0,0.544395930429188,1,0,1,3,Short-Tenure Higher-Charge
0,0,1,-0.367624626573581,1,1,0,-1.51100849142363,0,0,0,0,Short-Tenure Lower-Charge
0,0,0,-1.27177672478607,1,0,0,0.106358922493341,0,0,1,3,Short-Tenure Higher-Charge
1,0,0,-1.3128745474321,1,0,1,-1.54470364588024,1,1,0,0,Short-Tenure Lower-Charge
0,0,0,1.39958174720538,1,0,1,0.308529849232963,0,0,0,1,Long-Tenure Higher-Charge
1,0,0,-0.655309385095738,0,1,0,-0.36537323989911,0,1,0,0,Short-Tenure Lower-Charge
1,0,0,-0.901896320971872,1,1,0,0.140054076949945,0,0,0,3,Short-Tenure Higher-Charge
1,0,0,0.742016584869025,1,0,1,-1.37622787359722,0,0,0,2,Long-Tenure Lower-Charge
0,0,0,-1.23067890214005,1,0,1,0.140054076949945,0,0,1,3,Short-Tenure Higher-Charge
0,1,0,-1.3128745474321,1,1,0,0.443310467059377,1,0,1,3,Short-Tenure Higher-Charge
0,0,1,-1.3128745474321,1,1,0,0.140054076949945,1,0,1,3,Short-Tenure Higher-Charge
0,1,0,1.6050708604355,1,0,0,0.611786239342395,0,0,0,1,Long-Tenure Higher-Charge
1,0,0,-0.573113739803693,1,1,1,-0.0284216953330735,0,0,0,3,Short-Tenure Higher-Charge
1,0,0,1.31738610191334,1,0,0,-1.34253271914062,0,0,1,2,Long-Tenure Lower-Charge
0,0,0,0.495429648992891,1,1,1,1.15090871064805,0,0,0,1,Long-Tenure Higher-Charge
1,0,0,-1.14848325684801,1,0,0,0.780262011625413,0,1,0,3,Short-Tenure Higher-Charge
0,0,0,0.947505698099138,0,0,0,-0.702324784465146,0,0,0,2,Long-Tenure Lower-Charge
0,1,0,-1.18958107949403,1,1,1,0.274834694776359,0,1,0,3,Short-Tenure Higher-Charge
0,0,0,1.27628827926732,1,1,0,0.679176548255603,0,1,0,1,Long-Tenure Higher-Charge
0,0,1,0.331038358408801,1,1,1,-1.54470364588024,0,1,0,2,Long-Tenure Lower-Charge
0,0,0,0.0844514225326663,1,0,1,-0.163202313159488,0,0,0,3,Short-Tenure Higher-Charge
0,0,0,-1.3128745474321,0,1,1,-1.37622787359722,1,0,0,0,Short-Tenure Lower-Charge
0,1,0,-1.23067890214005,1,0,0,0.443310467059377,1,1,0,3,Short-Tenure Higher-Charge
1,1,0,1.15299481132925,1,0,0,-1.37622787359722,0,0,0,2,Long-Tenure Lower-Charge
1,1,0,-1.3128745474321,1,0,1,0.274834694776359,1,0,0,3,Short-Tenure Higher-Charge
0,0,1,0.0844514225326663,1,0,0,-0.331678085442506,0,0,0,2,Long-Tenure Lower-Charge
0,0,1,1.48177739249743,1,0,0,1.5889457185839,0,0,0,1,Long-Tenure Higher-Charge
0,0,0,1.27628827926732,1,1,0,0.0726637680367373,0,0,1,1,Long-Tenure Higher-Charge
1,0,1,0.742016584869025,1,1,1,1.48786025521409,0,0,0,1,Long-Tenure Higher-Charge
1,0,1,-0.655309385095738,1,1,0,-1.54470364588024,0,0,1,0,Short-Tenure Lower-Charge
0,0,1,1.48177739249743,0,0,0,-0.73601993892175,0,0,1,2,Long-Tenure Lower-Charge
1,0,1,-1.3128745474321,0,1,1,-1.1740569468576,1,1,0,0,Short-Tenure Lower-Charge
0,0,1,-0.490918094511648,1,1,1,-0.0284216953330735,0,0,0,3,Short-Tenure Higher-Charge
0,0,0,0.865310052807093,1,1,1,1.04982324727824,0,0,0,1,Long-Tenure Higher-Charge
1,0,0,-1.3128745474321,0,0,1,-1.44361818251043,1,0,0,0,Short-Tenure Lower-Charge
1,0,0,-1.18958107949403,1,0,1,0.140054076949945,1,0,0,3,Short-Tenure Higher-Charge
1,0,1,-1.35397237007812,1,1,1,-0.129507158702884,0,0,1,3,Short-Tenure Higher-Charge
1,0,0,-1.06628761155596,1,1,1,0.140054076949945,0,0,0,3,Short-Tenure Higher-Charge
1,0,1,-0.038842045405401,1,0,1,-1.57839880033684,0,1,0,0,Short-Tenure Lower-Charge
1,0,1,1.6050708604355,1,0,0,-1.54470364588024,0,0,1,2,Long-Tenure Lower-Charge
1,0,0,-0.573113739803693,0,0,0,-0.870800556748164,1,0,0,0,Short-Tenure Lower-Charge
1,0,1,-0.942994143617895,1,1,1,-1.54470364588024,0,0,0,0,Short-Tenure Lower-Charge
1,1,0,-0.490918094511648,1,0,0,0.106358922493341,1,0,1,3,Short-Tenure Higher-Charge
0,1,0,0.495429648992891,1,1,1,0.140054076949945,0,0,0,1,Long-Tenure Higher-Charge
1,1,0,-0.038842045405401,1,1,1,-1.54470364588024,0,0,0,0,Short-Tenure Lower-Charge
0,0,0,0.289940535762779,1,1,1,1.35307963738768,0,0,1,1,Long-Tenure Higher-Charge
0,0,0,0.577625294284936,0,1,1,-0.803410247834957,0,0,0,2,Long-Tenure Lower-Charge
0,0,0,0.125549245178689,0,0,0,-0.432763548812317,0,1,0,2,Long-Tenure Lower-Charge
0,0,1,1.48177739249743,1,0,0,1.31938448293107,0,0,0,1,Long-Tenure Higher-Charge
0,0,0,1.56397303778947,1,1,1,0.510700775972585,0,1,0,1,Long-Tenure Higher-Charge
1,0,0,0.0844514225326663,0,1,0,-0.432763548812317,0,0,0,2,Long-Tenure Lower-Charge
1,0,0,-1.23067890214005,1,1,0,-0.36537323989911,0,0,1,0,Short-Tenure Lower-Charge
1,1,0,1.6050708604355,1,1,0,1.48786025521409,0,1,0,1,Long-Tenure Higher-Charge
1,0,1,1.6050708604355,1,1,0,0.847652320538621,0,1,0,1,Long-Tenure Higher-Charge
0,0,1,1.44067956985141,1,0,0,0.241139540319755,0,0,0,1,Long-Tenure Higher-Charge
0,0,0,0.372136181054823,0,0,0,-0.36537323989911,0,0,0,2,Long-Tenure Lower-Charge
1,1,0,-0.490918094511648,1,1,1,-1.54470364588024,0,0,0,0,Short-Tenure Lower-Charge
0,1,0,-1.02518978890994,1,1,1,0.881347474995224,1,0,0,3,Short-Tenure Higher-Charge
1,1,0,-0.942994143617895,1,1,1,0.308529849232963,0,0,0,3,Short-Tenure Higher-Charge
0,0,0,1.56397303778947,1,1,0,1.38677479184428,0,0,0,1,Long-Tenure Higher-Charge
0,1,0,0.536527471638913,1,0,0,0.847652320538621,0,1,0,1,Long-Tenure Higher-Charge
0,0,1,-1.23067890214005,1,0,1,0.477005621515981,0,0,0,3,Short-Tenure Higher-Charge
0,1,0,-0.86079849832585,1,0,0,0.847652320538621,1,1,0,3,Short-Tenure Higher-Charge
0,0,0,-0.285428981281536,0,1,1,-0.601239321095335,0,1,0,0,Short-Tenure Lower-Charge
1,0,0,-1.23067890214005,1,0,1,-0.533849012182128,0,1,0,0,Short-Tenure Lower-Charge
0,0,0,0.659820939576981,1,0,0,0.274834694776359,0,0,0,1,Long-Tenure Higher-Charge
1,0,0,0.0022557772406214,1,0,1,0.510700775972585,0,0,1,3,Short-Tenure Higher-Charge
1,0,0,0.372136181054823,1,1,1,0.948737783908432,0,0,0,1,Long-Tenure Higher-Charge
1,0,1,-0.0799398680514234,1,1,0,0.308529849232963,0,0,0,3,Short-Tenure Higher-Charge
1,1,1,1.44067956985141,1,1,1,1.38677479184428,0,0,0,1,Long-Tenure Higher-Charge
1,1,1,1.35848392455936,1,0,0,1.69003118195371,0,0,0,1,Long-Tenure Higher-Charge
1,0,1,1.02970134339118,1,0,0,-1.54470364588024,0,0,0,2,Long-Tenure Lower-Charge
1,0,1,0.0844514225326663,1,0,0,-1.54470364588024,0,0,0,2,Long-Tenure Lower-Charge
1,0,0,-1.3128745474321,1,1,0,-1.54470364588024,0,0,0,0,Short-Tenure Lower-Charge
0,0,0,0.289940535762779,1,0,0,0.308529849232963,0,0,0,1,Long-Tenure Higher-Charge
0,0,0,-0.819700675679827,1,0,1,0.342225003689566,0,0,0,3,Short-Tenure Higher-Charge
1,0,0,0.98860352074516,1,0,0,-0.331678085442506,0,0,0,2,Long-Tenure Lower-Charge
1,0,0,-1.3128745474321,1,1,1,-0.668629630008542,1,0,0,0,Short-Tenure Lower-Charge
0,0,0,0.536527471638913,1,1,1,-0.399068394355713,1,1,0,2,Long-Tenure Lower-Charge
0,1,1,0.289940535762779,1,0,0,0.982432938365035,1,0,0,1,Long-Tenure Higher-Charge
1,0,1,-0.490918094511648,1,0,1,0.409615312602774,1,0,1,3,Short-Tenure Higher-Charge
0,0,0,-1.10738543420198,1,1,1,1.08351840173485,1,0,0,3,Short-Tenure Higher-Charge
1,0,1,1.07079916603721,1,1,1,1.52155540967069,0,0,0,1,Long-Tenure Higher-Charge
1,0,0,-0.737505030387783,1,0,0,-0.230592622072695,1,1,0,3,Short-Tenure Higher-Charge
0,0,0,-0.244331158635513,1,0,1,0.982432938365035,1,0,0,3,Short-Tenure Higher-Charge
1,0,0,1.56397303778947,1,0,0,1.69003118195371,0,0,0,1,Long-Tenure Higher-Charge
0,0,0,0.495429648992891,1,0,1,0.780262011625413,0,0,0,1,Long-Tenure Higher-Charge
1,0,0,-1.18958107949403,1,0,0,-1.51100849142363,0,0,0,0,Short-Tenure Lower-Charge
0,0,0,-1.3128745474321,1,1,0,-1.54470364588024,1,1,0,0,Short-Tenure Lower-Charge
1,0,1,0.577625294284936,1,1,1,1.11721355619145,1,1,0,1,Long-Tenure Higher-Charge
1,0,0,0.0433535998866439,1,1,1,-0.533849012182128,0,0,0,2,Long-Tenure Lower-Charge
0,0,1,-0.614211562449715,1,0,0,-0.399068394355713,0,0,0,0,Short-Tenure Lower-Charge
0,0,0,-1.02518978890994,1,1,1,-0.399068394355713,0,0,0,0,Short-Tenure Lower-Charge
1,0,0,-1.06628761155596,0,1,1,-1.00558117457458,0,0,0,0,Short-Tenure Lower-Charge
1,0,1,-1.14848325684801,1,1,1,0.611786239342395,1,0,0,3,Short-Tenure Higher-Charge
0,0,0,0.248842713116756,1,1,1,-0.230592622072695,0,0,0,2,Long-Tenure Lower-Charge
1,0,1,-0.162135513343468,1,1,1,-1.51100849142363,0,0,1,0,Short-Tenure Lower-Charge
0,0,0,-1.3128745474321,1,0,0,-0.36537323989911,1,0,0,0,Short-Tenure Lower-Charge
1,0,1,-0.0799398680514234,0,1,1,-1.37622787359722,0,1,0,0,Short-Tenure Lower-Charge
1,0,0,-1.27177672478607,0,1,1,-1.40992302805382,0,0,0,0,Short-Tenure Lower-Charge
1,0,0,1.23519045662129,1,0,0,0.173749231406548,0,1,0,1,Long-Tenure Higher-Charge
1,0,0,-0.53201591715767,1,0,0,0.443310467059377,0,1,0,3,Short-Tenure Higher-Charge
0,0,0,1.56397303778947,1,0,0,0.578091084885792,0,0,1,1,Long-Tenure Higher-Charge
0,0,0,1.35848392455936,1,0,1,-0.163202313159488,0,0,0,2,Long-Tenure Lower-Charge
1,0,0,-1.02518978890994,1,0,0,-0.702324784465146,1,1,0,0,Short-Tenure Lower-Charge
0,0,0,-1.27177672478607,1,0,1,1.01612809282164,1,0,1,3,Short-Tenure Higher-Charge
1,0,0,-1.23067890214005,0,1,1,-1.03927632903118,0,0,0,0,Short-Tenure Lower-Charge
0,0,0,0.577625294284936,1,0,0,-1.54470364588024,0,0,0,2,Long-Tenure Lower-Charge
1,0,0,-1.27177672478607,0,1,1,-0.567544166638732,1,1,0,0,Short-Tenure Lower-Charge
1,0,0,-1.3128745474321,1,0,0,0.274834694776359,0,0,0,3,Short-Tenure Higher-Charge
0,0,0,-1.06628761155596,1,0,0,-1.54470364588024,0,1,0,0,Short-Tenure Lower-Charge
1,0,1,1.48177739249743,1,1,0,1.31938448293107,0,1,0,1,Long-Tenure Higher-Charge
1,0,0,-1.14848325684801,1,0,0,1.31938448293107,0,0,0,3,Short-Tenure Higher-Charge
0,0,0,1.56397303778947,1,1,1,-1.54470364588024,0,0,0,2,Long-Tenure Lower-Charge
0,0,0,-1.3128745474321,1,0,1,0.274834694776359,1,0,0,3,Short-Tenure Higher-Charge
0,0,1,-0.778602853033805,1,0,0,0.813957166082017,1,1,0,3,Short-Tenure Higher-Charge
0,0,0,-0.162135513343468,1,1,1,-1.57839880033684,0,0,0,0,Short-Tenure Lower-Charge
1,0,0,0.947505698099138,1,0,0,0.544395930429188,0,0,0,1,Long-Tenure Higher-Charge
1,1,0,-1.10738543420198,1,0,1,1.01612809282164,1,0,0,3,Short-Tenure Higher-Charge
1,1,0,-1.3128745474321,0,1,1,-0.870800556748164,1,0,0,0,Short-Tenure Lower-Charge
0,0,1,0.536527471638913,1,1,1,0.847652320538621,0,0,0,1,Long-Tenure Higher-Charge
1,0,0,-0.53201591715767,1,0,0,1.42046994630088,0,0,0,3,Short-Tenure Higher-Charge
0,1,0,-0.53201591715767,1,0,0,0.679176548255603,1,0,1,3,Short-Tenure Higher-Charge
0,1,0,0.166647067824711,1,1,0,0.342225003689566,1,1,0,3,Short-Tenure Higher-Charge
0,0,1,-0.367624626573581,1,1,1,-1.54470364588024,0,1,0,0,Short-Tenure Lower-Charge
1,0,1,-0.162135513343468,1,0,1,0.982432938365035,1,0,0,3,Short-Tenure Higher-Charge
0,0,0,-0.490918094511648,1,1,1,1.28568932847447,1,0,0,3,Short-Tenure Higher-Charge
1,0,1,-0.573113739803693,1,0,0,1.25199417401786,1,0,1,3,Short-Tenure Higher-Charge
0,0,0,0.865310052807093,1,0,0,0.510700775972585,0,0,1,1,Long-Tenure Higher-Charge
1,0,0,-1.27177672478607,1,0,1,-1.57839880033684,1,0,0,0,Short-Tenure Lower-Charge
0,1,0,-0.244331158635513,1,0,1,1.28568932847447,1,0,0,3,Short-Tenure Higher-Charge
1,0,0,0.536527471638913,0,1,0,-0.163202313159488,0,0,1,2,Long-Tenure Lower-Charge
0,0,0,-0.614211562449715,1,0,0,-1.54470364588024,0,0,1,0,Short-Tenure Lower-Charge
0,0,1,0.413234003700846,1,0,0,-0.331678085442506,1,0,0,2,Long-Tenure Lower-Charge
0,0,0,-1.23067890214005,1,0,0,-1.54470364588024,0,0,1,0,Short-Tenure Lower-Charge
1,0,0,-1.18958107949403,1,1,0,-0.702324784465146,0,1,0,0,Short-Tenure Lower-Charge
1,0,1,-1.10738543420198,1,1,1,0.611786239342395,1,0,0,3,Short-Tenure Higher-Charge
1,1,0,0.0844514225326663,1,1,1,1.18460386510466,0,1,0,1,Long-Tenure Higher-Charge
0,0,1,1.44067956985141,0,0,0,-0.196897467616092,0,0,0,2,Long-Tenure Lower-Charge
0,0,0,-1.14848325684801,1,0,0,1.01612809282164,1,0,0,3,Short-Tenure Higher-Charge
0,0,0,-1.23067890214005,1,0,0,-0.702324784465146,0,0,0,0,Short-Tenure Lower-Charge
0,1,0,-1.18958107949403,1,1,0,0.241139540319755,0,1,0,3,Short-Tenure Higher-Charge
0,0,0,-1.18958107949403,1,0,0,-1.37622787359722,0,0,0,0,Short-Tenure Lower-Charge
0,0,0,-1.27177672478607,1,0,0,0.477005621515981,1,0,0,3,Short-Tenure Higher-Charge
1,0,1,0.289940535762779,1,1,1,1.48786025521409,0,0,0,1,Long-Tenure Higher-Charge
1,0,0,-0.942994143617895,1,0,0,0.982432938365035,0,0,0,3,Short-Tenure Higher-Charge
1,1,0,-0.367624626573581,1,0,1,0.477005621515981,0,0,0,3,Short-Tenure Higher-Charge
0,1,0,1.6050708604355,1,0,0,1.38677479184428,0,0,1,1,Long-Tenure Higher-Charge
0,0,0,-0.367624626573581,1,0,0,1.11721355619145,1,0,0,3,Short-Tenure Higher-Charge
0,0,0,1.6050708604355,1,0,0,0.712871702712206,0,0,1,1,Long-Tenure Higher-Charge
0,0,0,-1.3128745474321,1,0,1,-0.466458703268921,1,0,0,0,Short-Tenure Lower-Charge
0,0,0,-0.614211562449715,1,1,0,0.74656685716881,1,0,0,3,Short-Tenure Higher-Charge
1,0,0,-1.18958107949403,0,0,0,-0.870800556748164,0,0,0,0,Short-Tenure Lower-Charge
1,1,0,0.125549245178689,1,0,1,0.847652320538621,1,0,0,3,Short-Tenure Higher-Charge
0,0,0,-0.901896320971872,1,0,0,0.308529849232963,0,0,1,3,Short-Tenure Higher-Charge
1,0,0,-1.3128745474321,1,1,0,0.140054076949945,1,0,0,3,Short-Tenure Higher-Charge
1,0,0,0.372136181054823,1,0,0,0.477005621515981,0,0,1,1,Long-Tenure Higher-Charge
0,1,0,-0.69640720774176,1,1,0,0.645481393798999,1,0,1,3,Short-Tenure Higher-Charge
1,0,0,0.700918762223003,1,1,1,1.6226408730405,0,0,0,1,Long-Tenure Higher-Charge
0,0,1,0.207744890470734,1,0,1,-1.54470364588024,0,0,0,2,Long-Tenure Lower-Charge
1,1,1,-0.367624626573581,1,0,0,0.477005621515981,0,0,1,3,Short-Tenure Higher-Charge
1,0,1,-0.0799398680514234,1,0,0,-0.196897467616092,0,0,1,3,Short-Tenure Higher-Charge
1,0,1,-1.02518978890994,1,0,1,-1.57839880033684,0,0,0,0,Short-Tenure Lower-Charge
0,1,0,0.413234003700846,1,0,0,1.42046994630088,1,0,0,1,Long-Tenure Higher-Charge
0,0,0,0.98860352074516,1,1,1,0.140054076949945,0,0,1,1,Long-Tenure Higher-Charge
0,0,1,-0.819700675679827,1,0,0,-1.51100849142363,0,0,1,0,Short-Tenure Lower-Charge
1,0,0,0.289940535762779,1,1,1,0.813957166082017,0,1,0,1,Long-Tenure Higher-Charge
1,0,1,-0.408722449219603,1,0,1,-1.54470364588024,0,0,0,0,Short-Tenure Lower-Charge
0,0,1,1.6050708604355,1,0,0,0.611786239342395,0,0,0,1,Long-Tenure Higher-Charge
0,0,0,0.906407875453115,1,1,1,0.611786239342395,0,0,0,1,Long-Tenure Higher-Charge
1,0,0,0.618723116930958,1,1,0,1.52155540967069,0,0,1,1,Long-Tenure Higher-Charge
0,0,1,0.125549245178689,1,0,1,1.04982324727824,1,0,0,1,Long-Tenure Higher-Charge
1,0,0,-0.901896320971872,1,0,0,0.106358922493341,0,0,0,3,Short-Tenure Higher-Charge
0,0,0,-1.3128745474321,1,0,1,0.645481393798999,0,1,0,3,Short-Tenure Higher-Charge
0,0,0,0.82421223016107,1,0,1,1.08351840173485,1,0,0,1,Long-Tenure Higher-Charge
1,0,0,1.52287521514345,0,1,0,-0.500153857725524,0,0,0,2,Long-Tenure Lower-Charge
1,0,0,-0.86079849832585,1,1,1,1.01612809282164,0,0,0,3,Short-Tenure Higher-Charge
1,0,0,-0.449820271865625,1,0,0,0.982432938365035,1,0,0,3,Short-Tenure Higher-Charge
0,0,1,0.906407875453115,1,0,0,0.106358922493341,0,1,0,1,Long-Tenure Higher-Charge
0,1,0,-0.203233335989491,1,1,1,-0.0621168497896772,0,0,0,3,Short-Tenure Higher-Charge
0,0,1,1.02970134339118,1,0,0,-1.54470364588024,0,0,0,2,Long-Tenure Lower-Charge
1,0,0,-0.573113739803693,1,0,1,-1.54470364588024,0,0,0,0,Short-Tenure Lower-Charge
0,0,0,-0.573113739803693,1,1,1,0.982432938365035,1,0,0,3,Short-Tenure Higher-Charge
1,0,0,-0.0799398680514234,1,0,1,0.207444385863152,0,0,0,3,Short-Tenure Higher-Charge
0,0,0,-0.819700675679827,1,0,0,0.780262011625413,1,0,1,3,Short-Tenure Higher-Charge
1,0,0,-1.3128745474321,1,0,0,-1.54470364588024,1,0,0,0,Short-Tenure Lower-Charge
1,0,1,-1.3128745474321,1,1,1,0.173749231406548,1,0,0,3,Short-Tenure Higher-Charge
0,1,0,-0.614211562449715,1,0,0,0.274834694776359,0,0,0,3,Short-Tenure Higher-Charge
0,0,1,-1.27177672478607,1,0,0,-1.54470364588024,0,0,0,0,Short-Tenure Lower-Charge
1,0,0,1.52287521514345,1,0,0,-0.0284216953330735,0,0,0,1,Long-Tenure Higher-Charge
1,1,0,0.454331826346868,1,0,1,-1.57839880033684,0,1,0,2,Long-Tenure Lower-Charge
0,0,1,-1.18958107949403,1,0,0,-1.51100849142363,0,1,0,0,Short-Tenure Lower-Charge
1,0,0,1.31738610191334,1,0,1,0.342225003689566,0,0,0,1,Long-Tenure Higher-Charge
0,1,0,1.56397303778947,1,0,0,1.15090871064805,0,1,0,1,Long-Tenure Higher-Charge
0,0,1,1.27628827926732,1,0,1,-0.399068394355713,0,1,0,2,Long-Tenure Lower-Charge
0,0,0,-0.203233335989491,1,0,0,0.881347474995224,1,0,0,3,Short-Tenure Higher-Charge
0,1,0,-0.69640720774176,1,0,1,1.01612809282164,1,0,0,3,Short-Tenure Higher-Charge
0,0,1,1.52287521514345,1,1,0,1.6226408730405,1,1,0,1,Long-Tenure Higher-Charge
0,0,1,0.248842713116756,1,0,0,0.544395930429188,0,0,0,1,Long-Tenure Higher-Charge
1,0,0,-0.573113739803693,1,1,0,-0.702324784465146,0,1,0,0,Short-Tenure Lower-Charge
0,0,0,1.11189698868323,1,1,0,1.31938448293107,0,0,0,1,Long-Tenure Higher-Charge
1,0,0,0.742016584869025,1,0,0,0.813957166082017,0,0,1,1,Long-Tenure Higher-Charge
0,1,0,0.947505698099138,1,1,0,1.48786025521409,0,1,0,1,Long-Tenure Higher-Charge
1,0,0,1.35848392455936,1,1,1,1.31938448293107,1,0,1,1,Long-Tenure Higher-Charge
0,0,1,1.02970134339118,0,1,0,-0.331678085442506,0,0,1,2,Long-Tenure Lower-Charge
0,0,1,1.48177739249743,1,1,1,-0.230592622072695,0,1,0,2,Long-Tenure Lower-Charge
0,0,0,-0.244331158635513,1,0,0,-0.331678085442506,0,0,0,3,Short-Tenure Higher-Charge
0,0,0,-1.3128745474321,1,0,0,-0.567544166638732,0,0,1,0,Short-Tenure Lower-Charge
0,0,0,-1.06628761155596,0,0,1,-1.37622787359722,0,0,0,0,Short-Tenure Lower-Charge
1,1,0,-1.02518978890994,1,0,0,0.140054076949945,1,0,0,3,Short-Tenure Higher-Charge
1,0,1,-0.737505030387783,1,1,0,0.140054076949945,0,0,1,3,Short-Tenure Higher-Charge
1,0,0,-0.984091966263917,1,0,1,-1.54470364588024,0,0,0,0,Short-Tenure Lower-Charge
1,0,0,-0.86079849832585,1,0,1,0.0389686135801337,0,0,0,3,Short-Tenure Higher-Charge
0,0,0,-0.326526803927558,1,1,1,0.173749231406548,0,0,1,3,Short-Tenure Higher-Charge
0,0,1,-0.203233335989491,1,0,0,0.510700775972585,1,0,1,3,Short-Tenure Higher-Charge
0,0,0,0.659820939576981,1,0,0,1.18460386510466,0,0,1,1,Long-Tenure Higher-Charge
1,1,0,0.98860352074516,0,1,1,-0.702324784465146,1,0,0,2,Long-Tenure Lower-Charge
1,0,0,-0.901896320971872,1,1,1,-1.51100849142363,0,1,0,0,Short-Tenure Lower-Charge
0,0,1,0.166647067824711,1,0,1,0.982432938365035,0,0,0,1,Long-Tenure Higher-Charge
1,0,0,0.289940535762779,1,1,0,1.18460386510466,1,0,0,1,Long-Tenure Higher-Charge
1,0,0,0.865310052807093,0,1,1,-0.702324784465146,0,1,0,2,Long-Tenure Lower-Charge
1,0,0,-0.86079849832585,1,0,0,0.645481393798999,0,0,1,3,Short-Tenure Higher-Charge
1,0,0,-1.18958107949403,1,0,1,-0.36537323989911,0,0,1,0,Short-Tenure Lower-Charge
1,0,1,1.35848392455936,1,0,1,1.25199417401786,0,0,0,1,Long-Tenure Higher-Charge
1,0,1,1.52287521514345,0,0,0,-0.196897467616092,0,1,0,2,Long-Tenure Lower-Charge
0,0,0,-1.3128745474321,1,1,1,0.308529849232963,1,1,0,3,Short-Tenure Higher-Charge
1,0,0,1.02970134339118,1,0,0,1.25199417401786,1,0,1,1,Long-Tenure Higher-Charge
1,1,0,0.577625294284936,1,1,0,0.679176548255603,0,0,1,1,Long-Tenure Higher-Charge
0,1,0,-1.18958107949403,1,1,1,0.443310467059377,1,1,0,3,Short-Tenure Higher-Charge
0,0,1,0.98860352074516,1,0,0,-0.230592622072695,0,0,0,2,Long-Tenure Lower-Charge
0,0,0,-0.737505030387783,1,0,0,0.948737783908432,0,0,1,3,Short-Tenure Higher-Charge
0,0,0,-0.367624626573581,1,0,0,0.813957166082017,0,1,0,3,Short-Tenure Higher-Charge
0,0,0,-0.53201591715767,1,0,0,-1.57839880033684,0,0,1,0,Short-Tenure Lower-Charge
1,1,0,1.15299481132925,1,1,0,1.08351840173485,0,0,0,1,Long-Tenure Higher-Charge
0,0,0,-0.69640720774176,0,0,1,-0.533849012182128,1,0,0,0,Short-Tenure Lower-Charge
0,0,0,1.6050708604355,1,1,0,1.08351840173485,0,0,1,1,Long-Tenure Higher-Charge
0,1,0,-0.778602853033805,0,0,0,-0.870800556748164,0,0,0,0,Short-Tenure Lower-Charge
1,0,0,-1.27177672478607,1,1,1,-0.668629630008542,1,0,0,0,Short-Tenure Lower-Charge
1,0,1,1.27628827926732,1,0,0,0.881347474995224,0,1,0,1,Long-Tenure Higher-Charge
1,0,0,-0.121037690697446,1,1,1,-1.54470364588024,0,0,1,0,Short-Tenure Lower-Charge
1,0,0,1.27628827926732,1,1,1,0.780262011625413,0,1,0,1,Long-Tenure Higher-Charge
1,0,0,1.15299481132925,1,0,1,1.5552505641273,1,0,0,1,Long-Tenure Higher-Charge
0,0,1,0.700918762223003,1,1,0,0.611786239342395,0,0,0,1,Long-Tenure Higher-Charge
0,0,0,0.577625294284936,1,0,1,0.982432938365035,0,0,0,1,Long-Tenure Higher-Charge
1,0,0,0.742016584869025,1,1,1,-0.196897467616092,0,0,0,2,Long-Tenure Lower-Charge
0,0,0,0.166647067824711,1,0,0,0.847652320538621,0,0,1,3,Short-Tenure Higher-Charge
0,1,0,1.27628827926732,1,1,1,1.04982324727824,0,0,0,1,Long-Tenure Higher-Charge
1,0,0,1.11189698868323,0,1,1,-0.196897467616092,0,0,0,2,Long-Tenure Lower-Charge
1,0,0,-1.3128745474321,1,1,1,-1.54470364588024,0,1,0,0,Short-Tenure Lower-Charge
1,0,0,-0.778602853033805,1,0,0,0.544395930429188,0,0,0,3,Short-Tenure Higher-Charge
0,0,0,-1.3128745474321,1,0,0,0.342225003689566,1,0,1,3,Short-Tenure Higher-Charge
0,0,1,-0.655309385095738,1,0,0,0.74656685716881,1,1,0,3,Short-Tenure Higher-Charge
1,0,0,1.23519045662129,1,1,0,1.28568932847447,0,1,0,1,Long-Tenure Higher-Charge
0,0,1,1.6050708604355,1,0,0,-1.34253271914062,0,1,0,2,Long-Tenure Lower-Charge
1,0,1,-0.162135513343468,1,1,1,1.18460386510466,0,0,1,3,Short-Tenure Higher-Charge
0,0,1,-0.614211562449715,1,0,0,-0.129507158702884,0,0,0,3,Short-Tenure Higher-Charge
1,1,0,0.207744890470734,1,0,0,0.140054076949945,1,1,0,3,Short-Tenure Higher-Charge
1,1,0,-0.285428981281536,1,1,0,-1.57839880033684,0,0,1,0,Short-Tenure Lower-Charge
1,1,0,1.52287521514345,1,0,0,1.31938448293107,0,0,0,1,Long-Tenure Higher-Charge
0,0,0,-1.06628761155596,1,0,1,0.443310467059377,1,0,0,3,Short-Tenure Higher-Charge
0,0,0,-0.449820271865625,1,1,1,-1.51100849142363,0,0,0,0,Short-Tenure Lower-Charge
0,0,1,-0.326526803927558,1,1,1,-0.36537323989911,0,0,0,0,Short-Tenure Lower-Charge
1,0,0,0.0022557772406214,0,1,0,-0.904495711204768,0,1,0,0,Short-Tenure Lower-Charge
1,1,0,-0.244331158635513,1,0,1,1.01612809282164,1,0,0,3,Short-Tenure Higher-Charge
1,0,1,-0.737505030387783,1,1,1,0.308529849232963,1,0,0,3,Short-Tenure Higher-Charge
0,0,0,0.331038358408801,1,0,0,-1.37622787359722,0,0,0,2,Long-Tenure Lower-Charge
1,0,0,0.207744890470734,1,1,1,0.982432938365035,0,0,0,1,Long-Tenure Higher-Charge
1,1,0,0.454331826346868,1,0,1,0.780262011625413,0,0,0,1,Long-Tenure Higher-Charge
1,0,1,1.35848392455936,1,0,0,-1.54470364588024,0,0,0,2,Long-Tenure Lower-Charge
1,0,1,-0.573113739803693,1,0,0,-1.51100849142363,0,0,1,0,Short-Tenure Lower-Charge
1,0,0,-0.655309385095738,1,0,0,0.813957166082017,1,1,0,3,Short-Tenure Higher-Charge
1,0,0,-1.06628761155596,1,0,0,0.308529849232963,0,0,0,3,Short-Tenure Higher-Charge
0,1,0,-0.490918094511648,1,1,1,0.207444385863152,0,0,0,3,Short-Tenure Higher-Charge
1,0,0,1.15299481132925,1,1,0,0.948737783908432,1,0,0,1,Long-Tenure Higher-Charge
0,0,0,-1.18958107949403,1,1,1,-0.500153857725524,0,0,0,0,Short-Tenure Lower-Charge
1,0,1,1.02970134339118,1,1,0,0.308529849232963,0,0,1,1,Long-Tenure Higher-Charge
0,0,1,-0.490918094511648,0,1,0,-0.331678085442506,1,0,0,0,Short-Tenure Lower-Charge
1,0,1,1.11189698868323,1,1,1,-1.54470364588024,0,0,0,2,Long-Tenure Lower-Charge
0,0,0,0.413234003700846,1,0,1,-1.34253271914062,0,0,0,2,Long-Tenure Lower-Charge
1,1,0,0.125549245178689,1,1,1,0.645481393798999,1,0,0,3,Short-Tenure Higher-Charge
0,1,0,0.98860352074516,0,1,1,-0.36537323989911,0,0,0,2,Long-Tenure Lower-Charge
1,0,0,-0.367624626573581,1,1,1,-0.36537323989911,0,0,0,0,Short-Tenure Lower-Charge
1,0,1,1.44067956985141,1,0,0,1.31938448293107,0,0,1,1,Long-Tenure Higher-Charge
1,0,0,1.6050708604355,1,1,0,0.982432938365035,0,1,0,1,Long-Tenure Higher-Charge
1,0,0,-0.984091966263917,0,1,1,-0.870800556748164,0,0,0,0,Short-Tenure Lower-Charge
1,0,1,1.35848392455936,1,1,1,0.477005621515981,0,0,0,1,Long-Tenure Higher-Charge
0,0,0,-1.02518978890994,1,0,0,0.274834694776359,0,0,0,3,Short-Tenure Higher-Charge
0,0,1,0.700918762223003,1,0,1,1.25199417401786,0,1,0,1,Long-Tenure Higher-Charge
0,0,0,-0.942994143617895,1,1,0,0.342225003689566,0,0,1,3,Short-Tenure Higher-Charge
1,0,0,0.865310052807093,0,1,1,-1.2077521013142,0,0,0,2,Long-Tenure Lower-Charge
0,0,0,-1.3128745474321,1,1,0,0.477005621515981,1,0,1,3,Short-Tenure Higher-Charge
1,0,0,1.56397303778947,1,0,1,1.45416510075749,0,0,0,1,Long-Tenure Higher-Charge
1,0,1,-1.18958107949403,1,1,1,1.18460386510466,1,0,0,3,Short-Tenure Higher-Charge
1,0,0,0.0022557772406214,1,1,0,-0.36537323989911,0,0,1,3,Short-Tenure Higher-Charge
1,1,0,-0.942994143617895,1,1,1,0.712871702712206,1,1,0,3,Short-Tenure Higher-Charge
0,0,0,1.6050708604355,0,0,0,-0.567544166638732,0,0,0,2,Long-Tenure Lower-Charge
0,1,0,-1.3128745474321,1,1,0,-1.51100849142363,1,1,0,0,Short-Tenure Lower-Charge
0,0,0,1.39958174720538,1,1,0,-1.34253271914062,0,0,1,2,Long-Tenure Lower-Charge
0,0,0,-0.449820271865625,1,1,0,0.477005621515981,0,0,1,3,Short-Tenure Higher-Charge
1,0,0,1.19409263397527,1,0,0,1.04982324727824,1,0,1,1,Long-Tenure Higher-Charge
0,1,0,-0.490918094511648,0,1,0,-0.803410247834957,1,0,0,0,Short-Tenure Lower-Charge
0,0,1,1.44067956985141,1,0,1,1.5552505641273,0,0,0,1,Long-Tenure Higher-Charge
1,0,0,-1.06628761155596,1,1,0,1.08351840173485,1,0,0,3,Short-Tenure Higher-Charge
0,0,0,1.02970134339118,1,1,0,0.477005621515981,0,1,0,1,Long-Tenure Higher-Charge
0,0,1,-0.408722449219603,1,0,0,0.611786239342395,0,0,1,3,Short-Tenure Higher-Charge
1,1,0,1.56397303778947,1,0,0,-1.40992302805382,0,0,0,2,Long-Tenure Lower-Charge
0,0,0,0.331038358408801,1,1,1,0.679176548255603,0,0,0,1,Long-Tenure Higher-Charge
0,0,1,-1.35397237007812,0,0,0,-0.331678085442506,0,0,1,0,Short-Tenure Lower-Charge
1,0,0,1.15299481132925,0,0,0,-0.129507158702884,0,1,0,2,Long-Tenure Lower-Charge
0,0,1,0.536527471638913,1,1,1,1.15090871064805,0,0,1,1,Long-Tenure Higher-Charge
0,0,0,-1.10738543420198,1,0,0,-1.51100849142363,0,0,0,0,Short-Tenure Lower-Charge
1,0,0,-1.06628761155596,1,1,0,0.948737783908432,1,1,0,3,Short-Tenure Higher-Charge
1,0,0,-0.490918094511648,1,1,1,0.274834694776359,0,0,0,3,Short-Tenure Higher-Charge
0,1,0,-0.819700675679827,1,0,0,0.982432938365035,1,0,1,3,Short-Tenure Higher-Charge
0,0,1,-0.449820271865625,1,1,1,0.578091084885792,1,0,1,3,Short-Tenure Higher-Charge
0,0,0,-0.285428981281536,1,0,0,0.106358922493341,0,1,0,3,Short-Tenure Higher-Charge
1,0,0,-1.18958107949403,0,0,0,-0.803410247834957,0,0,1,0,Short-Tenure Lower-Charge
0,0,1,1.23519045662129,1,1,1,-1.54470364588024,0,1,0,2,Long-Tenure Lower-Charge
1,1,0,-1.14848325684801,1,1,1,0.477005621515981,1,0,0,3,Short-Tenure Higher-Charge
0,0,0,0.906407875453115,1,1,1,0.948737783908432,0,0,0,1,Long-Tenure Higher-Charge
1,0,1,0.742016584869025,1,1,1,0.342225003689566,0,0,0,1,Long-Tenure Higher-Charge
0,0,1,0.947505698099138,1,1,1,0.106358922493341,0,0,1,1,Long-Tenure Higher-Charge
1,0,0,-0.614211562449715,1,0,1,-1.54470364588024,0,0,0,0,Short-Tenure Lower-Charge
1,0,0,1.6050708604355,1,0,0,1.35307963738768,0,0,0,1,Long-Tenure Higher-Charge
0,0,1,-0.573113739803693,1,1,0,-0.533849012182128,0,0,1,0,Short-Tenure Lower-Charge
1,1,0,-0.449820271865625,1,1,1,1.04982324727824,1,0,0,3,Short-Tenure Higher-Charge
0,0,0,0.331038358408801,0,1,0,-1.03927632903118,0,0,1,2,Long-Tenure Lower-Charge
1,0,1,-1.14848325684801,1,1,0,-1.57839880033684,0,1,0,0,Short-Tenure Lower-Charge
0,0,0,0.98860352074516,1,1,0,0.274834694776359,0,0,0,1,Long-Tenure Higher-Charge
1,1,0,-0.162135513343468,1,1,0,1.18460386510466,0,1,0,3,Short-Tenure Higher-Charge
0,0,1,0.0022557772406214,1,0,0,0.948737783908432,1,0,1,3,Short-Tenure Higher-Charge
0,0,0,1.6050708604355,1,0,0,1.08351840173485,0,0,0,1,Long-Tenure Higher-Charge
1,0,0,-0.0799398680514234,1,0,0,0.780262011625413,0,0,1,3,Short-Tenure Higher-Charge
1,1,0,0.783114407515048,1,0,0,1.28568932847447,0,1,0,1,Long-Tenure Higher-Charge
1,0,1,0.0844514225326663,1,0,1,-1.54470364588024,0,0,0,2,Long-Tenure Lower-Charge
0,0,1,-1.06628761155596,1,0,1,-1.54470364588024,0,0,0,0,Short-Tenure Lower-Charge
0,0,0,-0.449820271865625,1,0,1,-0.36537323989911,0,0,0,0,Short-Tenure Lower-Charge
1,0,0,-1.10738543420198,1,0,0,0.308529849232963,1,1,0,3,Short-Tenure Higher-Charge
0,0,0,1.11189698868323,0,0,0,-0.938190865661371,0,0,1,2,Long-Tenure Lower-Charge
1,0,1,-0.367624626573581,1,1,1,-1.54470364588024,0,0,0,0,Short-Tenure Lower-Charge
0,1,0,-0.0799398680514234,1,1,1,0.274834694776359,0,0,0,3,Short-Tenure Higher-Charge
1,0,0,-0.285428981281536,1,1,0,0.679176548255603,0,0,0,3,Short-Tenure Higher-Charge
1,0,1,-1.3128745474321,1,1,0,0.140054076949945,1,0,0,3,Short-Tenure Higher-Charge
1,0,1,0.289940535762779,1,0,0,-1.54470364588024,0,0,1,2,Long-Tenure Lower-Charge
1,0,1,-0.942994143617895,1,1,1,-1.54470364588024,0,1,0,0,Short-Tenure Lower-Charge
0,0,1,1.52287521514345,1,1,0,-1.57839880033684,0,0,0,2,Long-Tenure Lower-Charge
1,0,0,-1.23067890214005,1,0,1,-0.36537323989911,1,0,0,0,Short-Tenure Lower-Charge
1,1,0,0.536527471638913,1,1,1,0.645481393798999,1,1,0,1,Long-Tenure Higher-Charge
1,0,0,1.07079916603721,1,0,0,1.48786025521409,1,0,0,1,Long-Tenure Higher-Charge
0,1,0,0.618723116930958,1,0,0,0.173749231406548,0,0,0,1,Long-Tenure Higher-Charge
1,0,0,1.07079916603721,1,1,1,-1.57839880033684,1,0,1,2,Long-Tenure Lower-Charge
0,0,0,-0.162135513343468,0,0,0,-1.1740569468576,1,0,0,0,Short-Tenure Lower-Charge
0,1,0,-1.02518978890994,1,0,0,-1.54470364588024,1,0,0,0,Short-Tenure Lower-Charge
0,0,1,-0.984091966263917,1,1,1,-1.54470364588024,0,1,0,0,Short-Tenure Lower-Charge
0,0,0,-1.02518978890994,1,0,1,-0.264287776529299,0,0,0,3,Short-Tenure Higher-Charge
0,0,0,-0.203233335989491,1,0,0,0.813957166082017,1,0,0,3,Short-Tenure Higher-Charge
0,0,1,-0.53201591715767,1,1,0,0.342225003689566,0,0,0,3,Short-Tenure Higher-Charge
0,1,0,0.947505698099138,1,0,1,1.31938448293107,1,0,0,1,Long-Tenure Higher-Charge
0,0,0,0.659820939576981,0,1,0,-0.837105402291561,0,0,1,2,Long-Tenure Lower-Charge
0,0,0,-1.14848325684801,1,0,1,0.780262011625413,1,1,0,3,Short-Tenure Higher-Charge
0,0,0,-0.614211562449715,1,0,0,0.813957166082017,1,0,1,3,Short-Tenure Higher-Charge
1,0,1,1.56397303778947,1,1,1,0.813957166082017,0,0,1,1,Long-Tenure Higher-Charge
1,0,0,-0.53201591715767,1,1,1,0.780262011625413,1,0,0,3,Short-Tenure Higher-Charge
1,0,0,0.289940535762779,0,0,0,-0.803410247834957,1,0,1,2,Long-Tenure Lower-Charge
0,0,0,-0.614211562449715,1,1,1,-0.163202313159488,0,0,0,3,Short-Tenure Higher-Charge
0,0,1,0.207744890470734,1,0,1,-1.54470364588024,0,0,1,2,Long-Tenure Lower-Charge
0,1,0,1.39958174720538,1,1,1,1.35307963738768,0,0,0,1,Long-Tenure Higher-Charge
0,0,1,-0.655309385095738,1,0,0,-0.36537323989911,0,1,0,0,Short-Tenure Lower-Charge
1,0,0,-1.3128745474321,0,1,1,-1.03927632903118,1,0,1,0,Short-Tenure Lower-Charge
1,0,0,1.44067956985141,1,0,0,-1.37622787359722,0,1,0,2,Long-Tenure Lower-Charge
1,0,0,0.0844514225326663,1,0,0,0.578091084885792,0,0,0,3,Short-Tenure Higher-Charge
0,0,0,-1.23067890214005,1,0,0,0.342225003689566,1,1,0,3,Short-Tenure Higher-Charge
0,0,0,-1.02518978890994,1,0,1,0.813957166082017,0,0,1,3,Short-Tenure Higher-Charge
1,0,0,-0.162135513343468,1,0,0,0.173749231406548,0,0,1,3,Short-Tenure Higher-Charge
0,0,0,-1.27177672478607,0,0,0,-1.03927632903118,1,0,0,0,Short-Tenure Lower-Charge
0,1,0,0.82421223016107,1,1,0,0.274834694776359,0,1,0,1,Long-Tenure Higher-Charge
1,0,1,-1.3128745474321,0,1,0,-1.37622787359722,1,0,1,0,Short-Tenure Lower-Charge
0,0,0,-1.06628761155596,1,1,1,0.308529849232963,0,0,0,3,Short-Tenure Higher-Charge
0,0,1,-1.18958107949403,1,0,0,-1.54470364588024,0,0,0,0,Short-Tenure Lower-Charge
0,0,0,-0.162135513343468,1,1,0,0.342225003689566,0,0,1,3,Short-Tenure Higher-Charge
0,0,0,-1.23067890214005,1,1,1,0.308529849232963,1,1,0,3,Short-Tenure Higher-Charge
0,1,0,-1.3128745474321,0,0,0,-1.34253271914062,1,1,0,0,Short-Tenure Lower-Charge
1,0,0,-1.06628761155596,0,1,1,-1.03927632903118,0,0,1,0,Short-Tenure Lower-Charge
0,0,0,0.783114407515048,1,0,0,1.52155540967069,1,1,0,1,Long-Tenure Higher-Charge
1,0,1,1.6050708604355,1,1,1,0.881347474995224,0,0,0,1,Long-Tenure Higher-Charge
1,0,0,0.906407875453115,1,1,1,1.04982324727824,1,0,0,1,Long-Tenure Higher-Charge
0,0,0,-1.10738543420198,1,0,1,-1.54470364588024,0,0,0,0,Short-Tenure Lower-Charge
0,0,1,-0.162135513343468,1,0,0,-1.54470364588024,0,0,1,0,Short-Tenure Lower-Charge
1,0,1,0.372136181054823,0,0,0,-0.601239321095335,0,0,0,2,Long-Tenure Lower-Charge
0,0,0,-0.121037690697446,0,1,1,-0.870800556748164,0,0,1,0,Short-Tenure Lower-Charge
1,0,0,-1.3128745474321,1,1,0,-0.500153857725524,1,0,1,0,Short-Tenure Lower-Charge
1,0,0,1.6050708604355,1,1,0,0.679176548255603,0,0,0,1,Long-Tenure Higher-Charge
0,0,0,-1.18958107949403,1,1,0,-0.500153857725524,1,0,1,0,Short-Tenure Lower-Charge
1,0,1,-1.3128745474321,0,0,1,-1.37622787359722,0,0,0,0,Short-Tenure Lower-Charge
0,0,0,-1.3128745474321,1,0,0,0.106358922493341,1,1,0,3,Short-Tenure Higher-Charge
1,0,0,-1.3128745474321,1,1,1,0.274834694776359,1,1,0,3,Short-Tenure Higher-Charge
1,0,0,1.19409263397527,1,1,0,0.477005621515981,0,0,0,1,Long-Tenure Higher-Charge
0,0,0,-0.737505030387783,1,0,1,1.18460386510466,1,0,0,3,Short-Tenure Higher-Charge
1,0,1,-1.3128745474321,1,0,0,-1.57839880033684,0,0,0,0,Short-Tenure Lower-Charge
0,0,0,1.44067956985141,1,1,0,-1.54470364588024,0,0,1,2,Long-Tenure Lower-Charge
0,0,0,-1.06628761155596,1,0,1,0.308529849232963,0,0,0,3,Short-Tenure Higher-Charge
0,0,0,1.6050708604355,1,1,1,0.74656685716881,0,1,0,1,Long-Tenure Higher-Charge
1,0,0,1.6050708604355,1,0,0,0.712871702712206,0,0,1,1,Long-Tenure Higher-Charge
0,0,0,-0.121037690697446,1,0,0,0.948737783908432,1,0,0,3,Short-Tenure Higher-Charge
1,0,0,-1.3128745474321,1,0,1,0.611786239342395,1,0,0,3,Short-Tenure Higher-Charge
0,0,0,0.248842713116756,0,0,0,-0.837105402291561,0,1,0,2,Long-Tenure Lower-Charge
1,0,0,1.19409263397527,1,1,0,0.881347474995224,0,0,0,1,Long-Tenure Higher-Charge
0,0,0,0.82421223016107,1,1,0,1.45416510075749,0,0,1,1,Long-Tenure Higher-Charge
1,0,0,1.35848392455936,1,1,0,1.28568932847447,1,0,1,1,Long-Tenure Higher-Charge
0,1,1,1.07079916603721,1,1,1,0.780262011625413,0,0,0,1,Long-Tenure Higher-Charge
1,0,0,-0.737505030387783,1,1,0,1.01612809282164,0,0,0,3,Short-Tenure Higher-Charge
1,0,0,-0.984091966263917,1,0,0,1.01612809282164,1,0,1,3,Short-Tenure Higher-Charge
0,0,0,-0.038842045405401,0,1,0,-1.2077521013142,0,1,0,0,Short-Tenure Lower-Charge
0,0,1,-0.655309385095738,1,1,1,-0.0284216953330735,1,0,0,3,Short-Tenure Higher-Charge
1,0,1,0.906407875453115,1,0,0,-0.36537323989911,0,0,0,2,Long-Tenure Lower-Charge
1,0,0,-0.655309385095738,0,0,1,-1.34253271914062,0,0,0,0,Short-Tenure Lower-Charge
0,1,0,1.48177739249743,1,0,0,0.712871702712206,0,0,1,1,Long-Tenure Higher-Charge
1,0,0,1.35848392455936,1,0,0,0.308529849232963,0,0,1,1,Long-Tenure Higher-Charge
1,1,0,-0.69640720774176,1,0,0,0.274834694776359,0,0,0,3,Short-Tenure Higher-Charge
1,0,1,1.52287521514345,1,1,0,0.477005621515981,0,0,1,1,Long-Tenure Higher-Charge
0,0,0,0.700918762223003,1,1,0,-1.57839880033684,0,0,1,2,Long-Tenure Lower-Charge
0,0,0,-1.23067890214005,1,0,1,-1.54470364588024,0,0,0,0,Short-Tenure Lower-Charge
1,0,0,-0.655309385095738,1,1,1,0.00527345912353,0,0,0,3,Short-Tenure Higher-Charge
1,0,1,-0.53201591715767,1,1,1,1.04982324727824,0,0,0,3,Short-Tenure Higher-Charge
1,0,1,1.56397303778947,1,1,1,-1.54470364588024,0,1,0,2,Long-Tenure Lower-Charge
0,0,0,0.0433535998866439,1,1,1,1.31938448293107,0,0,0,3,Short-Tenure Higher-Charge
0,0,1,0.413234003700846,1,0,1,-1.37622787359722,0,1,0,2,Long-Tenure Lower-Charge
1,1,0,0.700918762223003,1,0,0,1.21829901956126,0,0,0,1,Long-Tenure Higher-Charge
0,0,1,0.331038358408801,1,0,0,1.21829901956126,0,0,1,1,Long-Tenure Higher-Charge
1,0,0,0.865310052807093,1,0,0,0.477005621515981,0,0,1,1,Long-Tenure Higher-Charge
0,0,0,1.27628827926732,1,0,0,-1.57839880033684,0,0,0,2,Long-Tenure Lower-Charge
1,0,1,-0.0799398680514234,1,1,1,-0.399068394355713,0,0,1,0,Short-Tenure Lower-Charge
1,1,0,-0.901896320971872,1,1,1,0.409615312602774,0,0,0,3,Short-Tenure Higher-Charge
0,0,0,-1.18958107949403,1,0,0,0.679176548255603,1,0,1,3,Short-Tenure Higher-Charge
0,0,1,-0.490918094511648,0,0,0,-0.432763548812317,0,0,0,0,Short-Tenure Lower-Charge
0,0,1,0.0844514225326663,1,1,1,-1.40992302805382,0,0,0,2,Long-Tenure Lower-Charge
0,0,1,1.02970134339118,1,1,1,1.11721355619145,0,0,0,1,Long-Tenure Higher-Charge
1,0,1,-0.53201591715767,1,0,1,-1.54470364588024,0,0,0,0,Short-Tenure Lower-Charge
0,0,0,1.11189698868323,1,0,0,-1.37622787359722,0,0,1,2,Long-Tenure Lower-Charge
0,0,1,0.331038358408801,1,1,0,-1.54470364588024,0,0,0,2,Long-Tenure Lower-Charge
0,0,0,-0.737505030387783,1,1,1,-0.500153857725524,0,0,0,0,Short-Tenure Lower-Charge
1,0,0,-1.3128745474321,1,0,0,-0.73601993892175,0,0,0,0,Short-Tenure Lower-Charge
1,0,0,1.35848392455936,1,1,0,1.15090871064805,1,1,0,1,Long-Tenure Higher-Charge
0,1,1,-1.3128745474321,1,1,1,0.106358922493341,1,0,0,3,Short-Tenure Higher-Charge
1,0,1,-1.27177672478607,1,0,0,-0.73601993892175,0,0,1,0,Short-Tenure Lower-Charge
0,0,0,-0.038842045405401,1,1,0,0.611786239342395,1,0,0,3,Short-Tenure Higher-Charge
0,1,0,1.6050708604355,1,0,0,0.409615312602774,0,0,0,1,Long-Tenure Higher-Charge
1,0,0,1.19409263397527,1,0,0,1.01612809282164,0,0,0,1,Long-Tenure Higher-Charge
1,1,0,-0.984091966263917,1,0,0,0.477005621515981,0,0,0,3,Short-Tenure Higher-Charge
1,0,0,-1.18958107949403,1,0,0,0.679176548255603,0,0,0,3,Short-Tenure Higher-Charge
1,0,1,-0.121037690697446,1,0,1,0.544395930429188,0,0,0,3,Short-Tenure Higher-Charge
1,0,0,0.289940535762779,1,0,0,1.28568932847447,1,0,0,1,Long-Tenure Higher-Charge
1,0,1,0.0022557772406214,1,1,1,-1.54470364588024,0,0,0,2,Long-Tenure Lower-Charge
1,0,0,1.23519045662129,1,1,0,0.477005621515981,0,0,1,1,Long-Tenure Higher-Charge
0,0,1,1.27628827926732,1,1,1,-1.54470364588024,0,0,1,2,Long-Tenure Lower-Charge
1,0,0,-1.14848325684801,1,1,0,1.04982324727824,0,1,0,3,Short-Tenure Higher-Charge
0,0,0,-1.06628761155596,1,0,0,-1.54470364588024,1,0,0,0,Short-Tenure Lower-Charge
1,0,0,-0.942994143617895,1,0,0,0.477005621515981,0,0,1,3,Short-Tenure Higher-Charge
0,0,1,1.23519045662129,1,0,0,1.18460386510466,1,1,0,1,Long-Tenure Higher-Charge
1,0,1,-0.53201591715767,0,0,0,-0.904495711204768,0,1,0,0,Short-Tenure Lower-Charge
0,0,0,0.207744890470734,1,0,0,0.611786239342395,0,1,0,3,Short-Tenure Higher-Charge
0,1,0,1.35848392455936,1,0,0,1.42046994630088,0,0,1,1,Long-Tenure Higher-Charge
1,0,0,-0.819700675679827,1,0,0,0.847652320538621,1,1,0,3,Short-Tenure Higher-Charge
0,0,0,-0.367624626573581,1,0,0,0.00527345912353,0,0,0,3,Short-Tenure Higher-Charge
1,1,0,-0.408722449219603,1,1,0,1.28568932847447,0,0,0,3,Short-Tenure Higher-Charge
0,1,1,-0.038842045405401,1,0,0,0.847652320538621,0,0,0,3,Short-Tenure Higher-Charge
0,0,1,0.742016584869025,0,0,0,-0.196897467616092,0,0,0,2,Long-Tenure Lower-Charge
0,0,0,0.289940535762779,1,0,0,-1.57839880033684,0,0,0,2,Long-Tenure Lower-Charge
0,0,0,-0.449820271865625,1,0,0,-0.230592622072695,0,0,0,3,Short-Tenure Higher-Charge
1,0,1,-1.3128745474321,1,0,0,0.140054076949945,0,0,1,3,Short-Tenure Higher-Charge
0,1,0,-1.10738543420198,1,0,0,0.780262011625413,0,0,0,3,Short-Tenure Higher-Charge
0,0,0,-1.18958107949403,1,0,1,-1.54470364588024,0,0,0,0,Short-Tenure Lower-Charge
0,0,0,1.11189698868323,1,0,1,1.35307963738768,1,0,0,1,Long-Tenure Higher-Charge
1,1,0,1.6050708604355,0,0,0,-0.0284216953330735,0,0,1,1,Long-Tenure Higher-Charge
0,0,0,0.372136181054823,1,0,0,-0.196897467616092,0,0,0,2,Long-Tenure Lower-Charge
0,0,0,-1.27177672478607,1,0,0,-0.129507158702884,0,0,0,3,Short-Tenure Higher-Charge
1,0,0,1.48177739249743,0,1,0,-0.196897467616092,0,1,0,2,Long-Tenure Lower-Charge
1,0,0,-1.27177672478607,1,0,0,0.679176548255603,1,1,0,3,Short-Tenure Higher-Charge
0,1,0,-1.3128745474321,0,1,1,-1.00558117457458,1,1,0,0,Short-Tenure Lower-Charge
1,0,0,-0.0799398680514234,1,1,1,0.00527345912353,0,1,0,3,Short-Tenure Higher-Charge
1,0,1,-0.69640720774176,1,0,1,-1.54470364588024,0,0,0,0,Short-Tenure Lower-Charge
0,0,0,-0.737505030387783,1,0,0,-1.54470364588024,0,0,0,0,Short-Tenure Lower-Charge
0,0,1,-1.27177672478607,1,1,0,0.948737783908432,1,0,1,3,Short-Tenure Higher-Charge
0,1,0,-0.655309385095738,1,0,0,0.915042629451828,0,0,0,3,Short-Tenure Higher-Charge
1,0,1,-1.10738543420198,1,1,1,0.948737783908432,1,0,0,3,Short-Tenure Higher-Charge
0,0,1,1.15299481132925,1,0,0,-0.196897467616092,0,0,1,2,Long-Tenure Lower-Charge
0,0,0,-1.3128745474321,1,0,0,-1.57839880033684,0,0,1,0,Short-Tenure Lower-Charge
1,0,0,-0.573113739803693,1,1,0,0.74656685716881,0,0,1,3,Short-Tenure Higher-Charge
1,0,1,0.454331826346868,0,1,1,-0.399068394355713,0,0,1,2,Long-Tenure Lower-Charge
0,0,0,1.52287521514345,1,1,1,1.5552505641273,0,1,0,1,Long-Tenure Higher-Charge
1,0,1,1.23519045662129,1,1,0,-1.37622787359722,0,0,1,2,Long-Tenure Lower-Charge
0,0,1,1.02970134339118,1,0,0,-0.73601993892175,0,0,0,2,Long-Tenure Lower-Charge
0,0,0,0.82421223016107,1,0,1,0.274834694776359,0,0,0,1,Long-Tenure Higher-Charge
1,0,0,1.07079916603721,0,1,1,-0.73601993892175,0,0,0,2,Long-Tenure Lower-Charge
1,0,0,1.48177739249743,1,0,0,1.28568932847447,1,0,0,1,Long-Tenure Higher-Charge
1,0,0,-0.285428981281536,1,0,0,-0.567544166638732,0,0,0,0,Short-Tenure Lower-Charge
1,0,1,-0.408722449219603,1,1,1,-0.297982930985903,0,0,0,0,Short-Tenure Lower-Charge
0,0,0,0.372136181054823,1,0,0,-0.36537323989911,0,1,0,2,Long-Tenure Lower-Charge
0,1,0,-1.3128745474321,1,0,0,-0.500153857725524,1,0,0,0,Short-Tenure Lower-Charge
0,0,0,-1.10738543420198,0,0,0,-0.601239321095335,1,0,1,0,Short-Tenure Lower-Charge
1,0,0,1.02970134339118,1,1,1,-1.51100849142363,0,0,0,2,Long-Tenure Lower-Charge
1,0,0,-1.23067890214005,1,0,0,1.21829901956126,1,1,0,3,Short-Tenure Higher-Charge
0,0,0,0.331038358408801,1,0,0,-1.54470364588024,0,0,0,2,Long-Tenure Lower-Charge
0,0,0,1.02970134339118,1,0,0,-0.163202313159488,0,0,0,2,Long-Tenure Lower-Charge
1,1,0,0.742016584869025,1,0,0,0.948737783908432,1,0,0,1,Long-Tenure Higher-Charge
0,0,0,1.27628827926732,1,0,0,1.52155540967069,0,0,0,1,Long-Tenure Higher-Charge
0,0,1,-0.573113739803693,1,1,0,-1.34253271914062,0,0,0,0,Short-Tenure Lower-Charge
1,0,1,1.11189698868323,1,0,0,0.443310467059377,0,0,0,1,Long-Tenure Higher-Charge
1,0,1,1.48177739249743,1,1,0,1.6226408730405,0,0,1,1,Long-Tenure Higher-Charge
0,0,1,-1.23067890214005,1,1,0,0.510700775972585,0,0,0,3,Short-Tenure Higher-Charge
1,0,0,-1.06628761155596,1,0,0,0.982432938365035,1,0,0,3,Short-Tenure Higher-Charge
0,0,0,-0.573113739803693,1,0,1,0.241139540319755,1,0,0,3,Short-Tenure Higher-Charge
0,0,0,-1.3128745474321,1,0,1,0.37592015814617,1,0,0,3,Short-Tenure Higher-Charge
0,0,0,1.19409263397527,1,0,0,-1.40992302805382,0,0,1,2,Long-Tenure Lower-Charge
0,0,0,-1.3128745474321,1,0,0,-0.533849012182128,1,1,0,0,Short-Tenure Lower-Charge
1,1,0,-1.3128745474321,1,1,0,0.274834694776359,1,0,1,3,Short-Tenure Higher-Charge
0,0,0,-0.203233335989491,1,0,1,-0.196897467616092,0,0,0,3,Short-Tenure Higher-Charge
1,0,0,1.48177739249743,1,1,1,0.881347474995224,0,0,0,1,Long-Tenure Higher-Charge
1,1,0,-0.121037690697446,1,1,0,0.477005621515981,1,1,0,3,Short-Tenure Higher-Charge
0,1,0,0.289940535762779,0,0,0,-0.904495711204768,1,1,0,2,Long-Tenure Lower-Charge
0,0,0,-1.3128745474321,1,0,0,-1.54470364588024,0,0,0,0,Short-Tenure Lower-Charge
1,0,0,0.495429648992891,1,0,0,1.18460386510466,1,0,1,1,Long-Tenure Higher-Charge
1,0,1,-0.449820271865625,1,0,0,0.443310467059377,0,1,0,3,Short-Tenure Higher-Charge
0,0,1,0.577625294284936,1,0,0,-1.54470364588024,0,0,0,2,Long-Tenure Lower-Charge
0,0,0,-1.27177672478607,1,1,1,-1.54470364588024,0,0,1,0,Short-Tenure Lower-Charge
0,0,0,-0.819700675679827,0,0,0,-1.03927632903118,1,1,0,0,Short-Tenure Lower-Charge
0,0,0,-0.53201591715767,1,1,1,-1.57839880033684,0,1,0,0,Short-Tenure Lower-Charge
1,0,0,0.618723116930958,1,1,0,-1.57839880033684,0,0,0,2,Long-Tenure Lower-Charge
1,0,0,1.39958174720538,1,0,0,1.18460386510466,0,0,0,1,Long-Tenure Higher-Charge
1,0,0,1.52287521514345,1,1,1,1.11721355619145,0,0,0,1,Long-Tenure Higher-Charge
0,0,0,1.27628827926732,1,1,0,1.11721355619145,0,0,1,1,Long-Tenure Higher-Charge
0,0,0,0.0433535998866439,1,0,0,1.08351840173485,1,0,0,3,Short-Tenure Higher-Charge
0,0,0,1.6050708604355,1,0,0,0.847652320538621,0,0,0,1,Long-Tenure Higher-Charge
0,0,1,-0.408722449219603,1,0,0,0.140054076949945,0,0,0,3,Short-Tenure Higher-Charge
0,1,0,-0.737505030387783,1,1,0,0.780262011625413,0,0,1,3,Short-Tenure Higher-Charge
1,0,0,-0.449820271865625,1,1,0,1.18460386510466,1,0,0,3,Short-Tenure Higher-Charge
1,0,1,0.331038358408801,1,0,0,0.140054076949945,0,0,1,1,Long-Tenure Higher-Charge
0,0,0,1.44067956985141,1,1,1,0.544395930429188,0,0,0,1,Long-Tenure Higher-Charge
0,0,1,1.52287521514345,1,1,0,1.35307963738768,0,0,1,1,Long-Tenure Higher-Charge
1,0,1,1.56397303778947,1,1,1,0.712871702712206,0,0,0,1,Long-Tenure Higher-Charge
1,0,1,1.56397303778947,1,1,1,0.645481393798999,0,0,0,1,Long-Tenure Higher-Charge
1,0,0,-1.3128745474321,1,0,1,-0.36537323989911,1,0,0,0,Short-Tenure Lower-Charge
1,0,1,-1.23067890214005,1,0,0,-1.51100849142363,0,0,0,0,Short-Tenure Lower-Charge
0,0,0,0.289940535762779,1,1,1,0.915042629451828,0,1,0,1,Long-Tenure Higher-Charge
0,0,0,-1.23067890214005,0,0,0,-0.500153857725524,1,0,0,0,Short-Tenure Lower-Charge
0,0,0,1.39958174720538,1,0,0,-1.34253271914062,0,1,0,2,Long-Tenure Lower-Charge
0,0,0,-0.614211562449715,1,0,1,0.308529849232963,0,0,0,3,Short-Tenure Higher-Charge
0,0,0,-1.23067890214005,1,0,0,0.274834694776359,1,1,0,3,Short-Tenure Higher-Charge
1,0,0,1.56397303778947,1,0,0,1.69003118195371,0,0,1,1,Long-Tenure Higher-Charge
0,0,0,-0.326526803927558,0,0,0,-1.07297148348779,1,0,0,0,Short-Tenure Lower-Charge
0,1,0,-0.038842045405401,1,0,0,0.847652320538621,0,0,0,3,Short-Tenure Higher-Charge
1,0,1,0.536527471638913,1,1,0,-1.54470364588024,0,1,0,2,Long-Tenure Lower-Charge
0,0,1,1.44067956985141,1,0,0,-1.57839880033684,0,0,0,2,Long-Tenure Lower-Charge
0,0,1,0.618723116930958,1,0,0,0.477005621515981,0,0,1,1,Long-Tenure Higher-Charge
0,0,1,-1.27177672478607,1,1,0,0.140054076949945,1,0,0,3,Short-Tenure Higher-Charge
1,0,0,0.947505698099138,1,0,0,0.915042629451828,0,0,0,1,Long-Tenure Higher-Charge
1,0,0,-1.14848325684801,1,0,0,0.443310467059377,1,0,1,3,Short-Tenure Higher-Charge
0,0,0,-1.23067890214005,1,1,1,0.308529849232963,0,0,0,3,Short-Tenure Higher-Charge
0,0,1,1.27628827926732,1,1,1,0.915042629451828,0,1,0,1,Long-Tenure Higher-Charge
1,0,1,0.577625294284936,1,0,1,0.813957166082017,0,0,0,1,Long-Tenure Higher-Charge
1,0,0,1.23519045662129,1,1,1,0.0389686135801337,0,0,1,1,Long-Tenure Higher-Charge
1,0,0,-0.244331158635513,1,1,1,-1.57839880033684,0,0,0,0,Short-Tenure Lower-Charge
0,1,1,0.577625294284936,1,0,0,0.173749231406548,1,0,0,1,Long-Tenure Higher-Charge
0,0,0,1.07079916603721,1,1,1,-1.40992302805382,0,0,0,2,Long-Tenure Lower-Charge
1,0,1,-1.18958107949403,1,0,1,-1.57839880033684,0,0,0,0,Short-Tenure Lower-Charge
0,0,0,1.6050708604355,1,1,1,1.65633602749711,0,0,0,1,Long-Tenure Higher-Charge
0,0,0,-0.819700675679827,1,1,1,-0.36537323989911,0,0,0,0,Short-Tenure Lower-Charge
1,1,1,1.35848392455936,1,1,1,1.42046994630088,0,0,1,1,Long-Tenure Higher-Charge
0,0,0,0.372136181054823,1,1,0,-1.51100849142363,0,0,0,2,Long-Tenure Lower-Charge
0,0,0,-0.942994143617895,1,1,1,-1.54470364588024,0,0,0,0,Short-Tenure Lower-Charge
0,1,0,-0.737505030387783,1,0,0,0.274834694776359,1,0,0,3,Short-Tenure Higher-Charge
0,0,0,0.495429648992891,1,1,1,0.982432938365035,0,0,0,1,Long-Tenure Higher-Charge
0,0,0,0.618723116930958,1,1,0,0.274834694776359,0,1,0,1,Long-Tenure Higher-Charge
0,0,0,-1.3128745474321,0,0,1,-1.37622787359722,0,1,0,0,Short-Tenure Lower-Charge
0,0,0,-0.244331158635513,1,0,1,0.342225003689566,0,0,0,3,Short-Tenure Higher-Charge
1,0,0,-1.14848325684801,1,0,0,-1.57839880033684,1,1,0,0,Short-Tenure Lower-Charge
1,0,1,-0.408722449219603,1,0,0,0.712871702712206,0,0,0,3,Short-Tenure Higher-Charge
1,1,1,-0.901896320971872,1,1,0,0.308529849232963,0,0,0,3,Short-Tenure Higher-Charge
0,1,0,0.0844514225326663,1,1,0,1.21829901956126,0,1,0,3,Short-Tenure Higher-Charge
1,0,0,1.39958174720538,1,0,1,0.780262011625413,0,1,0,1,Long-Tenure Higher-Charge
1,0,1,0.0022557772406214,1,0,0,0.308529849232963,0,0,1,3,Short-Tenure Higher-Charge
1,0,1,1.6050708604355,1,0,1,1.6226408730405,0,0,0,1,Long-Tenure Higher-Charge
0,0,0,1.39958174720538,1,0,0,1.48786025521409,0,1,0,1,Long-Tenure Higher-Charge
0,0,0,0.0022557772406214,1,1,1,-1.54470364588024,0,0,0,0,Short-Tenure Lower-Charge
0,0,0,0.577625294284936,1,0,0,-0.230592622072695,0,0,1,2,Long-Tenure Lower-Charge
1,1,0,-0.819700675679827,1,1,1,1.08351840173485,1,0,0,3,Short-Tenure Higher-Charge
1,0,1,-0.614211562449715,1,0,0,0.578091084885792,0,0,1,3,Short-Tenure Higher-Charge
0,0,0,1.6050708604355,1,1,1,1.5552505641273,0,0,0,1,Long-Tenure Higher-Charge
0,1,0,-0.901896320971872,1,1,1,0.813957166082017,1,0,0,3,Short-Tenure Higher-Charge
1,1,0,-1.06628761155596,0,0,0,-0.73601993892175,0,0,1,0,Short-Tenure Lower-Charge
0,0,0,1.07079916603721,1,0,0,1.11721355619145,0,0,1,1,Long-Tenure Higher-Charge
0,1,1,-0.038842045405401,1,1,1,1.15090871064805,0,0,0,3,Short-Tenure Higher-Charge
0,0,0,1.39958174720538,1,1,1,-1.37622787359722,0,0,0,2,Long-Tenure Lower-Charge
0,0,0,0.742016584869025,1,0,0,0.74656685716881,0,0,0,1,Long-Tenure Higher-Charge
0,1,0,1.07079916603721,1,1,0,0.948737783908432,0,1,0,1,Long-Tenure Higher-Charge
0,0,1,0.618723116930958,0,1,1,-0.904495711204768,0,0,0,2,Long-Tenure Lower-Charge
0,1,0,-1.3128745474321,1,0,0,0.173749231406548,1,0,0,3,Short-Tenure Higher-Charge
1,0,0,-0.408722449219603,1,1,1,-1.57839880033684,0,0,1,0,Short-Tenure Lower-Charge
1,0,1,0.207744890470734,1,0,1,0.982432938365035,1,0,0,1,Long-Tenure Higher-Charge
1,0,1,-0.573113739803693,1,1,1,-1.54470364588024,0,1,0,0,Short-Tenure Lower-Charge
1,1,0,-1.23067890214005,1,0,0,0.342225003689566,1,0,1,3,Short-Tenure Higher-Charge
1,1,0,1.02970134339118,1,1,1,1.11721355619145,0,0,0,1,Long-Tenure Higher-Charge
1,0,0,-1.27177672478607,1,1,0,-0.533849012182128,0,1,0,0,Short-Tenure Lower-Charge
1,0,0,-1.14848325684801,1,0,1,0.308529849232963,0,0,0,3,Short-Tenure Higher-Charge
0,0,0,1.6050708604355,1,0,0,1.18460386510466,0,0,0,1,Long-Tenure Higher-Charge
0,1,0,0.454331826346868,1,0,0,1.48786025521409,0,1,0,1,Long-Tenure Higher-Charge
1,0,0,-0.69640720774176,1,0,1,-1.54470364588024,1,0,0,0,Short-Tenure Lower-Charge
1,0,0,-0.86079849832585,0,0,0,-0.500153857725524,0,0,1,0,Short-Tenure Lower-Charge
0,0,0,-1.10738543420198,1,1,1,0.813957166082017,1,0,1,3,Short-Tenure Higher-Charge
0,1,0,1.6050708604355,1,0,0,1.42046994630088,0,0,0,1,Long-Tenure Higher-Charge
0,0,0,-0.408722449219603,1,1,1,-1.37622787359722,0,0,0,0,Short-Tenure Lower-Charge
1,0,0,0.207744890470734,1,0,1,0.140054076949945,1,0,0,3,Short-Tenure Higher-Charge
1,0,0,0.577625294284936,1,0,0,0.982432938365035,0,0,0,1,Long-Tenure Higher-Charge
0,0,0,0.865310052807093,1,0,0,-1.54470364588024,0,0,1,2,Long-Tenure Lower-Charge
1,0,0,-0.737505030387783,1,0,1,0.106358922493341,0,0,1,3,Short-Tenure Higher-Charge
0,1,0,-0.53201591715767,1,1,1,0.948737783908432,1,0,0,3,Short-Tenure Higher-Charge
0,0,1,-0.69640720774176,1,1,1,0.241139540319755,0,1,0,3,Short-Tenure Higher-Charge
1,0,0,-1.3128745474321,1,1,0,0.106358922493341,1,0,0,3,Short-Tenure Higher-Charge
1,0,0,-1.3128745474321,0,0,1,-1.37622787359722,1,0,0,0,Short-Tenure Lower-Charge
1,0,0,1.48177739249743,1,1,0,1.08351840173485,0,0,1,1,Long-Tenure Higher-Charge
1,0,1,0.659820939576981,1,1,1,0.611786239342395,1,0,0,1,Long-Tenure Higher-Charge
1,0,0,0.82421223016107,0,1,0,-0.36537323989911,0,0,0,2,Long-Tenure Lower-Charge
1,0,1,-1.06628761155596,1,1,1,-1.57839880033684,0,0,0,0,Short-Tenure Lower-Charge
0,0,0,0.372136181054823,1,0,0,-0.533849012182128,1,1,0,2,Long-Tenure Lower-Charge
1,0,1,-0.655309385095738,1,0,0,-0.533849012182128,0,0,0,0,Short-Tenure Lower-Charge
0,1,0,-1.27177672478607,1,1,0,0.544395930429188,0,0,0,3,Short-Tenure Higher-Charge
0,0,1,1.6050708604355,1,1,1,1.28568932847447,0,0,0,1,Long-Tenure Higher-Charge
0,0,0,-0.203233335989491,1,0,0,-1.54470364588024,0,0,1,0,Short-Tenure Lower-Charge
1,0,0,-1.3128745474321,0,0,0,-0.533849012182128,1,0,0,0,Short-Tenure Lower-Charge
0,0,0,-0.737505030387783,1,1,1,0.679176548255603,1,1,0,3,Short-Tenure Higher-Charge
0,1,0,1.39958174720538,1,0,0,1.38677479184428,0,1,0,1,Long-Tenure Higher-Charge
0,0,0,-0.901896320971872,1,0,1,1.15090871064805,1,0,1,3,Short-Tenure Higher-Charge
1,0,1,0.947505698099138,1,0,1,1.25199417401786,0,0,0,1,Long-Tenure Higher-Charge
1,0,0,-0.449820271865625,1,1,1,-0.36537323989911,0,0,0,0,Short-Tenure Lower-Charge
1,1,0,-0.573113739803693,0,0,1,-1.07297148348779,0,1,0,0,Short-Tenure Lower-Charge
0,0,1,0.454331826346868,1,1,1,-1.54470364588024,0,0,1,2,Long-Tenure Lower-Charge
1,0,0,-0.942994143617895,0,1,1,-1.00558117457458,0,1,0,0,Short-Tenure Lower-Charge
0,0,0,-0.614211562449715,1,0,0,0.173749231406548,0,1,0,3,Short-Tenure Higher-Charge
1,0,0,-0.121037690697446,1,0,0,-1.57839880033684,0,0,1,0,Short-Tenure Lower-Charge
1,0,0,-0.285428981281536,0,0,1,-1.00558117457458,0,1,0,0,Short-Tenure Lower-Charge
0,0,0,1.02970134339118,1,1,0,1.45416510075749,1,0,0,1,Long-Tenure Higher-Charge
1,0,0,-1.3128745474321,0,0,0,-1.2077521013142,1,0,0,0,Short-Tenure Lower-Charge
0,0,0,-0.984091966263917,1,0,1,0.00527345912353,1,0,0,3,Short-Tenure Higher-Charge
0,0,0,0.700918762223003,1,0,0,0.544395930429188,0,0,0,1,Long-Tenure Higher-Charge
1,0,0,0.536527471638913,0,0,0,-1.1740569468576,0,1,0,2,Long-Tenure Lower-Charge
0,0,0,-0.901896320971872,1,1,1,-0.500153857725524,0,0,0,0,Short-Tenure Lower-Charge
1,0,0,0.166647067824711,1,0,1,0.140054076949945,0,0,0,3,Short-Tenure Higher-Charge
1,0,0,-0.449820271865625,1,0,1,-0.399068394355713,1,0,0,0,Short-Tenure Lower-Charge
1,0,0,1.39958174720538,1,1,1,-1.34253271914062,0,0,0,2,Long-Tenure Lower-Charge
1,0,0,-1.3128745474321,1,1,0,-1.54470364588024,0,0,1,0,Short-Tenure Lower-Charge
0,0,0,-0.573113739803693,1,0,0,-0.331678085442506,0,0,1,3,Short-Tenure Higher-Charge
0,1,0,-0.984091966263917,1,1,0,0.308529849232963,1,0,0,3,Short-Tenure Higher-Charge
1,0,0,1.52287521514345,1,0,1,1.11721355619145,0,0,0,1,Long-Tenure Higher-Charge
1,0,0,-1.3128745474321,1,0,0,-0.533849012182128,0,1,0,0,Short-Tenure Lower-Charge
0,0,0,0.248842713116756,0,1,1,-0.837105402291561,0,0,1,2,Long-Tenure Lower-Charge
1,0,0,-1.27177672478607,1,0,0,0.173749231406548,1,0,0,3,Short-Tenure Higher-Charge
0,1,0,0.659820939576981,1,0,0,-0.73601993892175,0,0,0,2,Long-Tenure Lower-Charge
1,0,0,-1.06628761155596,1,0,1,-0.0621168497896772,0,0,0,3,Short-Tenure Higher-Charge
1,0,1,-1.3128745474321,1,1,1,-0.668629630008542,1,0,0,0,Short-Tenure Lower-Charge
0,0,0,1.15299481132925,1,0,0,1.18460386510466,0,0,1,1,Long-Tenure Higher-Charge
1,0,0,-1.3128745474321,1,0,0,-0.769715093378353,1,0,1,0,Short-Tenure Lower-Charge
0,1,0,0.289940535762779,1,1,1,0.881347474995224,0,0,0,1,Long-Tenure Higher-Charge
0,0,0,1.56397303778947,1,1,1,-1.40992302805382,0,0,0,2,Long-Tenure Lower-Charge
1,0,0,-0.367624626573581,1,1,0,0.813957166082017,1,0,0,3,Short-Tenure Higher-Charge
0,0,0,-0.778602853033805,1,1,1,-0.533849012182128,0,0,0,0,Short-Tenure Lower-Charge
0,1,0,1.15299481132925,1,1,1,0.948737783908432,0,0,0,1,Long-Tenure Higher-Charge
0,1,0,0.454331826346868,1,1,0,0.308529849232963,0,0,0,1,Long-Tenure Higher-Charge
0,0,0,1.52287521514345,1,1,0,-1.54470364588024,0,0,1,2,Long-Tenure Lower-Charge
0,0,0,-0.614211562449715,1,1,1,0.274834694776359,0,0,0,3,Short-Tenure Higher-Charge
1,0,1,-0.86079849832585,1,1,0,0.274834694776359,1,0,1,3,Short-Tenure Higher-Charge
1,1,0,1.35848392455936,1,0,0,1.38677479184428,0,0,0,1,Long-Tenure Higher-Charge
1,0,1,1.15299481132925,1,1,0,-1.51100849142363,0,0,1,2,Long-Tenure Lower-Charge
0,0,0,0.372136181054823,1,0,0,0.679176548255603,0,1,0,1,Long-Tenure Higher-Charge
0,0,0,0.865310052807093,1,0,0,0.982432938365035,0,1,0,1,Long-Tenure Higher-Charge
1,0,0,-1.23067890214005,1,1,1,-1.54470364588024,0,0,0,0,Short-Tenure Lower-Charge
1,0,0,1.48177739249743,1,1,0,-0.399068394355713,0,0,1,2,Long-Tenure Lower-Charge
0,0,0,-1.23067890214005,1,1,1,-1.54470364588024,0,1,0,0,Short-Tenure Lower-Charge
0,0,0,-1.06628761155596,1,1,1,0.308529849232963,1,0,0,3,Short-Tenure Higher-Charge
0,0,0,0.98860352074516,1,0,1,-1.54470364588024,0,0,0,2,Long-Tenure Lower-Charge
1,1,0,-0.778602853033805,1,1,0,0.308529849232963,1,0,0,3,Short-Tenure Higher-Charge
1,0,0,-0.901896320971872,0,1,1,-0.803410247834957,1,0,1,0,Short-Tenure Lower-Charge
1,0,0,-1.18958107949403,1,0,0,-1.54470364588024,0,1,0,0,Short-Tenure Lower-Charge
1,0,0,0.413234003700846,1,0,0,0.948737783908432,0,0,0,1,Long-Tenure Higher-Charge
1,0,0,1.19409263397527,1,0,1,0.274834694776359,0,0,0,1,Long-Tenure Higher-Charge
0,0,0,-0.86079849832585,1,1,1,1.01612809282164,1,0,0,3,Short-Tenure Higher-Charge
1,0,1,-0.901896320971872,1,0,0,-1.54470364588024,0,1,0,0,Short-Tenure Lower-Charge
0,0,0,-0.573113739803693,1,0,1,-0.196897467616092,0,0,0,3,Short-Tenure Higher-Charge
1,0,0,0.454331826346868,1,0,0,1.35307963738768,0,1,0,1,Long-Tenure Higher-Charge
0,1,1,-0.901896320971872,1,1,1,0.409615312602774,0,0,0,3,Short-Tenure Higher-Charge
1,0,1,1.6050708604355,1,1,0,0.510700775972585,0,0,1,1,Long-Tenure Higher-Charge
0,0,0,0.413234003700846,1,0,1,1.31938448293107,1,0,0,1,Long-Tenure Higher-Charge
1,0,0,-1.23067890214005,1,1,0,-1.54470364588024,1,0,0,0,Short-Tenure Lower-Charge
0,1,0,-1.14848325684801,1,0,0,0.510700775972585,0,0,0,3,Short-Tenure Higher-Charge
1,0,0,-1.27177672478607,0,0,1,-1.2077521013142,1,0,0,0,Short-Tenure Lower-Charge
1,0,1,1.44067956985141,1,1,1,0.679176548255603,0,0,0,1,Long-Tenure Higher-Charge
1,1,0,0.0022557772406214,1,0,1,0.948737783908432,1,0,0,3,Short-Tenure Higher-Charge
0,0,0,-0.901896320971872,0,0,0,-1.00558117457458,0,0,0,0,Short-Tenure Lower-Charge
1,1,0,1.48177739249743,1,1,0,0.813957166082017,1,1,0,1,Long-Tenure Higher-Charge
0,0,0,1.35848392455936,1,0,0,1.31938448293107,0,0,1,1,Long-Tenure Higher-Charge
1,0,1,-0.162135513343468,1,0,0,0.342225003689566,0,0,0,3,Short-Tenure Higher-Charge
1,0,1,-1.02518978890994,1,0,0,-0.702324784465146,0,0,1,0,Short-Tenure Lower-Charge
1,1,0,1.6050708604355,0,1,0,-0.0621168497896772,0,0,1,1,Long-Tenure Higher-Charge
0,0,1,-1.02518978890994,1,1,0,-0.702324784465146,0,0,0,0,Short-Tenure Lower-Charge
0,0,0,-0.038842045405401,1,0,0,1.28568932847447,0,0,0,3,Short-Tenure Higher-Charge
0,0,1,0.947505698099138,1,0,1,-1.54470364588024,0,0,0,2,Long-Tenure Lower-Charge
1,0,0,-0.942994143617895,1,0,0,0.510700775972585,1,0,0,3,Short-Tenure Higher-Charge
0,0,0,0.454331826346868,1,0,1,-0.129507158702884,0,0,0,2,Long-Tenure Lower-Charge
0,0,1,-0.408722449219603,1,1,1,0.611786239342395,1,0,0,3,Short-Tenure Higher-Charge
0,0,0,-1.18958107949403,0,1,1,-0.601239321095335,0,0,0,0,Short-Tenure Lower-Charge
0,0,1,0.125549245178689,1,1,1,-0.500153857725524,0,1,0,2,Long-Tenure Lower-Charge
1,0,0,0.577625294284936,1,1,1,0.578091084885792,1,1,0,1,Long-Tenure Higher-Charge
0,0,1,-1.27177672478607,0,1,1,-1.2077521013142,0,0,0,0,Short-Tenure Lower-Charge
0,0,1,0.783114407515048,1,0,1,-1.54470364588024,0,0,0,2,Long-Tenure Lower-Charge
0,0,0,-1.14848325684801,1,1,1,0.847652320538621,1,0,0,3,Short-Tenure Higher-Charge
0,0,1,1.27628827926732,1,1,1,0.00527345912353,0,0,0,1,Long-Tenure Higher-Charge
1,0,0,-1.27177672478607,1,0,0,-0.533849012182128,0,1,0,0,Short-Tenure Lower-Charge
0,0,0,-1.02518978890994,1,1,1,-1.54470364588024,0,0,0,0,Short-Tenure Lower-Charge
0,0,0,-1.3128745474321,1,0,0,0.140054076949945,1,0,0,3,Short-Tenure Higher-Charge
1,0,0,-1.3128745474321,0,1,0,-0.702324784465146,1,0,1,0,Short-Tenure Lower-Charge
1,0,1,1.11189698868323,1,0,0,-0.196897467616092,0,0,0,2,Long-Tenure Lower-Charge
1,0,0,-0.53201591715767,1,0,0,0.847652320538621,0,0,1,3,Short-Tenure Higher-Charge
1,0,1,-0.449820271865625,1,1,0,-0.500153857725524,0,1,0,0,Short-Tenure Lower-Charge
1,0,1,0.865310052807093,1,1,1,0.173749231406548,0,1,0,1,Long-Tenure Higher-Charge
1,0,0,-1.3128745474321,1,0,0,0.510700775972585,0,0,0,3,Short-Tenure Higher-Charge
1,0,0,-0.819700675679827,1,1,1,-1.57839880033684,0,0,1,0,Short-Tenure Lower-Charge
0,1,1,-0.367624626573581,1,1,0,1.04982324727824,0,0,0,3,Short-Tenure Higher-Charge
0,1,0,-1.10738543420198,1,0,0,0.274834694776359,0,0,1,3,Short-Tenure Higher-Charge
1,1,0,0.207744890470734,1,0,1,1.25199417401786,0,0,0,1,Long-Tenure Higher-Charge
0,0,0,-0.86079849832585,1,0,0,0.645481393798999,0,1,0,3,Short-Tenure Higher-Charge
1,0,0,-0.285428981281536,0,0,0,-0.702324784465146,0,0,1,0,Short-Tenure Lower-Charge
0,0,1,-1.10738543420198,0,0,0,-0.837105402291561,0,0,0,0,Short-Tenure Lower-Charge
1,0,1,1.39958174720538,1,1,0,0.712871702712206,1,1,0,1,Long-Tenure Higher-Charge
1,1,0,1.19409263397527,1,1,1,1.28568932847447,1,0,0,1,Long-Tenure Higher-Charge
1,0,1,0.700918762223003,0,0,0,-0.904495711204768,0,0,0,2,Long-Tenure Lower-Charge
1,0,1,1.6050708604355,0,1,0,0.00527345912353,0,0,1,2,Long-Tenure Lower-Charge
0,1,1,-0.0799398680514234,1,0,0,1.11721355619145,1,0,0,3,Short-Tenure Higher-Charge
1,0,0,1.6050708604355,1,0,0,0.881347474995224,0,1,0,1,Long-Tenure Higher-Charge
1,0,0,0.742016584869025,0,1,0,-0.73601993892175,0,0,0,2,Long-Tenure Lower-Charge
0,0,1,1.11189698868323,1,1,1,1.65633602749711,0,1,0,1,Long-Tenure Higher-Charge
0,0,1,-0.367624626573581,1,0,0,-1.54470364588024,0,0,1,0,Short-Tenure Lower-Charge
0,0,0,-1.27177672478607,1,0,0,0.510700775972585,1,1,0,3,Short-Tenure Higher-Charge
0,0,0,-1.18958107949403,1,0,1,0.409615312602774,1,0,0,3,Short-Tenure Higher-Charge
0,0,0,1.39958174720538,1,0,0,0.00527345912353,0,0,0,1,Long-Tenure Higher-Charge
0,0,0,1.48177739249743,1,1,1,1.35307963738768,0,0,0,1,Long-Tenure Higher-Charge
0,0,0,-1.3128745474321,1,1,1,0.140054076949945,1,0,0,3,Short-Tenure Higher-Charge
1,0,0,1.39958174720538,1,1,0,-1.37622787359722,0,0,1,2,Long-Tenure Lower-Charge
1,0,0,-1.3128745474321,1,0,0,0.813957166082017,1,0,1,3,Short-Tenure Higher-Charge
1,1,0,1.39958174720538,1,0,0,0.611786239342395,0,0,0,1,Long-Tenure Higher-Charge
0,1,0,-0.244331158635513,1,1,1,0.679176548255603,0,0,0,3,Short-Tenure Higher-Charge
0,0,0,0.331038358408801,1,0,0,1.35307963738768,0,0,0,1,Long-Tenure Higher-Charge
1,0,1,1.27628827926732,1,0,0,1.45416510075749,0,1,0,1,Long-Tenure Higher-Charge
0,0,0,-1.3128745474321,1,1,0,0.140054076949945,1,0,1,3,Short-Tenure Higher-Charge
1,0,0,-1.10738543420198,1,0,0,-0.702324784465146,1,0,0,0,Short-Tenure Lower-Charge
1,0,1,1.6050708604355,0,0,1,-0.0284216953330735,0,0,0,2,Long-Tenure Lower-Charge
0,0,1,0.98860352074516,1,1,1,0.140054076949945,1,1,0,1,Long-Tenure Higher-Charge
1,0,0,1.52287521514345,1,0,0,0.241139540319755,0,0,0,1,Long-Tenure Higher-Charge
1,1,0,-0.942994143617895,1,0,0,0.679176548255603,1,0,0,3,Short-Tenure Higher-Charge
1,0,0,-1.3128745474321,1,1,1,-0.331678085442506,1,1,0,0,Short-Tenure Lower-Charge
0,1,0,1.56397303778947,1,1,1,0.813957166082017,0,0,0,1,Long-Tenure Higher-Charge
0,0,1,-1.23067890214005,0,1,0,-0.870800556748164,0,0,1,0,Short-Tenure Lower-Charge
0,0,0,1.23519045662129,1,1,0,-1.40992302805382,0,0,0,2,Long-Tenure Lower-Charge
0,0,0,-0.326526803927558,1,0,1,0.308529849232963,0,0,0,3,Short-Tenure Higher-Charge
1,0,1,1.19409263397527,1,0,0,-1.40992302805382,0,0,1,2,Long-Tenure Lower-Charge
0,0,0,0.906407875453115,1,1,1,0.982432938365035,0,0,0,1,Long-Tenure Higher-Charge
1,0,1,0.783114407515048,1,0,1,0.443310467059377,0,0,0,1,Long-Tenure Higher-Charge
0,0,1,-0.69640720774176,1,1,1,0.510700775972585,1,1,0,3,Short-Tenure Higher-Charge
0,0,1,-0.162135513343468,1,1,0,0.74656685716881,0,0,1,3,Short-Tenure Higher-Charge
0,0,0,-1.27177672478607,0,1,0,-1.03927632903118,1,0,1,0,Short-Tenure Lower-Charge
1,0,0,-1.02518978890994,1,0,0,0.173749231406548,0,0,1,3,Short-Tenure Higher-Charge
0,0,0,-1.14848325684801,1,0,1,0.645481393798999,0,0,0,3,Short-Tenure Higher-Charge
0,1,0,-0.038842045405401,1,1,1,0.274834694776359,1,0,0,3,Short-Tenure Higher-Charge
1,0,1,1.6050708604355,1,0,1,0.611786239342395,0,0,1,1,Long-Tenure Higher-Charge
1,0,1,-1.06628761155596,0,0,0,-0.533849012182128,0,1,0,0,Short-Tenure Lower-Charge
1,1,0,-0.614211562449715,1,1,1,-0.264287776529299,0,1,0,3,Short-Tenure Higher-Charge
0,0,0,0.618723116930958,1,1,1,1.31938448293107,0,0,0,1,Long-Tenure Higher-Charge
0,1,0,1.56397303778947,1,1,1,1.01612809282164,0,0,0,1,Long-Tenure Higher-Charge
1,0,0,-1.3128745474321,1,0,0,0.140054076949945,1,0,1,3,Short-Tenure Higher-Charge
1,0,0,1.48177739249743,1,0,0,1.31938448293107,0,1,0,1,Long-Tenure Higher-Charge
1,0,0,1.11189698868323,1,0,0,-1.54470364588024,0,0,0,2,Long-Tenure Lower-Charge
1,1,0,-1.3128745474321,0,0,0,-1.37622787359722,1,0,0,0,Short-Tenure Lower-Charge
1,0,0,-1.3128745474321,1,0,1,-0.567544166638732,0,0,0,0,Short-Tenure Lower-Charge
1,0,0,0.207744890470734,1,0,0,0.881347474995224,0,1,0,1,Long-Tenure Higher-Charge
1,0,0,-0.0799398680514234,1,0,0,1.11721355619145,0,0,1,3,Short-Tenure Higher-Charge
0,1,0,-0.778602853033805,1,1,1,0.443310467059377,0,0,1,3,Short-Tenure Higher-Charge
0,1,0,1.56397303778947,1,0,0,1.48786025521409,0,0,1,1,Long-Tenure Higher-Charge
1,0,0,-1.27177672478607,1,0,0,0.510700775972585,1,1,0,3,Short-Tenure Higher-Charge
1,0,1,1.27628827926732,1,0,1,0.915042629451828,0,0,1,1,Long-Tenure Higher-Charge
0,0,0,-0.984091966263917,1,1,0,0.510700775972585,0,1,0,3,Short-Tenure Higher-Charge
0,0,0,0.947505698099138,1,1,1,1.35307963738768,0,0,1,1,Long-Tenure Higher-Charge
0,0,0,-0.901896320971872,1,0,0,0.948737783908432,0,0,0,3,Short-Tenure Higher-Charge
1,0,1,1.6050708604355,1,1,1,-1.57839880033684,0,0,0,2,Long-Tenure Lower-Charge
0,0,0,-1.3128745474321,1,1,0,-1.54470364588024,0,0,0,0,Short-Tenure Lower-Charge
1,0,0,1.11189698868323,1,0,0,1.45416510075749,0,0,1,1,Long-Tenure Higher-Charge
1,1,0,0.0022557772406214,0,1,1,-0.533849012182128,0,0,1,2,Long-Tenure Lower-Charge
1,0,1,1.6050708604355,1,0,0,-1.54470364588024,0,0,0,2,Long-Tenure Lower-Charge
0,0,0,-0.285428981281536,1,1,0,0.712871702712206,0,0,1,3,Short-Tenure Higher-Charge
0,0,0,-1.23067890214005,1,1,0,0.679176548255603,1,0,1,3,Short-Tenure Higher-Charge
0,0,1,-0.449820271865625,0,0,1,-0.904495711204768,0,0,0,0,Short-Tenure Lower-Charge
0,1,0,-0.449820271865625,1,0,0,-0.0621168497896772,0,0,1,3,Short-Tenure Higher-Charge
0,0,0,-1.3128745474321,1,0,0,-0.399068394355713,1,1,0,0,Short-Tenure Lower-Charge
1,0,1,-0.244331158635513,1,0,1,-0.36537323989911,0,0,0,0,Short-Tenure Lower-Charge
0,0,0,-1.3128745474321,1,1,0,0.140054076949945,1,1,0,3,Short-Tenure Higher-Charge
0,0,0,0.331038358408801,1,0,0,1.35307963738768,1,0,0,1,Long-Tenure Higher-Charge
0,1,0,-0.778602853033805,1,1,0,0.274834694776359,1,0,0,3,Short-Tenure Higher-Charge
1,0,0,-1.06628761155596,1,1,0,0.106358922493341,1,1,0,3,Short-Tenure Higher-Charge
0,0,0,-0.038842045405401,1,1,0,-0.399068394355713,0,0,1,0,Short-Tenure Lower-Charge
1,0,1,0.331038358408801,1,0,0,0.0726637680367373,0,1,0,1,Long-Tenure Higher-Charge
0,1,1,-1.18958107949403,1,0,0,-0.668629630008542,1,1,0,0,Short-Tenure Lower-Charge
1,0,0,0.947505698099138,1,0,1,-1.34253271914062,0,0,0,2,Long-Tenure Lower-Charge
0,1,0,0.0022557772406214,1,1,1,1.48786025521409,1,1,0,3,Short-Tenure Higher-Charge
1,1,0,-1.27177672478607,1,1,1,0.00527345912353,1,1,0,3,Short-Tenure Higher-Charge
1,0,0,-0.203233335989491,1,0,1,1.35307963738768,1,1,0,3,Short-Tenure Higher-Charge
0,0,1,-1.3128745474321,1,1,1,-0.399068394355713,0,0,0,0,Short-Tenure Lower-Charge
1,0,1,-1.3128745474321,1,0,1,-1.57839880033684,0,0,0,0,Short-Tenure Lower-Charge
0,0,0,-1.27177672478607,1,1,1,0.140054076949945,1,0,0,3,Short-Tenure Higher-Charge
1,1,0,-1.18958107949403,1,0,0,0.274834694776359,1,0,0,3,Short-Tenure Higher-Charge
1,0,0,0.0433535998866439,1,1,1,1.31938448293107,0,0,1,3,Short-Tenure Higher-Charge
0,0,0,1.27628827926732,1,1,1,-0.264287776529299,0,1,0,2,Long-Tenure Lower-Charge
1,0,0,-1.06628761155596,1,0,0,-1.57839880033684,0,1,0,0,Short-Tenure Lower-Charge
1,0,1,0.742016584869025,1,1,0,0.611786239342395,0,0,1,1,Long-Tenure Higher-Charge
1,0,0,-0.490918094511648,1,0,1,-1.54470364588024,0,0,0,0,Short-Tenure Lower-Charge
0,0,0,-0.490918094511648,1,0,0,0.173749231406548,0,0,1,3,Short-Tenure Higher-Charge
1,1,0,0.98860352074516,1,1,1,0.847652320538621,0,0,0,1,Long-Tenure Higher-Charge
1,0,0,-1.10738543420198,1,1,0,0.342225003689566,1,0,1,3,Short-Tenure Higher-Charge
0,0,0,-1.02518978890994,1,0,0,-0.567544166638732,0,0,1,0,Short-Tenure Lower-Charge
1,0,1,-0.614211562449715,0,0,1,-1.34253271914062,0,0,0,0,Short-Tenure Lower-Charge
1,1,0,-1.06628761155596,1,0,0,0.140054076949945,1,0,1,3,Short-Tenure Higher-Charge
1,0,0,0.0844514225326663,1,0,0,-0.196897467616092,0,0,1,3,Short-Tenure Higher-Charge
0,0,0,-0.038842045405401,1,1,1,0.308529849232963,0,0,0,3,Short-Tenure Higher-Charge
0,0,0,-0.121037690697446,1,1,1,1.15090871064805,0,0,0,3,Short-Tenure Higher-Charge
1,0,1,-0.285428981281536,1,0,1,-0.533849012182128,0,0,0,0,Short-Tenure Lower-Charge
1,0,0,0.207744890470734,1,0,0,0.982432938365035,0,1,0,1,Long-Tenure Higher-Charge
0,1,0,0.331038358408801,1,0,0,1.5889457185839,1,0,1,1,Long-Tenure Higher-Charge
1,0,1,0.0433535998866439,0,0,0,-0.702324784465146,0,1,0,2,Long-Tenure Lower-Charge
1,1,0,0.906407875453115,1,1,1,-0.196897467616092,0,0,1,2,Long-Tenure Lower-Charge
0,1,0,0.98860352074516,1,0,1,0.948737783908432,0,0,0,1,Long-Tenure Higher-Charge
0,1,0,1.35848392455936,1,0,0,1.31938448293107,0,0,1,1,Long-Tenure Higher-Charge
1,0,0,0.413234003700846,1,0,1,0.679176548255603,0,0,0,1,Long-Tenure Higher-Charge
0,0,1,-0.038842045405401,1,0,0,0.342225003689566,0,0,1,3,Short-Tenure Higher-Charge
0,0,0,0.289940535762779,1,1,0,0.510700775972585,0,0,1,1,Long-Tenure Higher-Charge
0,0,0,0.331038358408801,1,1,0,1.08351840173485,0,1,0,1,Long-Tenure Higher-Charge
1,1,0,-0.121037690697446,1,0,1,0.813957166082017,0,0,0,3,Short-Tenure Higher-Charge
0,0,0,-1.23067890214005,1,0,0,0.477005621515981,1,1,0,3,Short-Tenure Higher-Charge
0,0,1,0.865310052807093,1,0,1,1.28568932847447,0,0,0,1,Long-Tenure Higher-Charge
1,0,0,-0.984091966263917,1,0,0,0.982432938365035,1,0,1,3,Short-Tenure Higher-Charge
1,1,0,-1.06628761155596,1,1,0,0.308529849232963,0,0,1,3,Short-Tenure Higher-Charge
1,0,0,1.02970134339118,1,1,0,1.15090871064805,0,0,1,1,Long-Tenure Higher-Charge
1,0,0,0.783114407515048,1,1,0,0.780262011625413,0,1,0,1,Long-Tenure Higher-Charge
1,0,1,-0.285428981281536,0,1,1,-0.870800556748164,0,0,0,0,Short-Tenure Lower-Charge
0,0,0,0.0433535998866439,1,1,0,-1.54470364588024,0,1,0,0,Short-Tenure Lower-Charge
1,0,0,0.82421223016107,1,1,1,0.510700775972585,0,0,1,1,Long-Tenure Higher-Charge
1,0,0,-0.737505030387783,1,1,1,0.74656685716881,0,0,0,3,Short-Tenure Higher-Charge
1,0,1,-1.3128745474321,1,0,0,-1.57839880033684,1,0,1,0,Short-Tenure Lower-Charge
0,0,0,-1.14848325684801,1,1,0,-0.331678085442506,0,0,0,0,Short-Tenure Lower-Charge
0,0,1,0.0433535998866439,1,0,0,1.31938448293107,0,0,0,1,Long-Tenure Higher-Charge
0,0,0,-0.038842045405401,1,0,0,1.18460386510466,0,1,0,3,Short-Tenure Higher-Charge
0,0,1,0.331038358408801,0,0,0,-1.03927632903118,0,0,0,2,Long-Tenure Lower-Charge
0,0,0,-0.326526803927558,0,0,0,-0.399068394355713,0,1,0,0,Short-Tenure Lower-Charge
1,0,1,-0.655309385095738,1,0,0,-0.129507158702884,0,0,1,3,Short-Tenure Higher-Charge
0,0,0,-0.655309385095738,1,1,1,-1.37622787359722,0,0,1,0,Short-Tenure Lower-Charge
0,0,0,1.52287521514345,1,0,0,0.645481393798999,0,0,0,1,Long-Tenure Higher-Charge
1,0,1,0.413234003700846,1,0,0,-1.57839880033684,0,1,0,2,Long-Tenure Lower-Charge
1,0,1,1.56397303778947,1,1,0,-1.40992302805382,0,1,0,2,Long-Tenure Lower-Charge
1,1,0,-1.27177672478607,0,0,0,-1.40992302805382,1,1,0,0,Short-Tenure Lower-Charge
1,0,0,0.659820939576981,1,0,0,0.308529849232963,0,0,1,1,Long-Tenure Higher-Charge
0,1,0,1.6050708604355,1,0,1,1.31938448293107,0,0,0,1,Long-Tenure Higher-Charge
1,0,0,-0.285428981281536,1,1,0,0.611786239342395,0,0,0,3,Short-Tenure Higher-Charge
0,0,0,-0.614211562449715,1,0,1,-1.54470364588024,0,0,0,0,Short-Tenure Lower-Charge
1,0,1,-1.3128745474321,1,0,1,0.915042629451828,1,0,0,3,Short-Tenure Higher-Charge
1,0,0,-0.984091966263917,0,1,1,-1.40992302805382,1,0,1,0,Short-Tenure Lower-Charge
1,0,0,-0.203233335989491,1,1,1,0.37592015814617,0,0,0,3,Short-Tenure Higher-Charge
0,0,1,1.11189698868323,1,0,1,-1.57839880033684,0,1,0,2,Long-Tenure Lower-Charge
1,0,0,-0.408722449219603,1,1,1,-1.51100849142363,0,0,1,0,Short-Tenure Lower-Charge
0,0,0,-0.737505030387783,1,0,0,0.477005621515981,1,0,1,3,Short-Tenure Higher-Charge
0,0,0,-0.162135513343468,1,0,1,0.0389686135801337,0,0,0,3,Short-Tenure Higher-Charge
0,0,0,-0.901896320971872,1,0,1,-0.36537323989911,0,0,0,0,Short-Tenure Lower-Charge
1,0,0,-0.244331158635513,1,0,0,0.106358922493341,0,0,0,3,Short-Tenure Higher-Charge
1,0,0,-1.3128745474321,1,0,0,0.140054076949945,1,1,0,3,Short-Tenure Higher-Charge
0,0,0,1.35848392455936,1,0,1,0.847652320538621,0,0,0,1,Long-Tenure Higher-Charge
0,1,0,-1.27177672478607,1,1,1,-0.297982930985903,0,0,0,3,Short-Tenure Higher-Charge
0,0,1,-0.573113739803693,1,1,1,-1.54470364588024,0,0,0,0,Short-Tenure Lower-Charge
1,0,1,1.19409263397527,1,1,1,0.982432938365035,0,0,0,1,Long-Tenure Higher-Charge
0,0,0,0.742016584869025,1,0,0,0.443310467059377,0,0,0,1,Long-Tenure Higher-Charge
0,0,0,1.6050708604355,1,1,0,0.948737783908432,0,0,1,1,Long-Tenure Higher-Charge
1,0,0,-0.942994143617895,1,1,1,0.813957166082017,1,0,0,3,Short-Tenure Higher-Charge
0,0,0,0.166647067824711,1,1,0,0.0726637680367373,0,0,0,3,Short-Tenure Higher-Charge
0,0,1,0.0844514225326663,1,1,1,-0.533849012182128,0,0,0,2,Long-Tenure Lower-Charge
0,0,0,-0.942994143617895,1,0,1,-0.163202313159488,0,0,0,3,Short-Tenure Higher-Charge
0,0,1,-0.285428981281536,1,1,1,-1.54470364588024,0,0,0,0,Short-Tenure Lower-Charge
1,0,0,1.6050708604355,1,0,0,0.544395930429188,0,0,0,1,Long-Tenure Higher-Charge
0,1,0,0.207744890470734,1,1,1,1.15090871064805,1,0,1,1,Long-Tenure Higher-Charge
0,0,0,-0.614211562449715,1,0,1,1.15090871064805,1,0,0,3,Short-Tenure Higher-Charge
1,0,0,0.947505698099138,1,1,1,-0.432763548812317,0,0,1,2,Long-Tenure Lower-Charge
0,0,0,0.125549245178689,1,0,0,-0.399068394355713,0,0,0,2,Long-Tenure Lower-Charge
1,0,1,-0.449820271865625,1,1,1,0.780262011625413,0,0,0,3,Short-Tenure Higher-Charge
1,0,1,1.31738610191334,1,1,0,1.28568932847447,0,0,1,1,Long-Tenure Higher-Charge
1,0,0,-0.244331158635513,1,1,0,-0.399068394355713,0,0,1,0,Short-Tenure Lower-Charge
0,0,0,-0.162135513343468,1,1,1,0.274834694776359,0,0,0,3,Short-Tenure Higher-Charge
1,1,0,-0.942994143617895,1,0,0,0.982432938365035,1,0,0,3,Short-Tenure Higher-Charge
0,1,0,0.700918762223003,1,0,0,1.31938448293107,0,0,0,1,Long-Tenure Higher-Charge
1,0,0,-0.984091966263917,1,1,1,0.679176548255603,0,1,0,3,Short-Tenure Higher-Charge
1,0,1,-0.408722449219603,1,1,1,-1.40992302805382,0,0,1,0,Short-Tenure Lower-Charge
1,0,1,-0.367624626573581,1,0,0,-0.36537323989911,1,0,1,0,Short-Tenure Lower-Charge
1,0,0,-1.3128745474321,1,1,1,-0.331678085442506,0,1,0,0,Short-Tenure Lower-Charge
1,0,0,-0.53201591715767,1,1,1,-0.0621168497896772,0,0,0,3,Short-Tenure Higher-Charge
1,0,0,1.02970134339118,1,1,0,-0.196897467616092,1,0,1,2,Long-Tenure Lower-Charge
1,1,0,1.6050708604355,1,0,1,0.915042629451828,0,1,0,1,Long-Tenure Higher-Charge
1,0,0,-0.778602853033805,1,1,1,-0.533849012182128,0,0,0,0,Short-Tenure Lower-Charge
0,0,1,1.19409263397527,1,0,1,-0.36537323989911,0,0,0,2,Long-Tenure Lower-Charge
0,1,0,0.166647067824711,1,0,0,0.342225003689566,1,1,0,3,Short-Tenure Higher-Charge
1,0,0,-0.162135513343468,0,0,1,-1.07297148348779,0,1,0,0,Short-Tenure Lower-Charge
0,0,0,1.19409263397527,1,1,1,-1.57839880033684,0,0,1,2,Long-Tenure Lower-Charge
0,0,1,0.536527471638913,1,0,0,1.15090871064805,0,0,1,1,Long-Tenure Higher-Charge
1,0,0,-1.27177672478607,1,0,1,0.948737783908432,1,0,0,3,Short-Tenure Higher-Charge
0,0,0,0.700918762223003,1,0,0,1.01612809282164,0,1,0,1,Long-Tenure Higher-Charge
1,0,0,-0.367624626573581,1,1,1,1.31938448293107,1,1,0,3,Short-Tenure Higher-Charge
1,1,0,0.906407875453115,1,1,0,1.6226408730405,0,0,1,1,Long-Tenure Higher-Charge
0,0,0,1.27628827926732,1,1,0,1.65633602749711,0,1,0,1,Long-Tenure Higher-Charge
0,0,0,-1.18958107949403,1,0,0,0.780262011625413,1,0,0,3,Short-Tenure Higher-Charge
0,0,0,-1.10738543420198,0,1,0,-1.2414472557708,0,0,1,0,Short-Tenure Lower-Charge
1,1,0,-1.3128745474321,1,1,1,0.342225003689566,1,0,1,3,Short-Tenure Higher-Charge
1,0,1,0.166647067824711,1,0,1,-0.0958120042462808,0,0,0,2,Long-Tenure Lower-Charge
1,1,0,1.56397303778947,1,1,0,-1.37622787359722,0,0,1,2,Long-Tenure Lower-Charge
1,0,1,-0.162135513343468,0,1,1,-0.36537323989911,0,0,0,0,Short-Tenure Lower-Charge
1,0,0,-1.06628761155596,1,0,0,0.780262011625413,1,0,1,3,Short-Tenure Higher-Charge
1,0,0,-0.038842045405401,1,1,1,1.11721355619145,0,0,0,3,Short-Tenure Higher-Charge
0,0,0,1.07079916603721,1,1,1,0.982432938365035,0,0,0,1,Long-Tenure Higher-Charge
1,0,1,0.289940535762779,1,0,0,0.308529849232963,0,0,0,1,Long-Tenure Higher-Charge
1,0,0,-0.942994143617895,0,1,1,-1.2077521013142,1,1,0,0,Short-Tenure Lower-Charge
0,0,0,-0.244331158635513,1,0,1,-1.57839880033684,0,0,0,0,Short-Tenure Lower-Charge
0,0,0,-1.06628761155596,1,1,1,0.679176548255603,1,0,0,3,Short-Tenure Higher-Charge
1,0,1,1.31738610191334,1,1,1,-1.37622787359722,0,1,0,2,Long-Tenure Lower-Charge
0,0,0,-0.942994143617895,1,1,0,0.510700775972585,1,0,0,3,Short-Tenure Higher-Charge
0,0,1,-0.408722449219603,1,1,0,0.611786239342395,0,1,0,3,Short-Tenure Higher-Charge
0,0,1,0.577625294284936,1,0,0,0.645481393798999,0,1,0,1,Long-Tenure Higher-Charge
1,0,0,-0.901896320971872,1,1,0,-0.36537323989911,0,0,0,0,Short-Tenure Lower-Charge
1,0,0,-0.86079849832585,0,1,1,-1.07297148348779,0,0,0,0,Short-Tenure Lower-Charge
1,0,1,-0.121037690697446,0,0,0,-0.73601993892175,0,0,0,0,Short-Tenure Lower-Charge
0,0,0,-1.3128745474321,1,0,1,0.342225003689566,1,0,0,3,Short-Tenure Higher-Charge
0,0,0,0.98860352074516,1,1,1,1.45416510075749,0,1,0,1,Long-Tenure Higher-Charge
1,1,0,-0.901896320971872,1,0,0,0.140054076949945,0,0,1,3,Short-Tenure Higher-Charge
0,0,0,-0.984091966263917,1,1,1,-1.54470364588024,0,0,0,0,Short-Tenure Lower-Charge
0,0,0,-1.18958107949403,1,0,0,0.140054076949945,1,1,0,3,Short-Tenure Higher-Charge
1,0,0,-0.819700675679827,1,1,1,0.274834694776359,0,0,1,3,Short-Tenure Higher-Charge
0,0,0,0.0844514225326663,1,1,1,-1.51100849142363,0,0,0,2,Long-Tenure Lower-Charge
1,0,0,1.39958174720538,0,0,0,-0.500153857725524,0,0,0,2,Long-Tenure Lower-Charge
1,0,1,0.742016584869025,1,0,0,-0.601239321095335,0,0,1,2,Long-Tenure Lower-Charge
1,0,0,-1.3128745474321,1,0,0,-0.500153857725524,1,0,0,0,Short-Tenure Lower-Charge
0,0,1,1.56397303778947,1,1,1,1.15090871064805,0,0,1,1,Long-Tenure Higher-Charge
1,1,0,-0.162135513343468,1,1,0,0.443310467059377,0,1,0,3,Short-Tenure Higher-Charge
0,0,0,0.0022557772406214,1,0,0,1.28568932847447,1,0,0,3,Short-Tenure Higher-Charge
0,0,1,-0.901896320971872,0,1,1,-1.00558117457458,0,0,1,0,Short-Tenure Lower-Charge
1,0,1,-0.819700675679827,1,1,1,0.409615312602774,0,0,0,3,Short-Tenure Higher-Charge
1,0,1,0.372136181054823,1,0,0,-1.57839880033684,0,0,1,2,Long-Tenure Lower-Charge
0,0,0,-1.02518978890994,0,0,0,-1.2414472557708,0,0,0,0,Short-Tenure Lower-Charge
1,0,0,-1.3128745474321,1,0,1,-0.73601993892175,1,0,0,0,Short-Tenure Lower-Charge
1,0,0,1.6050708604355,1,0,0,1.42046994630088,0,0,1,1,Long-Tenure Higher-Charge
1,0,1,0.577625294284936,1,0,0,0.712871702712206,0,0,1,1,Long-Tenure Higher-Charge
1,0,1,-0.121037690697446,1,0,0,0.645481393798999,0,0,0,3,Short-Tenure Higher-Charge
1,0,0,0.742016584869025,1,1,0,1.5552505641273,0,1,0,1,Long-Tenure Higher-Charge
0,0,0,-0.69640720774176,1,0,0,0.982432938365035,0,1,0,3,Short-Tenure Higher-Charge
0,0,0,0.0433535998866439,1,1,0,1.15090871064805,0,0,0,3,Short-Tenure Higher-Charge
1,0,0,-1.02518978890994,1,0,0,0.712871702712206,1,0,1,3,Short-Tenure Higher-Charge
1,1,0,1.11189698868323,1,0,0,0.207444385863152,0,0,0,1,Long-Tenure Higher-Charge
1,0,0,1.6050708604355,1,0,0,1.69003118195371,0,0,0,1,Long-Tenure Higher-Charge
1,0,1,-0.86079849832585,1,1,1,-1.54470364588024,0,0,0,0,Short-Tenure Lower-Charge
0,0,1,1.31738610191334,1,1,1,0.544395930429188,0,0,0,1,Long-Tenure Higher-Charge
1,0,1,-0.038842045405401,1,0,1,-1.57839880033684,0,0,0,0,Short-Tenure Lower-Charge
0,0,1,1.39958174720538,1,0,1,0.948737783908432,1,0,0,1,Long-Tenure Higher-Charge
1,0,0,0.495429648992891,1,1,1,0.443310467059377,0,0,1,1,Long-Tenure Higher-Charge
0,0,1,1.11189698868323,0,1,1,-0.196897467616092,0,0,1,2,Long-Tenure Lower-Charge
0,0,0,-1.3128745474321,1,1,1,-0.36537323989911,0,0,1,0,Short-Tenure Lower-Charge
0,0,0,1.02970134339118,1,1,0,-0.0284216953330735,0,0,0,1,Long-Tenure Higher-Charge
0,0,0,-0.984091966263917,1,1,0,0.982432938365035,1,0,1,3,Short-Tenure Higher-Charge
0,0,0,-1.3128745474321,1,0,0,0.274834694776359,0,1,0,3,Short-Tenure Higher-Charge
1,0,1,-1.02518978890994,1,0,0,-1.40992302805382,0,0,0,0,Short-Tenure Lower-Charge
1,0,0,-1.27177672478607,1,0,1,-0.702324784465146,1,0,1,0,Short-Tenure Lower-Charge
0,0,1,0.577625294284936,1,0,0,-1.54470364588024,0,1,0,2,Long-Tenure Lower-Charge
0,1,0,-1.3128745474321,1,0,0,0.274834694776359,1,0,0,3,Short-Tenure Higher-Charge
0,0,0,-1.3128745474321,0,0,1,-1.34253271914062,0,0,0,0,Short-Tenure Lower-Charge
0,0,0,-0.942994143617895,1,1,1,1.18460386510466,1,0,0,3,Short-Tenure Higher-Charge
1,0,0,-0.162135513343468,0,1,1,-1.37622787359722,0,0,0,0,Short-Tenure Lower-Charge
0,0,1,1.02970134339118,1,0,0,0.342225003689566,0,1,0,1,Long-Tenure Higher-Charge
1,0,0,-0.778602853033805,1,0,0,-1.57839880033684,0,1,0,0,Short-Tenure Lower-Charge
1,0,0,-1.06628761155596,1,0,0,-1.51100849142363,0,0,0,0,Short-Tenure Lower-Charge
0,0,1,-1.14848325684801,1,1,1,0.611786239342395,1,0,0,3,Short-Tenure Higher-Charge
0,0,1,-0.614211562449715,1,0,0,-1.54470364588024,1,0,0,0,Short-Tenure Lower-Charge
1,0,1,-0.326526803927558,1,0,0,-1.54470364588024,0,0,0,0,Short-Tenure Lower-Charge
0,0,0,0.536527471638913,1,1,1,-0.0621168497896772,0,0,0,1,Long-Tenure Higher-Charge
0,0,0,-1.3128745474321,1,1,0,-0.601239321095335,0,1,0,0,Short-Tenure Lower-Charge
0,0,0,1.44067956985141,1,0,0,0.645481393798999,0,1,0,1,Long-Tenure Higher-Charge
1,0,0,-0.614211562449715,1,1,0,-0.73601993892175,0,0,0,0,Short-Tenure Lower-Charge
0,0,0,-1.02518978890994,1,1,1,0.477005621515981,0,0,0,3,Short-Tenure Higher-Charge
1,0,0,1.27628827926732,1,1,1,-1.54470364588024,0,1,0,2,Long-Tenure Lower-Charge
0,1,0,-1.18958107949403,1,1,1,0.780262011625413,1,1,0,3,Short-Tenure Higher-Charge
0,0,0,1.23519045662129,1,1,1,0.477005621515981,0,1,0,1,Long-Tenure Higher-Charge
1,0,1,0.865310052807093,1,1,1,1.35307963738768,0,1,0,1,Long-Tenure Higher-Charge
1,0,0,0.865310052807093,1,0,1,0.308529849232963,0,0,0,1,Long-Tenure Higher-Charge
1,0,1,1.6050708604355,1,0,0,0.140054076949945,0,0,0,1,Long-Tenure Higher-Charge
1,1,0,-1.18958107949403,0,0,0,-0.500153857725524,0,0,0,0,Short-Tenure Lower-Charge
0,0,0,1.6050708604355,1,0,1,0.847652320538621,0,0,0,1,Long-Tenure Higher-Charge
0,1,0,1.11189698868323,0,0,0,-0.567544166638732,0,0,0,2,Long-Tenure Lower-Charge
1,0,1,-0.53201591715767,1,0,0,0.813957166082017,1,0,0,3,Short-Tenure Higher-Charge
0,1,0,0.0844514225326663,1,0,0,0.173749231406548,0,1,0,3,Short-Tenure Higher-Charge
0,0,0,-1.27177672478607,1,1,1,-0.567544166638732,1,1,0,0,Short-Tenure Lower-Charge
0,0,0,-0.285428981281536,0,0,1,-0.533849012182128,0,0,0,0,Short-Tenure Lower-Charge
1,0,0,-0.778602853033805,1,0,1,0.578091084885792,0,0,0,3,Short-Tenure Higher-Charge
1,1,0,-1.3128745474321,1,0,1,0.308529849232963,1,0,0,3,Short-Tenure Higher-Charge
0,0,1,0.82421223016107,1,0,0,-1.54470364588024,0,0,1,2,Long-Tenure Lower-Charge
1,0,0,-1.3128745474321,1,0,0,-1.57839880033684,0,1,0,0,Short-Tenure Lower-Charge
1,0,0,1.02970134339118,1,1,1,-1.54470364588024,0,0,0,2,Long-Tenure Lower-Charge
0,0,1,-1.14848325684801,1,1,0,-0.500153857725524,0,0,1,0,Short-Tenure Lower-Charge
0,0,0,0.82421223016107,1,0,0,1.35307963738768,0,1,0,1,Long-Tenure Higher-Charge
0,0,0,-1.18958107949403,1,0,0,-1.54470364588024,0,0,1,0,Short-Tenure Lower-Charge
1,0,0,0.659820939576981,1,0,0,1.11721355619145,0,1,0,1,Long-Tenure Higher-Charge
1,0,1,-1.27177672478607,1,1,1,0.813957166082017,1,0,0,3,Short-Tenure Higher-Charge
1,0,0,-1.27177672478607,1,1,1,0.0726637680367373,1,1,0,3,Short-Tenure Higher-Charge
0,0,0,-1.23067890214005,1,0,0,0.308529849232963,1,0,0,3,Short-Tenure Higher-Charge
1,0,0,-1.06628761155596,1,1,1,0.948737783908432,1,0,0,3,Short-Tenure Higher-Charge
1,0,0,-0.778602853033805,1,0,0,-0.702324784465146,0,1,0,0,Short-Tenure Lower-Charge
1,0,0,-0.614211562449715,1,0,0,1.11721355619145,1,0,0,3,Short-Tenure Higher-Charge
1,0,0,-0.244331158635513,1,0,0,0.510700775972585,0,0,0,3,Short-Tenure Higher-Charge
0,0,1,1.35848392455936,1,0,1,-0.196897467616092,0,0,0,2,Long-Tenure Lower-Charge
0,0,0,0.413234003700846,1,0,0,0.679176548255603,0,1,0,1,Long-Tenure Higher-Charge
1,0,0,1.48177739249743,1,1,1,1.5889457185839,0,0,1,1,Long-Tenure Higher-Charge
1,0,0,1.56397303778947,1,0,0,0.915042629451828,0,0,0,1,Long-Tenure Higher-Charge
0,1,0,0.700918762223003,1,0,0,0.578091084885792,0,0,0,1,Long-Tenure Higher-Charge
1,0,0,0.742016584869025,1,0,0,-1.57839880033684,0,0,0,2,Long-Tenure Lower-Charge
1,0,0,-0.244331158635513,1,1,1,0.510700775972585,0,0,0,3,Short-Tenure Higher-Charge
1,0,1,1.52287521514345,1,0,1,-1.54470364588024,0,1,0,2,Long-Tenure Lower-Charge
0,1,0,-1.27177672478607,1,0,0,0.477005621515981,1,0,1,3,Short-Tenure Higher-Charge
0,0,0,-1.10738543420198,1,0,0,-0.533849012182128,1,0,0,0,Short-Tenure Lower-Charge
0,0,0,1.07079916603721,1,1,0,1.18460386510466,1,1,0,1,Long-Tenure Higher-Charge
1,1,0,-0.942994143617895,1,0,0,0.881347474995224,1,1,0,3,Short-Tenure Higher-Charge
1,1,0,-0.162135513343468,1,0,0,1.08351840173485,1,0,0,3,Short-Tenure Higher-Charge
0,1,0,-0.490918094511648,1,0,1,0.948737783908432,1,0,0,3,Short-Tenure Higher-Charge
0,0,0,1.19409263397527,1,0,0,1.28568932847447,0,0,0,1,Long-Tenure Higher-Charge
1,0,1,0.125549245178689,1,1,1,-1.57839880033684,0,0,0,2,Long-Tenure Lower-Charge
1,0,0,-1.23067890214005,1,0,0,-1.54470364588024,1,1,0,0,Short-Tenure Lower-Charge
0,0,0,1.48177739249743,1,0,0,1.69003118195371,0,0,0,1,Long-Tenure Higher-Charge
0,0,0,-1.27177672478607,0,0,1,-1.1740569468576,1,0,0,0,Short-Tenure Lower-Charge
0,0,0,-1.02518978890994,1,1,1,0.645481393798999,1,0,0,3,Short-Tenure Higher-Charge
0,1,0,-1.23067890214005,0,1,1,-1.1740569468576,0,0,1,0,Short-Tenure Lower-Charge
0,0,0,-0.86079849832585,1,0,1,1.11721355619145,1,0,0,3,Short-Tenure Higher-Charge
1,0,0,-0.614211562449715,1,1,1,0.342225003689566,0,0,0,3,Short-Tenure Higher-Charge
0,0,0,-0.53201591715767,0,0,1,-1.37622787359722,0,0,0,0,Short-Tenure Lower-Charge
1,0,0,-0.449820271865625,1,1,1,-0.230592622072695,1,0,0,3,Short-Tenure Higher-Charge
0,0,1,-1.14848325684801,1,0,0,-0.668629630008542,1,0,0,0,Short-Tenure Lower-Charge
0,0,0,-0.367624626573581,1,1,1,-1.37622787359722,0,0,1,0,Short-Tenure Lower-Charge
1,0,1,1.27628827926732,1,1,1,0.106358922493341,0,1,0,1,Long-Tenure Higher-Charge
1,0,0,-0.285428981281536,1,1,1,1.11721355619145,0,0,0,3,Short-Tenure Higher-Charge
1,1,0,1.44067956985141,1,1,1,1.31938448293107,1,0,0,1,Long-Tenure Higher-Charge
0,0,0,1.11189698868323,1,1,0,-1.51100849142363,0,0,1,2,Long-Tenure Lower-Charge
1,0,1,-0.326526803927558,1,0,1,-0.36537323989911,0,0,0,0,Short-Tenure Lower-Charge
0,0,0,0.742016584869025,1,1,0,-1.34253271914062,0,0,1,2,Long-Tenure Lower-Charge
0,0,0,-1.06628761155596,1,0,1,0.510700775972585,0,1,0,3,Short-Tenure Higher-Charge
1,0,1,0.248842713116756,1,1,1,-1.57839880033684,0,0,1,2,Long-Tenure Lower-Charge
0,0,0,-0.244331158635513,1,0,0,0.982432938365035,0,0,1,3,Short-Tenure Higher-Charge
1,0,1,0.947505698099138,1,0,0,0.679176548255603,0,1,0,1,Long-Tenure Higher-Charge
0,0,0,0.98860352074516,1,0,0,-1.54470364588024,0,0,0,2,Long-Tenure Lower-Charge
1,0,0,-0.655309385095738,1,1,1,1.38677479184428,0,0,0,3,Short-Tenure Higher-Charge
0,0,0,-1.3128745474321,1,1,1,-0.331678085442506,1,0,0,0,Short-Tenure Lower-Charge
1,0,1,-0.819700675679827,1,0,0,0.241139540319755,0,0,1,3,Short-Tenure Higher-Charge
0,0,1,1.48177739249743,1,1,1,-1.54470364588024,0,1,0,2,Long-Tenure Lower-Charge
0,0,1,-1.3128745474321,1,0,0,-1.57839880033684,0,0,0,0,Short-Tenure Lower-Charge
1,0,0,-1.06628761155596,1,0,0,0.308529849232963,1,1,0,3,Short-Tenure Higher-Charge
0,1,0,1.6050708604355,1,1,0,1.72372633641031,0,0,1,1,Long-Tenure Higher-Charge
1,0,0,-1.23067890214005,1,1,1,1.11721355619145,1,0,0,3,Short-Tenure Higher-Charge
1,0,0,0.82421223016107,1,1,0,-0.163202313159488,0,0,1,2,Long-Tenure Lower-Charge
1,0,1,0.207744890470734,1,0,0,0.544395930429188,0,0,0,1,Long-Tenure Higher-Charge
0,0,0,-1.18958107949403,1,1,1,0.477005621515981,0,0,0,3,Short-Tenure Higher-Charge
0,0,0,1.19409263397527,1,0,1,0.611786239342395,0,0,1,1,Long-Tenure Higher-Charge
1,0,0,-1.3128745474321,1,0,0,-0.567544166638732,0,0,1,0,Short-Tenure Lower-Charge
0,0,0,0.536527471638913,1,0,1,0.611786239342395,0,0,0,1,Long-Tenure Higher-Charge
1,0,0,-0.573113739803693,1,0,0,-0.196897467616092,0,0,0,3,Short-Tenure Higher-Charge
0,0,0,1.6050708604355,1,1,0,0.847652320538621,0,0,1,1,Long-Tenure Higher-Charge
1,0,1,0.207744890470734,1,1,1,-1.37622787359722,0,0,0,2,Long-Tenure Lower-Charge
1,0,0,1.56397303778947,1,1,0,1.35307963738768,0,0,1,1,Long-Tenure Higher-Charge
0,0,0,-0.69640720774176,1,0,0,1.15090871064805,1,0,0,3,Short-Tenure Higher-Charge
0,1,0,1.35848392455936,1,1,1,1.35307963738768,1,0,0,1,Long-Tenure Higher-Charge
0,1,0,-0.901896320971872,1,0,0,0.982432938365035,1,0,0,3,Short-Tenure Higher-Charge
1,0,1,1.35848392455936,1,1,1,0.611786239342395,0,0,0,1,Long-Tenure Higher-Charge
1,0,0,-0.203233335989491,1,1,1,0.847652320538621,0,1,0,3,Short-Tenure Higher-Charge
0,0,0,-1.3128745474321,0,0,0,-1.03927632903118,1,0,0,0,Short-Tenure Lower-Charge
0,0,1,1.6050708604355,1,0,0,1.48786025521409,0,0,0,1,Long-Tenure Higher-Charge
0,0,1,-0.614211562449715,1,1,0,-1.57839880033684,0,1,0,0,Short-Tenure Lower-Charge
0,0,0,0.659820939576981,1,1,1,-1.57839880033684,0,0,1,2,Long-Tenure Lower-Charge
0,1,0,0.331038358408801,1,0,0,1.28568932847447,0,0,0,1,Long-Tenure Higher-Charge
1,0,1,-1.3128745474321,1,0,0,0.140054076949945,1,0,0,3,Short-Tenure Higher-Charge
1,1,0,-0.244331158635513,1,1,1,0.342225003689566,1,0,0,3,Short-Tenure Higher-Charge
1,0,0,-1.14848325684801,1,1,1,-1.51100849142363,0,0,0,0,Short-Tenure Lower-Charge
1,0,0,0.413234003700846,0,0,0,-1.03927632903118,0,1,0,2,Long-Tenure Lower-Charge
1,0,1,0.577625294284936,1,0,0,-0.36537323989911,0,0,1,2,Long-Tenure Lower-Charge
0,0,0,-1.3128745474321,1,0,0,-0.533849012182128,0,0,0,0,Short-Tenure Lower-Charge
0,0,0,-0.737505030387783,1,0,0,-0.230592622072695,1,0,0,3,Short-Tenure Higher-Charge
0,0,1,-1.06628761155596,1,0,0,0.173749231406548,0,1,0,3,Short-Tenure Higher-Charge
1,0,0,-0.778602853033805,1,0,0,-1.54470364588024,0,1,0,0,Short-Tenure Lower-Charge
0,0,0,0.413234003700846,1,0,0,0.477005621515981,0,0,1,1,Long-Tenure Higher-Charge
1,0,0,-0.162135513343468,1,1,0,0.611786239342395,1,1,0,3,Short-Tenure Higher-Charge
0,0,0,0.536527471638913,1,0,0,-1.40992302805382,0,1,0,2,Long-Tenure Lower-Charge
0,0,0,-0.367624626573581,1,0,1,-0.567544166638732,0,0,0,0,Short-Tenure Lower-Charge
1,0,1,0.742016584869025,0,0,0,-0.230592622072695,1,1,0,2,Long-Tenure Lower-Charge
1,0,1,1.52287521514345,0,1,0,-0.196897467616092,0,0,1,2,Long-Tenure Lower-Charge
0,0,0,-0.86079849832585,1,1,0,-0.668629630008542,0,0,1,0,Short-Tenure Lower-Charge
1,0,0,-1.23067890214005,1,1,1,-1.54470364588024,0,0,1,0,Short-Tenure Lower-Charge
0,1,0,-0.984091966263917,1,1,0,0.611786239342395,1,0,1,3,Short-Tenure Higher-Charge
0,0,0,-0.737505030387783,1,1,1,0.611786239342395,0,0,0,3,Short-Tenure Higher-Charge
0,0,1,1.6050708604355,1,0,1,-1.40992302805382,0,1,0,2,Long-Tenure Lower-Charge
0,0,1,-1.18958107949403,1,0,0,-1.54470364588024,0,1,0,0,Short-Tenure Lower-Charge
0,0,0,1.6050708604355,1,0,0,1.28568932847447,0,0,1,1,Long-Tenure Higher-Charge
1,0,0,-0.942994143617895,1,1,1,-1.54470364588024,0,0,0,0,Short-Tenure Lower-Charge
0,1,0,-1.14848325684801,0,1,1,-1.27514241022741,1,0,1,0,Short-Tenure Lower-Charge
1,0,0,-1.02518978890994,1,1,1,0.679176548255603,0,0,0,3,Short-Tenure Higher-Charge
0,1,0,-0.285428981281536,1,0,1,0.847652320538621,1,0,0,3,Short-Tenure Higher-Charge
0,0,0,1.44067956985141,1,1,1,0.173749231406548,0,0,0,1,Long-Tenure Higher-Charge
1,0,1,-1.27177672478607,1,1,1,-1.54470364588024,0,0,0,0,Short-Tenure Lower-Charge
1,1,0,-1.02518978890994,1,0,0,0.274834694776359,1,0,1,3,Short-Tenure Higher-Charge
1,0,0,-0.819700675679827,1,1,0,1.08351840173485,1,1,0,3,Short-Tenure Higher-Charge
1,1,0,0.0433535998866439,1,0,0,0.106358922493341,0,0,1,3,Short-Tenure Higher-Charge
0,0,1,1.6050708604355,0,0,0,0.00527345912353,0,0,1,2,Long-Tenure Lower-Charge
1,0,0,-0.490918094511648,0,1,1,-0.73601993892175,0,0,1,0,Short-Tenure Lower-Charge
0,0,1,0.289940535762779,1,0,0,0.645481393798999,1,0,0,1,Long-Tenure Higher-Charge
1,0,0,-0.69640720774176,0,1,1,-0.36537323989911,0,0,0,0,Short-Tenure Lower-Charge
0,0,0,-0.285428981281536,1,0,1,-0.331678085442506,0,0,0,3,Short-Tenure Higher-Charge
1,0,0,0.659820939576981,1,0,0,1.11721355619145,1,1,0,1,Long-Tenure Higher-Charge
1,0,0,0.536527471638913,1,0,1,-1.57839880033684,0,0,0,2,Long-Tenure Lower-Charge
1,0,1,-0.901896320971872,1,1,0,0.477005621515981,1,0,1,3,Short-Tenure Higher-Charge
1,0,0,1.6050708604355,1,0,1,0.611786239342395,0,1,0,1,Long-Tenure Higher-Charge
1,0,0,0.577625294284936,1,0,0,-1.54470364588024,0,0,1,2,Long-Tenure Lower-Charge
1,0,1,-1.3128745474321,1,1,1,-1.57839880033684,1,1,0,0,Short-Tenure Lower-Charge
0,1,0,1.07079916603721,1,1,0,0.813957166082017,0,0,1,1,Long-Tenure Higher-Charge
0,0,0,1.56397303778947,1,1,0,0.74656685716881,0,1,0,1,Long-Tenure Higher-Charge
0,0,1,-0.326526803927558,1,1,1,-1.54470364588024,0,0,1,0,Short-Tenure Lower-Charge
1,0,1,1.6050708604355,1,0,0,1.42046994630088,0,0,1,1,Long-Tenure Higher-Charge
1,0,0,-1.27177672478607,1,1,0,-1.54470364588024,0,0,1,0,Short-Tenure Lower-Charge
0,0,0,0.0844514225326663,1,1,1,-0.129507158702884,0,0,1,3,Short-Tenure Higher-Charge
1,0,1,1.56397303778947,1,0,0,1.31938448293107,0,0,1,1,Long-Tenure Higher-Charge
0,1,0,-0.737505030387783,1,0,0,0.982432938365035,0,1,0,3,Short-Tenure Higher-Charge
0,0,0,-0.285428981281536,1,1,0,0.443310467059377,0,1,0,3,Short-Tenure Higher-Charge
0,1,1,-1.23067890214005,1,0,0,0.74656685716881,1,1,0,3,Short-Tenure Higher-Charge
1,1,0,0.659820939576981,1,0,0,-0.533849012182128,0,0,0,2,Long-Tenure Lower-Charge
1,0,1,-0.244331158635513,1,0,0,0.342225003689566,0,0,1,3,Short-Tenure Higher-Charge
1,0,0,-1.23067890214005,1,0,1,-0.533849012182128,0,0,0,0,Short-Tenure Lower-Charge
0,0,1,0.495429648992891,0,0,0,-0.500153857725524,0,0,0,2,Long-Tenure Lower-Charge
1,0,0,0.166647067824711,1,0,0,1.28568932847447,0,0,1,1,Long-Tenure Higher-Charge
0,0,1,1.6050708604355,1,0,0,1.72372633641031,0,0,0,1,Long-Tenure Higher-Charge
0,0,0,1.19409263397527,1,1,0,0.881347474995224,0,1,0,1,Long-Tenure Higher-Charge
0,0,1,0.865310052807093,1,0,0,-0.196897467616092,0,0,0,2,Long-Tenure Lower-Charge
1,0,1,-0.737505030387783,1,0,0,1.21829901956126,0,0,0,3,Short-Tenure Higher-Charge
0,1,0,-1.3128745474321,0,1,1,-1.37622787359722,1,0,0,0,Short-Tenure Lower-Charge
1,0,0,1.6050708604355,0,0,0,-0.163202313159488,0,0,0,2,Long-Tenure Lower-Charge
0,0,0,-0.121037690697446,1,0,0,0.443310467059377,0,1,0,3,Short-Tenure Higher-Charge
0,0,0,0.289940535762779,1,1,1,0.443310467059377,0,0,1,1,Long-Tenure Higher-Charge
0,0,1,1.56397303778947,1,1,1,0.173749231406548,0,0,0,1,Long-Tenure Higher-Charge
1,0,0,-0.614211562449715,0,1,1,-1.07297148348779,1,0,1,0,Short-Tenure Lower-Charge
1,0,0,-0.655309385095738,0,0,0,-1.37622787359722,0,0,1,0,Short-Tenure Lower-Charge
0,0,0,0.289940535762779,1,1,1,-1.54470364588024,0,0,0,2,Long-Tenure Lower-Charge
0,1,0,1.6050708604355,1,1,0,1.52155540967069,0,1,0,1,Long-Tenure Higher-Charge
1,0,0,0.82421223016107,1,1,0,-1.40992302805382,0,0,1,2,Long-Tenure Lower-Charge
1,0,0,1.56397303778947,1,1,1,1.69003118195371,0,0,0,1,Long-Tenure Higher-Charge
0,0,0,-0.53201591715767,1,0,0,1.04982324727824,0,0,1,3,Short-Tenure Higher-Charge
1,0,0,-1.06628761155596,1,1,0,-0.36537323989911,0,0,1,0,Short-Tenure Lower-Charge
0,0,1,1.6050708604355,1,0,1,-1.40992302805382,0,0,1,2,Long-Tenure Lower-Charge
1,0,1,0.248842713116756,1,1,0,-1.40992302805382,0,0,1,2,Long-Tenure Lower-Charge
0,0,0,0.495429648992891,1,0,0,-1.34253271914062,0,0,0,2,Long-Tenure Lower-Charge
0,0,0,-1.14848325684801,1,1,1,0.611786239342395,0,0,0,3,Short-Tenure Higher-Charge
0,0,0,0.577625294284936,0,0,0,-0.870800556748164,0,0,0,2,Long-Tenure Lower-Charge
1,0,0,-1.18958107949403,1,0,1,-1.54470364588024,0,0,0,0,Short-Tenure Lower-Charge
1,0,0,0.577625294284936,1,1,1,1.18460386510466,0,0,0,1,Long-Tenure Higher-Charge
1,0,1,0.0022557772406214,1,0,1,0.982432938365035,0,0,0,3,Short-Tenure Higher-Charge
0,0,1,-0.737505030387783,1,0,0,-1.37622787359722,0,0,1,0,Short-Tenure Lower-Charge
1,0,0,1.35848392455936,1,1,1,0.780262011625413,0,0,0,1,Long-Tenure Higher-Charge
0,0,0,-1.10738543420198,1,0,0,0.813957166082017,1,0,0,3,Short-Tenure Higher-Charge
0,0,0,-0.655309385095738,1,1,1,-1.54470364588024,0,0,0,0,Short-Tenure Lower-Charge
0,0,1,0.331038358408801,1,0,0,0.982432938365035,0,0,1,1,Long-Tenure Higher-Charge
0,0,1,0.947505698099138,1,0,0,1.15090871064805,0,0,0,1,Long-Tenure Higher-Charge
0,0,0,-0.203233335989491,1,0,0,-0.36537323989911,0,0,1,3,Short-Tenure Higher-Charge
0,0,1,1.6050708604355,0,0,0,-0.399068394355713,0,0,0,2,Long-Tenure Lower-Charge
0,0,0,0.947505698099138,1,0,0,1.38677479184428,0,0,0,1,Long-Tenure Higher-Charge
1,0,0,1.52287521514345,1,1,1,0.443310467059377,0,0,0,1,Long-Tenure Higher-Charge
1,0,0,0.454331826346868,1,0,1,0.847652320538621,0,0,0,1,Long-Tenure Higher-Charge
1,0,0,-1.27177672478607,1,1,1,-0.73601993892175,1,0,0,0,Short-Tenure Lower-Charge
1,0,1,1.02970134339118,1,0,0,0.207444385863152,0,0,0,1,Long-Tenure Higher-Charge
0,0,0,0.618723116930958,1,0,0,0.578091084885792,0,0,1,1,Long-Tenure Higher-Charge
1,0,0,-0.901896320971872,1,1,1,0.645481393798999,0,0,1,3,Short-Tenure Higher-Charge
1,0,0,1.6050708604355,1,1,0,1.69003118195371,0,0,1,1,Long-Tenure Higher-Charge
1,0,0,1.6050708604355,0,0,0,-0.803410247834957,0,1,0,2,Long-Tenure Lower-Charge
0,0,0,-0.285428981281536,1,1,1,0.679176548255603,0,1,0,3,Short-Tenure Higher-Charge
1,0,0,0.783114407515048,0,0,1,-0.870800556748164,0,0,0,2,Long-Tenure Lower-Charge
0,0,1,0.783114407515048,1,0,0,-1.54470364588024,0,0,1,2,Long-Tenure Lower-Charge
1,0,0,-0.244331158635513,1,0,1,-0.432763548812317,0,0,0,0,Short-Tenure Lower-Charge
1,0,0,-1.3128745474321,1,1,1,0.443310467059377,1,0,1,3,Short-Tenure Higher-Charge
1,0,0,0.495429648992891,1,1,1,0.510700775972585,0,1,0,1,Long-Tenure Higher-Charge
0,0,0,1.15299481132925,1,1,1,0.780262011625413,0,0,1,1,Long-Tenure Higher-Charge
0,0,0,-1.27177672478607,1,1,1,0.477005621515981,0,0,0,3,Short-Tenure Higher-Charge
0,0,1,-0.901896320971872,1,0,0,0.00527345912353,1,0,1,3,Short-Tenure Higher-Charge
0,0,0,-0.490918094511648,1,1,1,-0.196897467616092,0,0,0,3,Short-Tenure Higher-Charge
0,1,0,-1.3128745474321,1,0,1,0.173749231406548,1,0,0,3,Short-Tenure Higher-Charge
0,1,0,-1.10738543420198,1,0,0,1.08351840173485,1,0,0,3,Short-Tenure Higher-Charge
1,0,0,1.56397303778947,1,1,1,0.274834694776359,0,0,0,1,Long-Tenure Higher-Charge
0,0,1,1.6050708604355,1,0,0,0.173749231406548,0,0,0,1,Long-Tenure Higher-Charge
1,1,0,1.39958174720538,1,0,1,-0.163202313159488,0,0,0,1,Long-Tenure Higher-Charge
0,0,1,-0.490918094511648,1,1,0,-0.230592622072695,0,0,0,3,Short-Tenure Higher-Charge
1,0,0,1.6050708604355,1,1,1,-1.54470364588024,0,0,0,2,Long-Tenure Lower-Charge
1,0,1,0.0022557772406214,1,1,1,-1.54470364588024,0,1,0,2,Long-Tenure Lower-Charge
0,0,0,-1.23067890214005,1,1,0,0.982432938365035,1,0,1,3,Short-Tenure Higher-Charge
1,0,0,-0.0799398680514234,1,0,0,0.948737783908432,1,0,0,3,Short-Tenure Higher-Charge
1,1,0,0.906407875453115,0,0,0,-0.533849012182128,0,0,0,2,Long-Tenure Lower-Charge
1,0,1,-1.3128745474321,1,0,0,0.274834694776359,1,1,0,3,Short-Tenure Higher-Charge
0,0,0,-0.942994143617895,1,1,1,-1.57839880033684,0,0,0,0,Short-Tenure Lower-Charge
1,1,0,-0.778602853033805,1,0,0,1.01612809282164,0,0,1,3,Short-Tenure Higher-Charge
0,0,1,1.35848392455936,1,1,0,0.274834694776359,0,1,0,1,Long-Tenure Higher-Charge
0,0,1,1.6050708604355,1,1,1,1.35307963738768,0,0,0,1,Long-Tenure Higher-Charge
0,0,1,-0.901896320971872,0,1,0,-1.2077521013142,0,0,0,0,Short-Tenure Lower-Charge
1,0,0,-0.038842045405401,1,1,1,0.915042629451828,0,0,0,3,Short-Tenure Higher-Charge
1,1,0,-1.06628761155596,1,0,0,1.21829901956126,1,1,0,3,Short-Tenure Higher-Charge
1,0,1,-0.0799398680514234,0,1,0,-0.196897467616092,0,0,1,0,Short-Tenure Lower-Charge
0,0,0,1.15299481132925,0,0,1,-0.73601993892175,0,0,0,2,Long-Tenure Lower-Charge
0,1,0,-1.3128745474321,1,0,1,0.140054076949945,1,0,0,3,Short-Tenure Higher-Charge
0,1,0,1.56397303778947,1,1,1,1.28568932847447,0,0,1,1,Long-Tenure Higher-Charge
1,0,0,-1.3128745474321,1,1,1,0.173749231406548,1,0,0,3,Short-Tenure Higher-Charge
1,0,0,-1.23067890214005,1,0,0,0.847652320538621,0,0,1,3,Short-Tenure Higher-Charge
1,0,0,-1.18958107949403,1,1,1,0.409615312602774,1,1,0,3,Short-Tenure Higher-Charge
1,1,0,-0.244331158635513,1,0,1,0.679176548255603,0,0,0,3,Short-Tenure Higher-Charge
0,0,0,-1.23067890214005,1,1,0,0.982432938365035,0,0,1,3,Short-Tenure Higher-Charge
1,0,0,-1.3128745474321,1,1,1,-1.54470364588024,0,0,1,0,Short-Tenure Lower-Charge
1,0,1,1.6050708604355,1,0,0,0.813957166082017,0,0,1,1,Long-Tenure Higher-Charge
0,0,1,1.15299481132925,0,0,1,-0.500153857725524,0,1,0,2,Long-Tenure Lower-Charge
1,0,1,1.44067956985141,1,1,0,1.48786025521409,0,0,0,1,Long-Tenure Higher-Charge
0,0,0,-1.27177672478607,1,0,1,-1.51100849142363,0,0,0,0,Short-Tenure Lower-Charge
0,0,0,-0.984091966263917,1,0,0,-1.54470364588024,0,0,0,0,Short-Tenure Lower-Charge
1,0,0,-0.0799398680514234,1,0,1,-1.54470364588024,0,0,0,0,Short-Tenure Lower-Charge
0,0,0,-1.23067890214005,1,1,1,0.274834694776359,1,0,0,3,Short-Tenure Higher-Charge
1,0,1,0.0844514225326663,1,0,0,1.48786025521409,0,0,0,1,Long-Tenure Higher-Charge
0,1,0,-1.3128745474321,1,0,0,0.780262011625413,1,0,1,3,Short-Tenure Higher-Charge
1,0,0,0.372136181054823,1,0,0,1.35307963738768,1,0,0,1,Long-Tenure Higher-Charge
0,0,0,-1.3128745474321,1,1,0,-0.702324784465146,1,0,0,0,Short-Tenure Lower-Charge
0,0,1,1.56397303778947,1,1,0,1.01612809282164,0,0,1,1,Long-Tenure Higher-Charge
0,0,1,0.700918762223003,1,1,1,-1.54470364588024,0,0,0,2,Long-Tenure Lower-Charge
0,0,1,0.906407875453115,1,0,1,-1.34253271914062,0,0,0,2,Long-Tenure Lower-Charge
0,0,0,0.577625294284936,1,0,0,0.274834694776359,0,0,0,1,Long-Tenure Higher-Charge
1,0,0,-0.244331158635513,1,0,0,-1.54470364588024,0,0,1,0,Short-Tenure Lower-Charge
0,0,0,-0.326526803927558,1,0,1,-1.54470364588024,0,0,0,0,Short-Tenure Lower-Charge
0,0,0,0.125549245178689,1,1,1,1.11721355619145,1,0,0,1,Long-Tenure Higher-Charge
1,0,1,-0.984091966263917,1,0,0,0.813957166082017,0,1,0,3,Short-Tenure Higher-Charge
0,1,0,0.495429648992891,1,1,0,1.21829901956126,0,0,0,1,Long-Tenure Higher-Charge
1,0,0,1.23519045662129,1,0,0,0.477005621515981,0,0,1,1,Long-Tenure Higher-Charge
0,0,1,-1.02518978890994,1,1,0,0.106358922493341,0,0,1,3,Short-Tenure Higher-Charge
1,0,0,1.6050708604355,0,0,0,0.00527345912353,0,0,0,1,Long-Tenure Higher-Charge
1,0,1,-0.655309385095738,1,0,0,0.510700775972585,1,0,1,3,Short-Tenure Higher-Charge
0,1,0,0.742016584869025,1,0,0,0.409615312602774,1,0,0,1,Long-Tenure Higher-Charge
0,0,0,-1.02518978890994,1,1,1,-1.51100849142363,0,1,0,0,Short-Tenure Lower-Charge
0,0,0,-1.23067890214005,1,1,1,-1.54470364588024,1,1,0,0,Short-Tenure Lower-Charge
0,0,1,1.56397303778947,1,0,1,-1.40992302805382,0,1,0,2,Long-Tenure Lower-Charge
1,1,0,1.31738610191334,1,0,0,0.915042629451828,0,0,1,1,Long-Tenure Higher-Charge
1,0,1,1.6050708604355,1,1,1,1.42046994630088,0,0,1,1,Long-Tenure Higher-Charge
1,0,1,1.6050708604355,0,0,0,-0.0284216953330735,0,0,0,2,Long-Tenure Lower-Charge
1,0,0,1.48177739249743,1,1,1,1.48786025521409,0,0,0,1,Long-Tenure Higher-Charge
1,0,0,1.19409263397527,0,1,1,-0.73601993892175,0,1,0,2,Long-Tenure Lower-Charge
0,1,0,0.865310052807093,1,1,1,1.69003118195371,0,0,0,1,Long-Tenure Higher-Charge
0,0,1,-1.23067890214005,1,0,0,-1.57839880033684,0,1,0,0,Short-Tenure Lower-Charge
1,0,0,-0.408722449219603,1,1,1,-0.196897467616092,0,0,0,3,Short-Tenure Higher-Charge
1,0,0,0.0844514225326663,1,0,0,-1.51100849142363,0,0,0,2,Long-Tenure Lower-Charge
0,0,0,0.783114407515048,1,0,0,-0.533849012182128,0,0,1,2,Long-Tenure Lower-Charge
0,0,0,-1.27177672478607,1,0,0,0.847652320538621,0,1,0,3,Short-Tenure Higher-Charge
1,0,1,1.27628827926732,1,0,1,-1.54470364588024,0,0,0,2,Long-Tenure Lower-Charge
1,0,0,-1.3128745474321,0,0,0,-1.40992302805382,0,1,0,0,Short-Tenure Lower-Charge
1,0,1,1.11189698868323,1,1,1,0.274834694776359,0,0,0,1,Long-Tenure Higher-Charge
1,0,0,-1.23067890214005,0,0,0,-1.03927632903118,1,0,1,0,Short-Tenure Lower-Charge
0,0,0,1.6050708604355,1,0,0,1.31938448293107,0,0,1,1,Long-Tenure Higher-Charge
1,0,0,-1.23067890214005,1,1,0,0.679176548255603,0,0,0,3,Short-Tenure Higher-Charge
0,0,0,0.0433535998866439,1,1,1,-1.37622787359722,0,0,0,2,Long-Tenure Lower-Charge
1,0,0,0.413234003700846,1,1,1,0.308529849232963,0,1,0,1,Long-Tenure Higher-Charge
0,1,0,1.35848392455936,1,1,1,1.25199417401786,0,0,1,1,Long-Tenure Higher-Charge
1,0,1,-0.942994143617895,1,1,1,-1.37622787359722,0,0,0,0,Short-Tenure Lower-Charge
1,0,0,0.0844514225326663,1,0,1,1.21829901956126,1,0,0,1,Long-Tenure Higher-Charge
1,0,0,-0.162135513343468,1,1,1,-0.567544166638732,0,0,1,0,Short-Tenure Lower-Charge
0,0,1,0.700918762223003,1,0,1,0.140054076949945,0,0,0,1,Long-Tenure Higher-Charge
0,0,0,-1.3128745474321,1,0,0,0.308529849232963,1,1,0,3,Short-Tenure Higher-Charge
1,0,0,-0.408722449219603,1,0,0,-0.0284216953330735,0,0,0,3,Short-Tenure Higher-Charge
1,0,1,-0.819700675679827,1,0,0,0.274834694776359,1,0,1,3,Short-Tenure Higher-Charge
0,0,0,1.44067956985141,1,0,0,-0.399068394355713,0,0,0,2,Long-Tenure Lower-Charge
0,0,0,-0.737505030387783,1,1,0,-1.54470364588024,0,1,0,0,Short-Tenure Lower-Charge
1,0,0,0.454331826346868,1,0,0,0.173749231406548,0,0,1,1,Long-Tenure Higher-Charge
0,0,0,0.289940535762779,1,1,0,0.611786239342395,0,0,1,1,Long-Tenure Higher-Charge
0,0,0,0.618723116930958,1,0,0,-1.40992302805382,0,0,0,2,Long-Tenure Lower-Charge
1,0,0,-1.3128745474321,1,1,1,0.342225003689566,0,0,0,3,Short-Tenure Higher-Charge
0,0,0,0.82421223016107,0,0,0,-0.399068394355713,0,0,0,2,Long-Tenure Lower-Charge
0,0,0,-0.573113739803693,1,0,0,-0.702324784465146,0,1,0,0,Short-Tenure Lower-Charge
0,0,0,-1.3128745474321,1,0,0,-0.73601993892175,0,0,0,0,Short-Tenure Lower-Charge
1,0,0,0.248842713116756,1,1,0,0.544395930429188,0,0,0,1,Long-Tenure Higher-Charge
1,0,1,0.413234003700846,1,0,0,1.28568932847447,0,1,0,1,Long-Tenure Higher-Charge
0,0,1,-1.18958107949403,1,1,0,0.712871702712206,1,0,1,3,Short-Tenure Higher-Charge
1,0,0,1.56397303778947,1,0,1,0.510700775972585,0,0,0,1,Long-Tenure Higher-Charge
0,0,0,0.577625294284936,1,0,1,0.645481393798999,1,0,0,1,Long-Tenure Higher-Charge
1,0,1,-0.162135513343468,1,1,1,0.173749231406548,1,0,0,3,Short-Tenure Higher-Charge
0,0,0,1.02970134339118,0,0,0,-0.702324784465146,0,0,0,2,Long-Tenure Lower-Charge
0,0,0,-0.737505030387783,1,0,0,-0.567544166638732,1,1,0,0,Short-Tenure Lower-Charge
0,0,0,1.6050708604355,1,0,1,0.611786239342395,0,1,0,1,Long-Tenure Higher-Charge
0,1,0,0.413234003700846,0,0,0,-0.331678085442506,1,0,0,2,Long-Tenure Lower-Charge
0,1,0,-0.326526803927558,1,0,0,1.08351840173485,1,0,0,3,Short-Tenure Higher-Charge
0,0,0,-1.14848325684801,1,1,0,-0.73601993892175,0,0,0,0,Short-Tenure Lower-Charge
1,0,1,-0.737505030387783,1,0,0,-0.196897467616092,0,0,0,3,Short-Tenure Higher-Charge
1,0,1,-0.901896320971872,1,1,0,-1.54470364588024,0,0,1,0,Short-Tenure Lower-Charge
0,0,1,0.166647067824711,1,0,0,-1.34253271914062,0,0,1,2,Long-Tenure Lower-Charge
0,0,0,-0.901896320971872,1,0,0,1.18460386510466,1,0,1,3,Short-Tenure Higher-Charge
0,0,1,-0.655309385095738,1,1,0,0.308529849232963,0,0,0,3,Short-Tenure Higher-Charge
0,1,0,1.19409263397527,1,0,1,1.08351840173485,0,0,0,1,Long-Tenure Higher-Charge
1,0,0,-0.244331158635513,1,0,0,-0.567544166638732,0,0,1,0,Short-Tenure Lower-Charge
0,0,0,-0.326526803927558,1,0,0,-1.54470364588024,0,0,0,0,Short-Tenure Lower-Charge
1,0,0,0.700918762223003,1,0,0,-1.54470364588024,0,1,0,2,Long-Tenure Lower-Charge
1,0,1,1.48177739249743,1,0,0,1.11721355619145,1,0,0,1,Long-Tenure Higher-Charge
0,0,0,-0.203233335989491,1,0,0,-1.34253271914062,0,0,1,0,Short-Tenure Lower-Charge
1,0,1,0.0844514225326663,1,1,1,-1.54470364588024,0,0,0,2,Long-Tenure Lower-Charge
1,0,0,-0.162135513343468,1,0,0,-1.57839880033684,0,1,0,0,Short-Tenure Lower-Charge
1,1,0,1.31738610191334,1,1,1,1.25199417401786,0,0,0,1,Long-Tenure Higher-Charge
1,0,1,0.0844514225326663,1,1,1,-1.54470364588024,0,1,0,2,Long-Tenure Lower-Charge
1,0,1,0.742016584869025,1,1,1,-1.54470364588024,0,0,0,2,Long-Tenure Lower-Charge
0,0,0,-1.18958107949403,1,0,0,-0.668629630008542,1,0,0,0,Short-Tenure Lower-Charge
1,0,1,1.31738610191334,1,0,0,0.611786239342395,0,0,0,1,Long-Tenure Higher-Charge
1,0,0,-0.408722449219603,1,0,0,1.15090871064805,0,0,0,3,Short-Tenure Higher-Charge
1,1,1,0.207744890470734,1,1,1,0.477005621515981,0,0,0,1,Long-Tenure Higher-Charge
1,1,0,0.413234003700846,1,1,1,0.645481393798999,0,0,0,1,Long-Tenure Higher-Charge
0,0,1,-0.86079849832585,1,1,1,-1.37622787359722,0,1,0,0,Short-Tenure Lower-Charge
0,0,0,1.31738610191334,1,0,0,1.15090871064805,0,0,1,1,Long-Tenure Higher-Charge
0,1,1,-0.778602853033805,1,1,1,1.01612809282164,0,1,0,3,Short-Tenure Higher-Charge
1,0,0,-0.53201591715767,1,0,0,0.645481393798999,1,0,0,3,Short-Tenure Higher-Charge
0,0,1,0.947505698099138,1,0,1,-0.163202313159488,0,0,0,2,Long-Tenure Lower-Charge
1,0,0,0.372136181054823,0,1,0,-1.37622787359722,0,0,1,2,Long-Tenure Lower-Charge
1,0,0,-0.901896320971872,1,0,1,0.241139540319755,0,0,1,3,Short-Tenure Higher-Charge
1,0,0,-1.27177672478607,1,0,1,0.544395930429188,1,0,1,3,Short-Tenure Higher-Charge
0,0,1,-1.23067890214005,1,1,1,-1.54470364588024,0,0,0,0,Short-Tenure Lower-Charge
1,0,0,-1.3128745474321,1,0,0,0.106358922493341,1,0,1,3,Short-Tenure Higher-Charge
1,0,0,-0.901896320971872,1,0,0,-1.54470364588024,0,0,0,0,Short-Tenure Lower-Charge
1,0,0,-1.23067890214005,1,0,0,-0.0284216953330735,0,0,0,3,Short-Tenure Higher-Charge
1,0,1,1.44067956985141,1,0,0,-1.54470364588024,0,1,0,2,Long-Tenure Lower-Charge
1,0,1,0.82421223016107,1,0,0,-1.54470364588024,0,0,0,2,Long-Tenure Lower-Charge
0,1,0,1.11189698868323,1,0,0,1.18460386510466,0,0,0,1,Long-Tenure Higher-Charge
0,0,0,1.35848392455936,1,1,1,0.780262011625413,0,0,0,1,Long-Tenure Higher-Charge
0,0,0,-0.203233335989491,1,0,0,-0.230592622072695,0,0,0,3,Short-Tenure Higher-Charge
0,1,0,-1.14848325684801,1,0,0,0.140054076949945,0,0,0,3,Short-Tenure Higher-Charge
1,1,0,-0.367624626573581,0,0,0,-0.904495711204768,1,0,0,0,Short-Tenure Lower-Charge
0,0,1,0.495429648992891,1,1,1,-0.399068394355713,1,1,0,2,Long-Tenure Lower-Charge
0,0,1,-1.10738543420198,1,0,0,0.948737783908432,0,0,0,3,Short-Tenure Higher-Charge
1,1,0,1.27628827926732,1,0,0,0.477005621515981,0,0,0,1,Long-Tenure Higher-Charge
1,0,1,1.02970134339118,1,0,0,0.915042629451828,0,1,0,1,Long-Tenure Higher-Charge
0,1,0,-1.14848325684801,1,0,0,0.578091084885792,1,0,0,3,Short-Tenure Higher-Charge
1,0,0,-0.0799398680514234,1,0,1,-0.230592622072695,0,0,1,3,Short-Tenure Higher-Charge
0,0,0,0.0844514225326663,1,0,1,1.15090871064805,1,0,0,3,Short-Tenure Higher-Charge
1,0,1,-1.14848325684801,1,1,0,-1.54470364588024,0,0,0,0,Short-Tenure Lower-Charge
1,0,0,-0.69640720774176,1,0,1,0.140054076949945,0,0,0,3,Short-Tenure Higher-Charge
0,1,0,1.6050708604355,1,1,1,1.35307963738768,0,1,0,1,Long-Tenure Higher-Charge
0,0,1,1.11189698868323,1,1,1,0.948737783908432,0,0,0,1,Long-Tenure Higher-Charge
1,0,1,1.39958174720538,1,0,0,-1.34253271914062,0,1,0,2,Long-Tenure Lower-Charge
0,0,1,1.6050708604355,1,0,0,0.813957166082017,0,0,0,1,Long-Tenure Higher-Charge
0,0,0,0.700918762223003,1,1,1,-1.54470364588024,0,0,0,2,Long-Tenure Lower-Charge
1,0,0,-0.942994143617895,1,0,0,-1.40992302805382,0,0,0,0,Short-Tenure Lower-Charge
0,0,1,-1.18958107949403,1,1,0,1.08351840173485,1,0,1,3,Short-Tenure Higher-Charge
0,1,0,-1.18958107949403,1,0,0,0.308529849232963,1,0,0,3,Short-Tenure Higher-Charge
1,1,0,-0.408722449219603,1,0,0,0.712871702712206,0,0,0,3,Short-Tenure Higher-Charge
1,1,0,-1.10738543420198,1,1,0,0.477005621515981,0,1,0,3,Short-Tenure Higher-Charge
1,0,0,-0.86079849832585,1,0,1,0.308529849232963,0,0,0,3,Short-Tenure Higher-Charge
1,0,0,-0.86079849832585,1,0,1,0.645481393798999,0,1,0,3,Short-Tenure Higher-Charge
1,0,1,-0.449820271865625,1,1,1,0.0726637680367373,1,0,0,3,Short-Tenure Higher-Charge
0,0,0,0.577625294284936,1,0,0,0.308529849232963,0,1,0,1,Long-Tenure Higher-Charge
0,0,0,0.0433535998866439,1,1,0,-0.0621168497896772,1,0,1,3,Short-Tenure Higher-Charge
1,1,0,-0.984091966263917,1,1,1,-1.51100849142363,0,0,0,0,Short-Tenure Lower-Charge
1,0,1,-0.203233335989491,1,0,1,0.308529849232963,1,0,0,3,Short-Tenure Higher-Charge
0,0,1,1.48177739249743,1,1,1,-0.0621168497896772,0,0,1,1,Long-Tenure Higher-Charge
0,0,0,0.248842713116756,0,0,0,-0.500153857725524,0,1,0,2,Long-Tenure Lower-Charge
0,1,0,-0.244331158635513,1,1,0,1.48786025521409,0,0,1,3,Short-Tenure Higher-Charge
0,0,1,-1.27177672478607,1,1,1,-1.54470364588024,0,1,0,0,Short-Tenure Lower-Charge
0,0,0,-1.3128745474321,1,1,1,-1.57839880033684,0,0,0,0,Short-Tenure Lower-Charge
1,0,0,1.31738610191334,1,1,1,0.813957166082017,1,0,1,1,Long-Tenure Higher-Charge
0,0,0,-0.203233335989491,1,0,0,-0.399068394355713,0,0,1,0,Short-Tenure Lower-Charge
1,0,0,-0.86079849832585,1,0,0,0.611786239342395,1,0,0,3,Short-Tenure Higher-Charge
1,0,1,-0.244331158635513,1,0,0,0.477005621515981,1,0,0,3,Short-Tenure Higher-Charge
1,0,1,1.35848392455936,1,1,1,-1.37622787359722,0,0,0,2,Long-Tenure Lower-Charge
0,0,0,1.6050708604355,1,1,1,-0.196897467616092,0,0,0,2,Long-Tenure Lower-Charge
1,1,1,1.02970134339118,1,1,1,0.813957166082017,0,0,0,1,Long-Tenure Higher-Charge
1,0,0,-1.06628761155596,1,0,1,1.15090871064805,1,0,0,3,Short-Tenure Higher-Charge
0,0,1,-0.655309385095738,1,0,0,0.948737783908432,1,1,0,3,Short-Tenure Higher-Charge
0,0,1,1.52287521514345,1,0,0,-1.37622787359722,0,0,0,2,Long-Tenure Lower-Charge
1,0,0,-1.3128745474321,1,1,1,-0.668629630008542,0,1,0,0,Short-Tenure Lower-Charge
0,0,0,1.27628827926732,1,1,1,-1.37622787359722,0,0,0,2,Long-Tenure Lower-Charge
0,0,0,0.906407875453115,1,0,0,0.409615312602774,0,0,1,1,Long-Tenure Higher-Charge
1,1,0,0.742016584869025,1,0,0,0.477005621515981,0,1,0,1,Long-Tenure Higher-Charge
0,0,0,-1.14848325684801,1,0,0,0.645481393798999,1,0,1,3,Short-Tenure Higher-Charge
0,0,0,0.413234003700846,1,1,0,1.65633602749711,0,0,1,1,Long-Tenure Higher-Charge
1,1,0,0.82421223016107,1,0,0,1.21829901956126,1,1,0,1,Long-Tenure Higher-Charge
1,0,1,1.23519045662129,1,0,1,-1.54470364588024,0,0,0,2,Long-Tenure Lower-Charge
1,0,0,-0.244331158635513,1,0,0,-1.54470364588024,0,0,0,0,Short-Tenure Lower-Charge
0,1,0,-0.449820271865625,1,1,1,0.140054076949945,0,1,0,3,Short-Tenure Higher-Charge
1,1,0,-1.10738543420198,1,0,0,0.645481393798999,1,0,1,3,Short-Tenure Higher-Charge
1,0,1,-0.0799398680514234,1,1,1,0.780262011625413,0,1,0,3,Short-Tenure Higher-Charge
1,0,1,1.27628827926732,1,1,0,0.510700775972585,0,0,1,1,Long-Tenure Higher-Charge
1,0,0,1.56397303778947,1,0,0,-1.51100849142363,0,0,1,2,Long-Tenure Lower-Charge
1,0,0,1.44067956985141,0,0,1,-0.399068394355713,0,0,0,2,Long-Tenure Lower-Charge
0,0,0,-1.3128745474321,1,1,1,-0.399068394355713,0,0,1,0,Short-Tenure Lower-Charge
1,1,0,1.27628827926732,1,0,0,1.28568932847447,0,0,1,1,Long-Tenure Higher-Charge
1,0,0,-1.27177672478607,1,0,1,0.140054076949945,0,0,0,3,Short-Tenure Higher-Charge
1,0,1,-1.3128745474321,1,0,0,-0.73601993892175,0,0,0,0,Short-Tenure Lower-Charge
1,0,1,-0.203233335989491,1,1,0,-0.0621168497896772,0,1,0,3,Short-Tenure Higher-Charge
1,0,0,-1.27177672478607,1,1,1,-1.54470364588024,0,0,0,0,Short-Tenure Lower-Charge
0,1,1,1.6050708604355,1,1,0,0.813957166082017,0,0,0,1,Long-Tenure Higher-Charge
1,0,0,-0.203233335989491,1,0,0,0.847652320538621,0,0,1,3,Short-Tenure Higher-Charge
0,0,1,0.906407875453115,1,0,0,1.18460386510466,0,0,1,1,Long-Tenure Higher-Charge
0,0,0,1.31738610191334,1,1,0,0.173749231406548,0,0,0,1,Long-Tenure Higher-Charge
1,1,1,0.0433535998866439,1,0,0,1.45416510075749,0,1,0,1,Long-Tenure Higher-Charge
1,1,0,0.82421223016107,1,0,0,-0.196897467616092,1,0,0,2,Long-Tenure Lower-Charge
1,0,1,0.166647067824711,1,0,0,-1.54470364588024,0,0,1,2,Long-Tenure Lower-Charge
0,0,1,-0.737505030387783,1,0,1,0.679176548255603,1,0,0,3,Short-Tenure Higher-Charge
1,0,0,1.56397303778947,1,0,0,0.578091084885792,0,0,1,1,Long-Tenure Higher-Charge
1,0,0,-1.06628761155596,1,1,1,0.274834694776359,0,0,0,3,Short-Tenure Higher-Charge
1,0,1,1.39958174720538,1,1,0,1.52155540967069,0,1,0,1,Long-Tenure Higher-Charge
1,0,0,0.783114407515048,1,0,0,1.01612809282164,0,0,1,1,Long-Tenure Higher-Charge
0,0,1,1.48177739249743,1,0,0,1.45416510075749,0,1,0,1,Long-Tenure Higher-Charge
1,0,1,-0.367624626573581,1,1,0,0.308529849232963,0,1,0,3,Short-Tenure Higher-Charge
0,0,0,-1.06628761155596,1,1,1,0.409615312602774,0,0,0,3,Short-Tenure Higher-Charge
1,0,1,0.248842713116756,1,0,0,-1.37622787359722,0,0,0,2,Long-Tenure Lower-Charge
1,0,0,0.700918762223003,1,0,0,-1.51100849142363,0,0,1,2,Long-Tenure Lower-Charge
1,0,0,1.56397303778947,1,0,0,1.11721355619145,0,0,1,1,Long-Tenure Higher-Charge
0,0,1,-0.819700675679827,1,0,1,-1.54470364588024,0,0,0,0,Short-Tenure Lower-Charge
0,0,0,-1.3128745474321,1,0,0,-1.57839880033684,0,0,0,0,Short-Tenure Lower-Charge
1,0,0,-0.162135513343468,1,0,0,0.948737783908432,0,0,0,3,Short-Tenure Higher-Charge
0,1,0,-0.244331158635513,1,0,0,0.611786239342395,0,0,1,3,Short-Tenure Higher-Charge
1,0,1,0.618723116930958,1,1,1,-0.331678085442506,0,0,0,2,Long-Tenure Lower-Charge
1,0,0,-1.10738543420198,1,0,1,0.847652320538621,1,0,0,3,Short-Tenure Higher-Charge
1,0,1,1.07079916603721,1,0,0,0.37592015814617,0,0,0,1,Long-Tenure Higher-Charge
1,1,0,-0.121037690697446,1,1,1,1.35307963738768,0,0,0,3,Short-Tenure Higher-Charge
0,0,0,-0.038842045405401,1,0,0,-1.51100849142363,0,1,0,0,Short-Tenure Lower-Charge
1,0,0,-1.23067890214005,1,0,0,0.881347474995224,0,0,0,3,Short-Tenure Higher-Charge
1,0,1,-1.14848325684801,1,1,1,-0.331678085442506,0,0,0,0,Short-Tenure Lower-Charge
0,0,1,1.52287521514345,1,1,0,0.780262011625413,0,0,1,1,Long-Tenure Higher-Charge
1,0,0,-1.3128745474321,1,0,0,0.140054076949945,0,0,1,3,Short-Tenure Higher-Charge
0,0,1,0.865310052807093,1,1,1,0.847652320538621,0,1,0,1,Long-Tenure Higher-Charge
1,0,1,1.6050708604355,1,1,0,1.35307963738768,0,1,0,1,Long-Tenure Higher-Charge
1,0,1,1.35848392455936,1,0,0,0.00527345912353,0,0,1,1,Long-Tenure Higher-Charge
0,0,0,-0.984091966263917,0,1,0,-0.264287776529299,1,0,0,0,Short-Tenure Lower-Charge
0,0,1,0.331038358408801,1,0,0,0.409615312602774,0,0,1,1,Long-Tenure Higher-Charge
0,1,0,1.56397303778947,1,0,0,0.578091084885792,0,0,0,1,Long-Tenure Higher-Charge
1,0,0,1.6050708604355,1,1,0,1.52155540967069,0,0,1,1,Long-Tenure Higher-Charge
1,1,0,-0.86079849832585,1,0,1,0.611786239342395,1,0,0,3,Short-Tenure Higher-Charge
1,0,0,0.906407875453115,1,0,1,-0.0621168497896772,0,0,0,1,Long-Tenure Higher-Charge
1,0,0,1.6050708604355,1,0,0,1.28568932847447,0,0,0,1,Long-Tenure Higher-Charge
0,1,0,1.31738610191334,1,0,0,1.45416510075749,0,0,0,1,Long-Tenure Higher-Charge
0,0,1,-1.10738543420198,1,1,1,0.477005621515981,1,0,1,3,Short-Tenure Higher-Charge
0,0,0,-1.18958107949403,1,0,1,0.173749231406548,1,0,0,3,Short-Tenure Higher-Charge
1,0,0,1.19409263397527,1,0,0,1.21829901956126,1,1,0,1,Long-Tenure Higher-Charge
1,0,1,1.39958174720538,1,0,1,-1.37622787359722,0,0,0,2,Long-Tenure Lower-Charge
1,0,0,-1.02518978890994,1,0,1,0.948737783908432,1,0,0,3,Short-Tenure Higher-Charge
1,0,0,1.6050708604355,1,1,1,-1.51100849142363,0,0,1,2,Long-Tenure Lower-Charge
0,1,0,1.35848392455936,0,1,1,-0.668629630008542,0,0,0,2,Long-Tenure Lower-Charge
1,0,0,-0.942994143617895,1,1,0,0.207444385863152,1,0,1,3,Short-Tenure Higher-Charge
0,1,0,0.413234003700846,1,1,1,1.48786025521409,1,0,0,1,Long-Tenure Higher-Charge
0,0,1,-0.449820271865625,1,0,0,-0.163202313159488,1,0,1,3,Short-Tenure Higher-Charge
1,0,0,-0.86079849832585,1,1,1,0.510700775972585,0,0,0,3,Short-Tenure Higher-Charge
1,0,0,-0.942994143617895,1,0,0,-0.668629630008542,0,1,0,0,Short-Tenure Lower-Charge
1,0,0,-0.244331158635513,1,1,1,-0.567544166638732,0,0,0,0,Short-Tenure Lower-Charge
0,0,1,-1.02518978890994,1,0,1,-1.54470364588024,0,0,0,0,Short-Tenure Lower-Charge
0,0,1,-0.86079849832585,1,1,1,-1.54470364588024,0,0,0,0,Short-Tenure Lower-Charge
1,0,0,1.56397303778947,0,0,1,-0.399068394355713,0,0,0,2,Long-Tenure Lower-Charge
1,0,1,0.700918762223003,1,0,0,1.35307963738768,1,1,0,1,Long-Tenure Higher-Charge
0,0,1,1.52287521514345,1,0,0,1.42046994630088,0,0,0,1,Long-Tenure Higher-Charge
1,0,1,-1.06628761155596,1,1,0,-0.702324784465146,0,0,1,0,Short-Tenure Lower-Charge
1,1,1,0.536527471638913,1,1,0,1.18460386510466,1,0,1,1,Long-Tenure Higher-Charge
0,0,1,-1.10738543420198,1,1,1,-0.567544166638732,0,0,1,0,Short-Tenure Lower-Charge
0,0,0,-1.10738543420198,1,0,1,0.780262011625413,0,0,0,3,Short-Tenure Higher-Charge
0,0,0,0.577625294284936,1,0,0,-1.30883756468401,0,0,0,2,Long-Tenure Lower-Charge
1,0,0,0.125549245178689,1,0,1,0.948737783908432,0,0,0,3,Short-Tenure Higher-Charge
1,0,0,-1.02518978890994,1,0,0,0.982432938365035,1,1,0,3,Short-Tenure Higher-Charge
1,0,1,0.289940535762779,0,0,1,-0.196897467616092,0,0,0,2,Long-Tenure Lower-Charge
1,0,0,1.15299481132925,1,0,1,1.28568932847447,0,0,0,1,Long-Tenure Higher-Charge
1,0,0,1.6050708604355,1,0,0,1.08351840173485,0,0,0,1,Long-Tenure Higher-Charge
0,1,0,0.248842713116756,1,1,0,1.11721355619145,0,0,0,1,Long-Tenure Higher-Charge
1,0,0,-1.02518978890994,1,0,0,-1.54470364588024,0,1,0,0,Short-Tenure Lower-Charge
1,0,0,-1.3128745474321,1,0,0,0.780262011625413,1,1,0,3,Short-Tenure Higher-Charge
0,0,0,0.0022557772406214,0,0,0,-0.196897467616092,0,1,0,3,Short-Tenure Higher-Charge
0,0,1,-0.0799398680514234,1,1,0,0.712871702712206,1,0,1,3,Short-Tenure Higher-Charge
0,0,0,-0.984091966263917,1,0,0,0.780262011625413,1,0,1,3,Short-Tenure Higher-Charge
0,0,0,1.52287521514345,1,0,0,-1.54470364588024,0,0,1,2,Long-Tenure Lower-Charge
1,0,1,0.906407875453115,1,0,1,-1.54470364588024,0,0,0,2,Long-Tenure Lower-Charge
1,0,0,-1.18958107949403,1,1,1,-1.57839880033684,0,0,1,0,Short-Tenure Lower-Charge
1,0,1,0.618723116930958,1,0,1,0.443310467059377,0,0,0,1,Long-Tenure Higher-Charge
1,0,1,1.15299481132925,1,0,0,-1.54470364588024,0,0,0,2,Long-Tenure Lower-Charge
0,1,0,-1.27177672478607,1,0,1,0.106358922493341,0,0,0,3,Short-Tenure Higher-Charge
0,0,0,-1.10738543420198,1,0,1,-0.500153857725524,1,1,0,0,Short-Tenure Lower-Charge
1,0,0,-1.23067890214005,0,0,0,-1.2077521013142,1,0,0,0,Short-Tenure Lower-Charge
1,0,0,-0.449820271865625,0,0,1,-0.73601993892175,1,0,0,0,Short-Tenure Lower-Charge
0,0,0,0.0022557772406214,1,1,1,0.477005621515981,0,0,0,3,Short-Tenure Higher-Charge
1,0,0,-0.86079849832585,1,0,0,1.15090871064805,1,1,0,3,Short-Tenure Higher-Charge
0,1,0,1.6050708604355,1,1,0,1.65633602749711,0,0,1,1,Long-Tenure Higher-Charge
0,0,0,1.02970134339118,1,0,1,-0.0284216953330735,0,0,0,1,Long-Tenure Higher-Charge
1,0,0,1.07079916603721,1,1,1,0.679176548255603,1,0,0,1,Long-Tenure Higher-Charge
1,0,1,0.0433535998866439,1,0,0,0.37592015814617,0,0,1,3,Short-Tenure Higher-Charge
1,0,1,0.783114407515048,1,0,0,-1.37622787359722,0,1,0,2,Long-Tenure Lower-Charge
1,0,0,-0.942994143617895,1,0,0,-0.668629630008542,1,0,1,0,Short-Tenure Lower-Charge
0,1,0,-0.69640720774176,1,0,0,-0.230592622072695,1,0,0,3,Short-Tenure Higher-Charge
1,1,0,1.02970134339118,1,0,0,1.45416510075749,1,0,1,1,Long-Tenure Higher-Charge
1,0,0,-0.942994143617895,1,0,0,0.982432938365035,1,0,0,3,Short-Tenure Higher-Charge
1,0,0,-1.23067890214005,1,0,0,0.813957166082017,0,0,1,3,Short-Tenure Higher-Charge
0,0,1,1.48177739249743,1,0,0,-1.54470364588024,0,0,1,2,Long-Tenure Lower-Charge
0,0,0,-0.819700675679827,0,1,1,-1.1740569468576,0,0,0,0,Short-Tenure Lower-Charge
0,0,1,-0.326526803927558,1,0,1,0.780262011625413,1,0,0,3,Short-Tenure Higher-Charge
1,1,0,-1.3128745474321,1,0,1,-1.54470364588024,1,0,0,0,Short-Tenure Lower-Charge
1,0,0,-1.3128745474321,1,0,1,-0.129507158702884,1,0,0,3,Short-Tenure Higher-Charge
1,0,0,1.44067956985141,1,0,1,1.21829901956126,0,1,0,1,Long-Tenure Higher-Charge
1,0,0,-1.3128745474321,1,1,1,0.847652320538621,1,0,1,3,Short-Tenure Higher-Charge
1,0,0,-1.02518978890994,1,0,1,1.18460386510466,1,0,0,3,Short-Tenure Higher-Charge
0,0,0,-1.3128745474321,0,0,1,-1.37622787359722,0,0,1,0,Short-Tenure Lower-Charge
0,0,0,0.536527471638913,1,0,0,-0.432763548812317,0,1,0,2,Long-Tenure Lower-Charge
1,0,0,0.495429648992891,1,1,0,1.28568932847447,0,0,1,1,Long-Tenure Higher-Charge
0,0,0,-1.02518978890994,1,1,1,1.25199417401786,1,0,0,3,Short-Tenure Higher-Charge
1,0,0,-1.14848325684801,1,1,1,0.982432938365035,1,0,1,3,Short-Tenure Higher-Charge
1,0,0,-0.449820271865625,1,1,0,0.915042629451828,0,0,1,3,Short-Tenure Higher-Charge
0,0,0,1.02970134339118,1,0,0,0.982432938365035,0,0,0,1,Long-Tenure Higher-Charge
0,0,0,0.742016584869025,0,0,0,-0.533849012182128,0,0,1,2,Long-Tenure Lower-Charge
1,0,0,0.248842713116756,0,1,1,-0.567544166638732,1,0,0,2,Long-Tenure Lower-Charge
0,0,0,-0.285428981281536,1,1,1,-1.34253271914062,0,1,0,0,Short-Tenure Lower-Charge
1,0,0,0.82421223016107,1,1,1,0.645481393798999,1,1,0,1,Long-Tenure Higher-Charge
1,0,1,-1.3128745474321,1,0,1,0.477005621515981,1,0,0,3,Short-Tenure Higher-Charge
0,0,0,-1.3128745474321,0,0,0,-1.2077521013142,1,0,0,0,Short-Tenure Lower-Charge
1,0,1,-0.614211562449715,1,1,1,0.679176548255603,0,0,1,3,Short-Tenure Higher-Charge
1,0,0,0.536527471638913,1,0,0,-1.54470364588024,0,0,1,2,Long-Tenure Lower-Charge
1,0,0,-1.23067890214005,1,1,0,0.443310467059377,1,0,1,3,Short-Tenure Higher-Charge
0,0,1,-0.86079849832585,1,0,0,-0.702324784465146,1,0,0,0,Short-Tenure Lower-Charge
1,0,0,-0.778602853033805,0,0,1,-0.36537323989911,0,0,0,0,Short-Tenure Lower-Charge
1,1,0,-1.14848325684801,1,1,1,0.140054076949945,1,0,0,3,Short-Tenure Higher-Charge
1,0,1,-0.203233335989491,1,0,1,1.15090871064805,0,0,0,3,Short-Tenure Higher-Charge
1,1,0,1.07079916603721,1,1,1,0.948737783908432,1,0,0,1,Long-Tenure Higher-Charge
1,0,0,-0.942994143617895,1,0,0,-0.702324784465146,1,1,0,0,Short-Tenure Lower-Charge
0,0,0,-0.490918094511648,1,0,0,0.510700775972585,0,0,0,3,Short-Tenure Higher-Charge
0,1,0,-1.14848325684801,0,0,0,-0.668629630008542,1,1,0,0,Short-Tenure Lower-Charge
0,0,1,-0.942994143617895,1,0,0,-1.34253271914062,0,0,0,0,Short-Tenure Lower-Charge
1,1,0,-1.14848325684801,1,1,1,0.173749231406548,0,0,0,3,Short-Tenure Higher-Charge
1,0,0,-0.984091966263917,1,1,1,0.477005621515981,1,0,0,3,Short-Tenure Higher-Charge
0,0,0,-0.901896320971872,1,1,1,1.08351840173485,1,0,0,3,Short-Tenure Higher-Charge
1,0,0,0.577625294284936,1,0,1,0.274834694776359,0,0,0,1,Long-Tenure Higher-Charge
1,0,0,-1.23067890214005,0,1,1,-0.837105402291561,0,0,0,0,Short-Tenure Lower-Charge
1,0,0,-1.3128745474321,1,0,0,0.342225003689566,1,0,0,3,Short-Tenure Higher-Charge
1,0,1,-0.408722449219603,0,1,1,-0.837105402291561,0,0,0,0,Short-Tenure Lower-Charge
0,1,0,-0.69640720774176,1,1,1,0.948737783908432,1,0,0,3,Short-Tenure Higher-Charge
1,0,0,-0.244331158635513,1,0,0,0.544395930429188,0,0,0,3,Short-Tenure Higher-Charge
1,0,1,1.44067956985141,1,0,0,-1.34253271914062,0,0,0,2,Long-Tenure Lower-Charge
0,0,0,-1.27177672478607,0,1,0,-0.500153857725524,0,1,0,0,Short-Tenure Lower-Charge
1,0,1,-1.14848325684801,1,1,0,-1.54470364588024,0,1,0,0,Short-Tenure Lower-Charge
1,1,0,1.39958174720538,1,1,1,0.342225003689566,0,0,0,1,Long-Tenure Higher-Charge
0,0,0,0.783114407515048,1,0,0,-0.264287776529299,0,0,0,2,Long-Tenure Lower-Charge
1,0,0,-0.162135513343468,1,1,1,0.679176548255603,0,0,1,3,Short-Tenure Higher-Charge
0,0,0,-1.3128745474321,1,0,1,0.140054076949945,0,0,0,3,Short-Tenure Higher-Charge
0,0,0,-1.18958107949403,1,1,1,0.140054076949945,1,0,1,3,Short-Tenure Higher-Charge
0,0,0,1.48177739249743,1,0,1,0.645481393798999,0,0,0,1,Long-Tenure Higher-Charge
0,0,0,-0.69640720774176,0,1,0,-0.904495711204768,0,0,1,0,Short-Tenure Lower-Charge
1,0,0,-0.367624626573581,1,0,0,0.915042629451828,0,0,1,3,Short-Tenure Higher-Charge
0,0,0,0.372136181054823,1,0,1,1.28568932847447,0,0,0,1,Long-Tenure Higher-Charge
0,0,0,1.11189698868323,0,1,1,-0.500153857725524,1,0,0,2,Long-Tenure Lower-Charge
1,0,1,-0.942994143617895,1,0,0,0.982432938365035,1,0,0,3,Short-Tenure Higher-Charge
0,0,0,-0.984091966263917,1,1,0,-0.196897467616092,0,0,0,3,Short-Tenure Higher-Charge
0,0,0,-0.367624626573581,1,0,0,0.106358922493341,0,0,0,3,Short-Tenure Higher-Charge
0,0,1,1.6050708604355,1,0,0,1.69003118195371,0,1,0,1,Long-Tenure Higher-Charge
0,0,1,1.27628827926732,1,1,0,0.712871702712206,0,0,1,1,Long-Tenure Higher-Charge
1,0,0,-1.27177672478607,1,0,0,-1.57839880033684,0,0,1,0,Short-Tenure Lower-Charge
1,0,0,1.44067956985141,1,0,0,0.847652320538621,0,1,0,1,Long-Tenure Higher-Charge
0,0,1,-1.3128745474321,1,1,0,1.21829901956126,1,0,1,3,Short-Tenure Higher-Charge
0,0,0,1.07079916603721,1,1,0,-1.54470364588024,0,1,0,2,Long-Tenure Lower-Charge
1,0,0,0.700918762223003,1,1,1,1.08351840173485,0,0,1,1,Long-Tenure Higher-Charge
0,0,1,1.6050708604355,1,0,1,1.48786025521409,0,0,1,1,Long-Tenure Higher-Charge
0,0,0,0.98860352074516,1,0,0,0.982432938365035,0,0,1,1,Long-Tenure Higher-Charge
0,1,0,-0.614211562449715,1,1,1,-1.54470364588024,0,0,1,0,Short-Tenure Lower-Charge
0,0,0,1.19409263397527,1,0,0,1.65633602749711,0,0,0,1,Long-Tenure Higher-Charge
1,0,0,-0.367624626573581,1,0,0,-1.54470364588024,0,0,0,0,Short-Tenure Lower-Charge
1,0,1,0.166647067824711,0,0,1,-0.870800556748164,1,0,0,2,Long-Tenure Lower-Charge
0,0,1,-1.14848325684801,1,0,0,0.679176548255603,1,0,0,3,Short-Tenure Higher-Charge
0,0,0,-1.23067890214005,1,0,0,0.140054076949945,1,1,0,3,Short-Tenure Higher-Charge
1,0,0,-0.162135513343468,1,0,0,0.308529849232963,0,0,1,3,Short-Tenure Higher-Charge
0,0,0,-0.0799398680514234,1,0,0,-0.567544166638732,0,0,0,0,Short-Tenure Lower-Charge
1,0,1,-0.367624626573581,1,1,0,-1.51100849142363,0,0,0,0,Short-Tenure Lower-Charge
0,0,0,-0.614211562449715,1,1,1,0.308529849232963,0,0,0,3,Short-Tenure Higher-Charge
0,0,1,-0.655309385095738,1,0,1,0.881347474995224,1,0,0,3,Short-Tenure Higher-Charge
0,0,0,1.48177739249743,1,0,0,0.0389686135801337,0,0,0,1,Long-Tenure Higher-Charge
0,0,1,0.618723116930958,1,1,1,-1.54470364588024,0,0,0,2,Long-Tenure Lower-Charge
1,0,1,0.865310052807093,1,0,0,-1.54470364588024,0,0,0,2,Long-Tenure Lower-Charge
0,0,0,-0.819700675679827,1,0,0,0.443310467059377,0,1,0,3,Short-Tenure Higher-Charge
0,1,1,-0.449820271865625,1,1,1,0.645481393798999,0,0,0,3,Short-Tenure Higher-Charge
1,0,0,-0.614211562449715,0,0,1,-1.37622787359722,0,0,0,0,Short-Tenure Lower-Charge
0,0,0,-0.69640720774176,1,0,0,0.847652320538621,0,0,0,3,Short-Tenure Higher-Charge
1,0,0,-1.14848325684801,1,1,1,0.510700775972585,1,0,0,3,Short-Tenure Higher-Charge
0,0,0,0.82421223016107,1,0,1,-1.54470364588024,0,0,0,2,Long-Tenure Lower-Charge
1,1,0,0.454331826346868,1,0,0,0.274834694776359,0,1,0,1,Long-Tenure Higher-Charge
1,0,0,0.454331826346868,1,1,0,1.18460386510466,1,0,0,1,Long-Tenure Higher-Charge
0,0,0,1.52287521514345,1,1,1,0.813957166082017,0,0,0,1,Long-Tenure Higher-Charge
0,0,0,-1.10738543420198,1,0,0,1.31938448293107,1,0,1,3,Short-Tenure Higher-Charge
0,0,0,0.0022557772406214,1,1,0,-0.500153857725524,0,0,1,0,Short-Tenure Lower-Charge
0,0,0,-0.901896320971872,1,1,0,-1.54470364588024,0,1,0,0,Short-Tenure Lower-Charge
0,0,1,1.6050708604355,1,1,1,-1.40992302805382,0,0,0,2,Long-Tenure Lower-Charge
0,0,0,-0.984091966263917,1,0,0,0.477005621515981,0,0,1,3,Short-Tenure Higher-Charge
1,1,0,1.23519045662129,0,0,0,-1.00558117457458,0,0,0,2,Long-Tenure Lower-Charge
0,0,1,-1.23067890214005,1,0,0,-1.51100849142363,0,1,0,0,Short-Tenure Lower-Charge
1,0,0,1.35848392455936,1,1,0,1.35307963738768,0,0,1,1,Long-Tenure Higher-Charge
0,0,0,1.35848392455936,0,0,0,-0.129507158702884,0,0,0,2,Long-Tenure Lower-Charge
0,0,0,-1.3128745474321,1,0,0,0.173749231406548,0,1,0,3,Short-Tenure Higher-Charge
0,0,0,-0.121037690697446,1,0,0,0.948737783908432,0,0,0,3,Short-Tenure Higher-Charge
1,0,0,-0.819700675679827,1,0,0,0.140054076949945,0,0,0,3,Short-Tenure Higher-Charge
0,0,1,1.6050708604355,1,1,0,0.477005621515981,0,0,1,1,Long-Tenure Higher-Charge
0,0,1,-1.02518978890994,1,0,0,-0.331678085442506,0,0,0,0,Short-Tenure Lower-Charge
1,0,1,-0.203233335989491,1,1,0,1.35307963738768,1,0,1,3,Short-Tenure Higher-Charge
0,0,0,1.31738610191334,1,1,1,1.31938448293107,0,0,0,1,Long-Tenure Higher-Charge
0,1,0,-0.901896320971872,1,0,0,0.578091084885792,0,0,0,3,Short-Tenure Higher-Charge
0,0,0,-0.285428981281536,1,0,0,-1.57839880033684,0,0,0,0,Short-Tenure Lower-Charge
1,1,0,1.07079916603721,0,1,0,-0.533849012182128,0,1,0,2,Long-Tenure Lower-Charge
1,0,1,1.39958174720538,1,0,1,-1.57839880033684,0,0,0,2,Long-Tenure Lower-Charge
0,0,0,1.56397303778947,1,0,1,-1.54470364588024,0,0,0,2,Long-Tenure Lower-Charge
1,1,0,0.98860352074516,1,0,0,0.173749231406548,0,0,1,1,Long-Tenure Higher-Charge
0,0,0,1.56397303778947,0,1,1,-0.634934475551939,0,0,1,2,Long-Tenure Lower-Charge
1,0,0,0.98860352074516,1,1,1,-1.51100849142363,0,0,0,2,Long-Tenure Lower-Charge
1,0,1,1.6050708604355,1,0,1,-1.34253271914062,0,0,0,2,Long-Tenure Lower-Charge
1,0,0,-1.3128745474321,1,0,0,0.308529849232963,0,1,0,3,Short-Tenure Higher-Charge
1,1,0,-0.737505030387783,1,0,0,1.01612809282164,0,1,0,3,Short-Tenure Higher-Charge
0,0,0,-1.18958107949403,1,1,1,0.477005621515981,0,1,0,3,Short-Tenure Higher-Charge
0,0,0,-0.408722449219603,0,0,0,-0.702324784465146,0,0,1,0,Short-Tenure Lower-Charge
1,1,0,1.56397303778947,1,1,1,1.38677479184428,0,0,1,1,Long-Tenure Higher-Charge
0,0,1,0.495429648992891,1,0,0,0.510700775972585,0,0,0,1,Long-Tenure Higher-Charge
1,0,0,1.27628827926732,1,0,0,1.42046994630088,0,0,0,1,Long-Tenure Higher-Charge
1,0,0,-0.53201591715767,1,0,0,-0.230592622072695,0,0,0,3,Short-Tenure Higher-Charge
0,0,0,-0.0799398680514234,1,0,0,0.477005621515981,1,0,0,3,Short-Tenure Higher-Charge
1,1,0,-1.23067890214005,1,0,0,0.982432938365035,0,1,0,3,Short-Tenure Higher-Charge
1,0,0,-0.53201591715767,1,1,1,-1.51100849142363,0,1,0,0,Short-Tenure Lower-Charge
1,0,1,0.98860352074516,1,0,1,1.08351840173485,0,0,0,1,Long-Tenure Higher-Charge
1,1,0,-1.02518978890994,0,0,0,-1.2414472557708,1,0,0,0,Short-Tenure Lower-Charge
1,0,1,0.0022557772406214,1,0,0,-1.57839880033684,0,0,0,2,Long-Tenure Lower-Charge
0,0,1,1.39958174720538,0,0,1,-0.399068394355713,0,0,0,2,Long-Tenure Lower-Charge
0,0,1,1.56397303778947,1,1,0,0.544395930429188,0,0,1,1,Long-Tenure Higher-Charge
1,0,0,1.07079916603721,1,1,0,-0.0284216953330735,0,0,0,1,Long-Tenure Higher-Charge
0,0,0,0.98860352074516,1,1,1,0.308529849232963,0,1,0,1,Long-Tenure Higher-Charge
0,0,1,-1.3128745474321,1,1,1,-0.230592622072695,1,0,0,0,Short-Tenure Lower-Charge
1,0,0,-0.984091966263917,1,1,0,1.11721355619145,0,0,1,3,Short-Tenure Higher-Charge
0,0,0,-1.18958107949403,1,0,0,-1.54470364588024,0,1,0,0,Short-Tenure Lower-Charge
1,0,0,1.6050708604355,1,1,0,0.780262011625413,0,1,0,1,Long-Tenure Higher-Charge
0,0,1,1.19409263397527,1,1,0,1.35307963738768,0,0,1,1,Long-Tenure Higher-Charge
0,0,0,-1.14848325684801,1,0,0,0.477005621515981,0,1,0,3,Short-Tenure Higher-Charge
1,0,0,-0.449820271865625,1,1,1,0.982432938365035,0,0,0,3,Short-Tenure Higher-Charge
1,0,1,0.0844514225326663,1,0,0,-1.37622787359722,0,0,0,2,Long-Tenure Lower-Charge
1,0,0,-0.86079849832585,1,1,1,0.477005621515981,0,0,0,3,Short-Tenure Higher-Charge
1,0,0,1.39958174720538,1,1,1,1.28568932847447,1,0,0,1,Long-Tenure Higher-Charge
1,0,1,1.6050708604355,1,0,1,1.08351840173485,0,0,0,1,Long-Tenure Higher-Charge
1,0,0,0.207744890470734,1,1,1,1.52155540967069,0,1,0,1,Long-Tenure Higher-Charge
1,0,0,-0.778602853033805,1,0,0,-0.567544166638732,0,0,0,0,Short-Tenure Lower-Charge
1,0,0,0.577625294284936,1,0,0,0.712871702712206,0,0,0,1,Long-Tenure Higher-Charge
0,0,0,0.166647067824711,0,1,0,-1.2414472557708,1,1,0,2,Long-Tenure Lower-Charge
0,1,0,-1.3128745474321,1,0,0,0.274834694776359,1,0,1,3,Short-Tenure Higher-Charge
0,0,0,0.166647067824711,1,1,0,-1.54470364588024,0,0,0,2,Long-Tenure Lower-Charge
1,0,0,-0.984091966263917,0,1,1,-0.837105402291561,1,1,0,0,Short-Tenure Lower-Charge
1,0,0,1.11189698868323,1,0,0,-0.196897467616092,0,0,0,2,Long-Tenure Lower-Charge
0,0,0,0.98860352074516,1,0,0,0.74656685716881,0,0,1,1,Long-Tenure Higher-Charge
0,0,1,0.331038358408801,1,1,1,-0.702324784465146,0,0,0,2,Long-Tenure Lower-Charge
0,0,1,0.700918762223003,1,0,0,0.173749231406548,0,0,0,1,Long-Tenure Higher-Charge
1,0,0,-1.18958107949403,1,0,0,-0.500153857725524,0,0,0,0,Short-Tenure Lower-Charge
1,0,1,-0.984091966263917,1,0,1,0.443310467059377,1,0,0,3,Short-Tenure Higher-Charge
1,0,0,0.125549245178689,1,1,0,0.982432938365035,0,1,0,1,Long-Tenure Higher-Charge
0,1,0,-1.27177672478607,0,1,0,-1.40992302805382,1,1,0,0,Short-Tenure Lower-Charge
1,0,1,1.31738610191334,1,0,0,0.982432938365035,0,1,0,1,Long-Tenure Higher-Charge
0,0,0,0.125549245178689,1,1,1,0.679176548255603,0,0,0,3,Short-Tenure Higher-Charge
0,0,0,-1.14848325684801,1,1,1,-1.54470364588024,0,0,0,0,Short-Tenure Lower-Charge
1,1,0,1.56397303778947,1,1,1,1.42046994630088,0,0,0,1,Long-Tenure Higher-Charge
1,0,1,-1.23067890214005,1,0,0,-1.34253271914062,0,0,1,0,Short-Tenure Lower-Charge
0,0,0,0.906407875453115,1,0,0,-1.54470364588024,0,0,1,2,Long-Tenure Lower-Charge
1,0,0,-1.14848325684801,1,0,0,-0.634934475551939,1,0,0,0,Short-Tenure Lower-Charge
1,0,0,-1.3128745474321,1,0,0,-0.399068394355713,1,1,0,0,Short-Tenure Lower-Charge
1,0,1,1.44067956985141,1,0,0,0.477005621515981,0,0,0,1,Long-Tenure Higher-Charge
0,0,0,0.207744890470734,1,0,0,0.611786239342395,1,1,0,3,Short-Tenure Higher-Charge
0,1,0,-0.69640720774176,1,0,0,-0.399068394355713,0,1,0,3,Short-Tenure Higher-Charge
0,0,0,1.39958174720538,1,0,1,0.207444385863152,0,0,0,1,Long-Tenure Higher-Charge
1,0,0,1.6050708604355,1,0,0,1.72372633641031,0,0,1,1,Long-Tenure Higher-Charge
0,0,0,-0.490918094511648,1,0,0,0.106358922493341,0,0,0,3,Short-Tenure Higher-Charge
1,0,0,-1.18958107949403,1,0,1,-1.57839880033684,0,0,0,0,Short-Tenure Lower-Charge
0,0,0,-1.23067890214005,0,0,0,-1.2414472557708,0,1,0,0,Short-Tenure Lower-Charge
1,0,1,1.48177739249743,1,1,1,1.11721355619145,0,0,0,1,Long-Tenure Higher-Charge
1,1,0,-1.27177672478607,1,1,1,0.948737783908432,1,0,0,3,Short-Tenure Higher-Charge
1,0,1,1.52287521514345,1,0,0,1.08351840173485,1,0,0,1,Long-Tenure Higher-Charge
0,0,1,-1.3128745474321,1,0,0,-1.51100849142363,1,0,0,0,Short-Tenure Lower-Charge
1,0,1,-0.901896320971872,1,0,0,0.847652320538621,0,0,0,3,Short-Tenure Higher-Charge
0,0,0,-0.819700675679827,1,0,0,1.04982324727824,1,0,1,3,Short-Tenure Higher-Charge
1,0,1,1.11189698868323,1,1,1,-1.54470364588024,0,0,1,2,Long-Tenure Lower-Charge
1,1,0,-0.53201591715767,1,0,1,0.274834694776359,1,1,0,3,Short-Tenure Higher-Charge
1,0,0,0.166647067824711,0,1,0,-1.00558117457458,0,0,1,2,Long-Tenure Lower-Charge
1,0,0,-0.121037690697446,1,0,0,-1.51100849142363,0,0,0,0,Short-Tenure Lower-Charge
1,0,1,1.11189698868323,1,1,1,1.28568932847447,0,0,1,1,Long-Tenure Higher-Charge
0,0,0,0.0844514225326663,1,1,1,0.140054076949945,1,0,1,3,Short-Tenure Higher-Charge
1,1,0,0.700918762223003,1,1,1,1.01612809282164,1,0,0,1,Long-Tenure Higher-Charge
0,0,0,1.56397303778947,1,0,0,1.01612809282164,0,0,0,1,Long-Tenure Higher-Charge
0,1,0,-1.02518978890994,1,1,1,0.274834694776359,0,0,0,3,Short-Tenure Higher-Charge
0,0,0,0.207744890470734,1,0,1,-1.40992302805382,0,1,0,2,Long-Tenure Lower-Charge
1,0,0,1.6050708604355,1,1,1,-1.54470364588024,0,1,0,2,Long-Tenure Lower-Charge
0,1,0,0.372136181054823,1,0,0,1.01612809282164,0,1,0,1,Long-Tenure Higher-Charge
0,0,1,0.98860352074516,1,1,1,0.982432938365035,0,0,0,1,Long-Tenure Higher-Charge
0,0,0,1.11189698868323,1,1,0,1.52155540967069,0,0,1,1,Long-Tenure Higher-Charge
1,0,1,1.56397303778947,1,0,0,-1.37622787359722,0,0,0,2,Long-Tenure Lower-Charge
1,0,0,-0.901896320971872,1,0,0,-1.44361818251043,1,1,0,0,Short-Tenure Lower-Charge
1,0,0,0.289940535762779,1,0,1,-0.500153857725524,0,0,0,2,Long-Tenure Lower-Charge
0,0,0,0.372136181054823,1,0,0,0.611786239342395,0,0,1,1,Long-Tenure Higher-Charge
0,0,0,-1.3128745474321,1,0,0,-0.73601993892175,1,0,0,0,Short-Tenure Lower-Charge
1,0,1,0.577625294284936,1,0,0,0.813957166082017,0,0,0,1,Long-Tenure Higher-Charge
1,0,1,0.700918762223003,1,0,0,0.342225003689566,0,0,0,1,Long-Tenure Higher-Charge
1,0,1,-0.942994143617895,0,0,0,-0.399068394355713,0,0,0,0,Short-Tenure Lower-Charge
1,0,0,1.6050708604355,1,1,1,0.645481393798999,0,1,0,1,Long-Tenure Higher-Charge
1,0,0,1.6050708604355,1,0,0,1.11721355619145,0,1,0,1,Long-Tenure Higher-Charge
1,0,0,1.11189698868323,1,1,0,0.813957166082017,0,0,1,1,Long-Tenure Higher-Charge
0,0,0,-1.23067890214005,1,0,1,0.308529849232963,1,0,0,3,Short-Tenure Higher-Charge
1,0,0,-1.27177672478607,1,0,0,0.477005621515981,1,1,0,3,Short-Tenure Higher-Charge
0,0,1,-1.3128745474321,1,0,0,0.477005621515981,1,0,0,3,Short-Tenure Higher-Charge
0,0,0,-0.901896320971872,1,1,1,0.780262011625413,0,0,0,3,Short-Tenure Higher-Charge
0,0,1,0.659820939576981,1,0,1,1.08351840173485,0,0,0,1,Long-Tenure Higher-Charge
0,1,0,1.52287521514345,1,1,1,1.6226408730405,0,1,0,1,Long-Tenure Higher-Charge
0,1,0,-1.27177672478607,1,0,0,0.173749231406548,1,0,0,3,Short-Tenure Higher-Charge
1,1,0,-0.69640720774176,1,0,0,1.11721355619145,1,0,0,3,Short-Tenure Higher-Charge
1,0,0,-0.942994143617895,1,0,1,1.15090871064805,1,0,0,3,Short-Tenure Higher-Charge
0,0,1,0.947505698099138,1,0,1,0.106358922493341,0,0,0,1,Long-Tenure Higher-Charge
0,0,0,0.618723116930958,1,0,0,1.28568932847447,0,0,0,1,Long-Tenure Higher-Charge
1,1,0,1.6050708604355,1,1,0,-1.37622787359722,0,0,0,2,Long-Tenure Lower-Charge
0,0,0,-1.3128745474321,1,0,0,-1.51100849142363,1,0,0,0,Short-Tenure Lower-Charge
0,0,0,-0.162135513343468,1,0,1,-1.54470364588024,0,0,0,0,Short-Tenure Lower-Charge
1,0,0,-0.326526803927558,1,0,1,-1.37622787359722,1,0,0,0,Short-Tenure Lower-Charge
0,0,0,1.44067956985141,1,0,1,-0.399068394355713,0,0,0,2,Long-Tenure Lower-Charge
0,0,1,0.372136181054823,1,0,0,0.409615312602774,1,0,0,1,Long-Tenure Higher-Charge
0,0,1,-1.10738543420198,1,0,0,-1.54470364588024,0,0,0,0,Short-Tenure Lower-Charge
1,0,0,-0.614211562449715,1,0,1,1.18460386510466,0,0,0,3,Short-Tenure Higher-Charge
1,0,0,-0.942994143617895,1,0,1,0.140054076949945,1,1,0,3,Short-Tenure Higher-Charge
1,0,0,1.6050708604355,1,1,0,1.28568932847447,0,0,0,1,Long-Tenure Higher-Charge
1,0,1,1.23519045662129,1,0,1,1.31938448293107,0,0,0,1,Long-Tenure Higher-Charge
0,0,0,-0.244331158635513,1,0,0,0.409615312602774,0,1,0,3,Short-Tenure Higher-Charge
0,0,1,0.0844514225326663,1,0,0,-1.37622787359722,0,0,0,2,Long-Tenure Lower-Charge
0,0,0,-0.614211562449715,1,0,0,0.813957166082017,1,0,0,3,Short-Tenure Higher-Charge
1,0,0,-0.901896320971872,1,0,0,0.274834694776359,1,0,0,3,Short-Tenure Higher-Charge
1,0,1,0.454331826346868,1,1,1,-1.51100849142363,0,0,0,2,Long-Tenure Lower-Charge
0,0,1,-0.573113739803693,1,0,0,-0.163202313159488,0,0,1,3,Short-Tenure Higher-Charge
0,0,1,1.6050708604355,1,0,0,0.915042629451828,0,1,0,1,Long-Tenure Higher-Charge
0,0,0,-0.614211562449715,1,1,0,-0.533849012182128,0,0,0,0,Short-Tenure Lower-Charge
0,1,0,-0.614211562449715,1,1,1,-0.533849012182128,0,0,0,0,Short-Tenure Lower-Charge
0,0,0,1.56397303778947,0,0,1,-0.163202313159488,0,0,0,2,Long-Tenure Lower-Charge
0,0,0,-0.121037690697446,1,0,0,-0.36537323989911,0,1,0,0,Short-Tenure Lower-Charge
1,0,1,-0.203233335989491,0,0,0,-0.196897467616092,0,0,0,0,Short-Tenure Lower-Charge
0,0,0,0.166647067824711,1,0,0,0.443310467059377,1,0,1,3,Short-Tenure Higher-Charge
1,0,1,-0.614211562449715,1,0,0,-1.54470364588024,0,1,0,0,Short-Tenure Lower-Charge
0,0,1,-0.0799398680514234,1,0,0,0.510700775972585,0,1,0,3,Short-Tenure Higher-Charge
1,0,0,-1.14848325684801,1,1,1,-0.331678085442506,0,1,0,0,Short-Tenure Lower-Charge
1,1,0,-0.121037690697446,1,0,0,0.409615312602774,0,0,1,3,Short-Tenure Higher-Charge
0,0,0,0.659820939576981,1,0,1,0.207444385863152,0,0,0,1,Long-Tenure Higher-Charge
1,0,0,-0.86079849832585,1,0,0,-0.702324784465146,1,1,0,0,Short-Tenure Lower-Charge
0,0,0,-1.3128745474321,1,0,0,0.409615312602774,1,1,0,3,Short-Tenure Higher-Charge
0,0,1,-1.18958107949403,1,0,1,0.813957166082017,1,0,0,3,Short-Tenure Higher-Charge
1,0,0,-1.23067890214005,1,1,0,-1.51100849142363,1,0,1,0,Short-Tenure Lower-Charge
0,0,0,-1.23067890214005,1,0,0,0.443310467059377,1,0,1,3,Short-Tenure Higher-Charge
1,0,0,0.166647067824711,1,0,1,0.00527345912353,0,0,0,3,Short-Tenure Higher-Charge
0,0,1,-0.408722449219603,1,0,0,0.00527345912353,0,0,1,3,Short-Tenure Higher-Charge
0,0,0,-0.408722449219603,1,0,0,0.443310467059377,0,0,0,3,Short-Tenure Higher-Charge
0,1,0,0.495429648992891,1,1,0,1.15090871064805,0,0,1,1,Long-Tenure Higher-Charge
1,0,1,-0.449820271865625,1,0,1,-1.54470364588024,0,0,1,0,Short-Tenure Lower-Charge
1,0,0,-0.367624626573581,1,0,0,1.15090871064805,0,0,0,3,Short-Tenure Higher-Charge
1,0,0,0.618723116930958,1,1,0,-1.54470364588024,0,0,1,2,Long-Tenure Lower-Charge
1,0,1,-1.23067890214005,1,0,0,-0.331678085442506,1,0,0,0,Short-Tenure Lower-Charge
0,1,0,-1.02518978890994,1,0,0,0.712871702712206,0,0,1,3,Short-Tenure Higher-Charge
1,0,0,0.454331826346868,0,0,1,-0.399068394355713,1,0,0,2,Long-Tenure Lower-Charge
0,0,0,0.947505698099138,1,0,0,0.847652320538621,0,0,0,1,Long-Tenure Higher-Charge
1,0,0,-1.3128745474321,1,0,0,-1.51100849142363,0,0,0,0,Short-Tenure Lower-Charge
1,0,1,0.82421223016107,1,0,0,0.915042629451828,0,0,1,1,Long-Tenure Higher-Charge
1,0,1,1.07079916603721,1,0,0,-1.57839880033684,0,0,0,2,Long-Tenure Lower-Charge
0,0,0,-0.737505030387783,1,0,0,-0.567544166638732,0,0,1,0,Short-Tenure Lower-Charge
0,1,0,0.659820939576981,1,0,0,0.813957166082017,0,0,1,1,Long-Tenure Higher-Charge
0,0,0,0.248842713116756,0,0,0,-0.331678085442506,1,0,0,2,Long-Tenure Lower-Charge
0,1,0,0.454331826346868,1,0,1,0.780262011625413,0,0,0,1,Long-Tenure Higher-Charge
1,0,0,-1.23067890214005,1,0,0,-0.432763548812317,1,1,0,0,Short-Tenure Lower-Charge
1,1,0,-0.69640720774176,1,0,0,0.274834694776359,1,1,0,3,Short-Tenure Higher-Charge
1,0,0,-1.14848325684801,1,1,1,0.00527345912353,0,1,0,3,Short-Tenure Higher-Charge
0,0,0,0.166647067824711,1,1,0,1.15090871064805,0,0,1,1,Long-Tenure Higher-Charge
0,0,0,-0.984091966263917,1,1,1,-0.500153857725524,0,0,0,0,Short-Tenure Lower-Charge
0,0,1,0.0844514225326663,1,1,0,-1.54470364588024,0,0,1,2,Long-Tenure Lower-Charge
0,0,0,-1.06628761155596,1,0,0,0.679176548255603,1,0,0,3,Short-Tenure Higher-Charge
0,0,0,-1.3128745474321,1,1,0,-1.54470364588024,1,0,1,0,Short-Tenure Lower-Charge
0,0,0,-0.162135513343468,0,0,0,-1.37622787359722,1,1,0,0,Short-Tenure Lower-Charge
0,0,1,0.742016584869025,1,1,1,0.982432938365035,0,0,1,1,Long-Tenure Higher-Charge
1,0,0,1.02970134339118,1,0,0,0.140054076949945,0,0,0,1,Long-Tenure Higher-Charge
1,0,1,-1.18958107949403,0,1,0,-0.904495711204768,0,1,0,0,Short-Tenure Lower-Charge
0,0,1,1.27628827926732,1,1,1,1.52155540967069,0,0,0,1,Long-Tenure Higher-Charge
1,1,0,1.44067956985141,1,0,0,0.477005621515981,0,1,0,1,Long-Tenure Higher-Charge
0,1,1,1.19409263397527,1,0,0,1.01612809282164,0,1,0,1,Long-Tenure Higher-Charge
1,0,1,0.166647067824711,1,0,1,0.915042629451828,0,0,0,1,Long-Tenure Higher-Charge
0,0,0,0.413234003700846,1,0,0,-1.54470364588024,0,1,0,2,Long-Tenure Lower-Charge
0,0,1,1.31738610191334,1,1,1,0.881347474995224,0,1,0,1,Long-Tenure Higher-Charge
1,0,0,-1.3128745474321,1,1,1,-0.163202313159488,0,0,0,3,Short-Tenure Higher-Charge
0,0,1,-0.244331158635513,1,0,0,0.00527345912353,0,0,0,3,Short-Tenure Higher-Charge
0,0,1,0.98860352074516,1,0,0,-1.54470364588024,0,0,0,2,Long-Tenure Lower-Charge
0,0,1,-1.3128745474321,1,0,1,-1.51100849142363,1,1,0,0,Short-Tenure Lower-Charge
1,0,1,0.413234003700846,0,1,0,-0.870800556748164,0,0,1,2,Long-Tenure Lower-Charge
1,0,1,0.618723116930958,1,1,0,1.5552505641273,0,0,1,1,Long-Tenure Higher-Charge
1,0,1,0.331038358408801,1,0,0,1.52155540967069,0,0,0,1,Long-Tenure Higher-Charge
0,0,0,1.44067956985141,1,0,0,0.813957166082017,0,0,0,1,Long-Tenure Higher-Charge
0,0,0,-0.737505030387783,1,0,0,-0.567544166638732,0,0,0,0,Short-Tenure Lower-Charge
0,1,0,-1.02518978890994,1,1,0,0.948737783908432,1,0,0,3,Short-Tenure Higher-Charge
0,1,0,-1.23067890214005,0,0,0,-1.37622787359722,1,0,0,0,Short-Tenure Lower-Charge
0,1,0,0.906407875453115,1,0,0,0.813957166082017,0,0,0,1,Long-Tenure Higher-Charge
1,1,0,-0.69640720774176,1,1,1,0.207444385863152,1,1,0,3,Short-Tenure Higher-Charge
1,0,1,0.248842713116756,1,1,1,0.477005621515981,1,0,0,1,Long-Tenure Higher-Charge
0,0,0,-0.942994143617895,1,0,0,0.982432938365035,1,0,1,3,Short-Tenure Higher-Charge
0,0,0,0.536527471638913,1,0,0,1.45416510075749,0,0,0,1,Long-Tenure Higher-Charge
1,0,1,-0.86079849832585,1,0,0,-0.331678085442506,0,1,0,0,Short-Tenure Lower-Charge
0,0,0,0.331038358408801,1,0,0,-1.51100849142363,0,0,0,2,Long-Tenure Lower-Charge
1,0,0,1.31738610191334,1,0,0,1.45416510075749,1,0,1,1,Long-Tenure Higher-Charge
0,0,0,-0.490918094511648,1,0,0,0.443310467059377,0,1,0,3,Short-Tenure Higher-Charge
0,1,0,-1.18958107949403,1,1,0,1.15090871064805,1,0,0,3,Short-Tenure Higher-Charge
0,1,0,1.6050708604355,1,0,0,0.813957166082017,0,0,1,1,Long-Tenure Higher-Charge
1,0,1,0.577625294284936,1,0,0,-1.37622787359722,0,0,1,2,Long-Tenure Lower-Charge
1,0,0,0.413234003700846,1,0,0,0.611786239342395,0,0,0,1,Long-Tenure Higher-Charge
0,0,1,1.6050708604355,1,1,1,1.5889457185839,0,1,0,1,Long-Tenure Higher-Charge
0,0,0,1.39958174720538,1,0,0,1.52155540967069,0,0,0,1,Long-Tenure Higher-Charge
0,0,0,-1.10738543420198,1,0,0,0.780262011625413,1,0,1,3,Short-Tenure Higher-Charge
0,0,0,1.11189698868323,1,0,0,0.140054076949945,0,0,0,1,Long-Tenure Higher-Charge
1,1,0,0.289940535762779,1,1,0,1.08351840173485,0,0,0,1,Long-Tenure Higher-Charge
0,0,1,1.35848392455936,1,0,1,0.847652320538621,0,0,0,1,Long-Tenure Higher-Charge
1,1,0,0.783114407515048,0,0,0,-0.567544166638732,1,0,0,2,Long-Tenure Lower-Charge
0,0,0,-1.3128745474321,1,1,1,0.948737783908432,1,0,1,3,Short-Tenure Higher-Charge
0,0,1,1.02970134339118,1,1,1,0.915042629451828,1,0,0,1,Long-Tenure Higher-Charge
0,0,1,1.6050708604355,0,0,0,-0.0621168497896772,0,0,0,2,Long-Tenure Lower-Charge
1,1,0,0.0844514225326663,1,0,0,0.982432938365035,1,1,0,3,Short-Tenure Higher-Charge
0,0,0,1.6050708604355,1,1,1,-1.54470364588024,0,0,0,2,Long-Tenure Lower-Charge
0,0,0,0.742016584869025,1,1,0,0.106358922493341,0,1,0,1,Long-Tenure Higher-Charge
1,0,0,1.48177739249743,1,1,1,-1.57839880033684,0,0,0,2,Long-Tenure Lower-Charge
1,0,0,1.48177739249743,1,0,1,1.15090871064805,0,0,0,1,Long-Tenure Higher-Charge
0,0,0,-0.901896320971872,1,1,1,-1.54470364588024,0,1,0,0,Short-Tenure Lower-Charge
1,0,1,-1.3128745474321,0,0,0,-1.40992302805382,0,1,0,0,Short-Tenure Lower-Charge
1,1,0,-1.23067890214005,1,0,1,1.31938448293107,1,0,0,3,Short-Tenure Higher-Charge
0,0,0,0.166647067824711,1,0,0,1.11721355619145,1,0,0,1,Long-Tenure Higher-Charge
1,1,0,-1.18958107949403,0,0,1,-1.37622787359722,1,0,0,0,Short-Tenure Lower-Charge
1,1,0,1.39958174720538,1,0,1,0.982432938365035,0,0,0,1,Long-Tenure Higher-Charge
1,0,1,-0.326526803927558,1,0,0,0.679176548255603,0,0,1,3,Short-Tenure Higher-Charge
1,0,0,1.6050708604355,1,1,1,0.881347474995224,0,0,0,1,Long-Tenure Higher-Charge
1,0,1,-1.02518978890994,1,0,1,-0.500153857725524,0,0,0,0,Short-Tenure Lower-Charge
0,0,0,-0.942994143617895,1,0,1,0.477005621515981,1,0,0,3,Short-Tenure Higher-Charge
1,0,0,-1.10738543420198,1,0,1,-1.54470364588024,0,0,0,0,Short-Tenure Lower-Charge
1,1,1,0.783114407515048,1,0,0,0.510700775972585,0,0,1,1,Long-Tenure Higher-Charge
1,0,1,1.52287521514345,1,0,0,-1.37622787359722,0,1,0,2,Long-Tenure Lower-Charge
0,1,0,1.52287521514345,1,1,0,0.881347474995224,0,1,0,1,Long-Tenure Higher-Charge
1,0,0,1.02970134339118,1,1,0,-1.37622787359722,0,1,0,2,Long-Tenure Lower-Charge
1,0,0,1.52287521514345,1,1,1,0.37592015814617,0,0,0,1,Long-Tenure Higher-Charge
0,0,1,1.6050708604355,1,1,1,-1.54470364588024,0,0,0,2,Long-Tenure Lower-Charge
0,0,1,1.35848392455936,1,1,1,-0.567544166638732,0,0,0,2,Long-Tenure Lower-Charge
0,0,1,-0.69640720774176,0,0,1,-1.00558117457458,0,0,0,0,Short-Tenure Lower-Charge
0,0,1,0.0844514225326663,1,0,1,-0.230592622072695,0,0,0,2,Long-Tenure Lower-Charge
0,1,0,1.31738610191334,1,0,0,0.982432938365035,0,0,1,1,Long-Tenure Higher-Charge
0,1,0,-1.27177672478607,1,0,1,-0.73601993892175,0,0,0,0,Short-Tenure Lower-Charge
0,0,0,-0.121037690697446,1,0,0,-0.567544166638732,0,1,0,0,Short-Tenure Lower-Charge
1,0,0,-0.778602853033805,1,1,0,0.813957166082017,1,0,1,3,Short-Tenure Higher-Charge
1,0,1,-1.06628761155596,1,0,0,-1.54470364588024,0,1,0,0,Short-Tenure Lower-Charge
1,0,0,-1.27177672478607,1,0,0,0.443310467059377,1,0,1,3,Short-Tenure Higher-Charge
1,0,0,1.35848392455936,1,0,1,0.645481393798999,0,0,1,1,Long-Tenure Higher-Charge
1,0,0,-1.23067890214005,1,1,1,-1.51100849142363,0,1,0,0,Short-Tenure Lower-Charge
1,0,1,-1.3128745474321,1,0,0,-1.54470364588024,1,1,0,0,Short-Tenure Lower-Charge
0,0,0,1.44067956985141,1,1,1,-0.0621168497896772,0,0,0,1,Long-Tenure Higher-Charge
0,0,0,-0.942994143617895,1,0,0,0.679176548255603,1,0,1,3,Short-Tenure Higher-Charge
0,0,1,0.659820939576981,1,1,1,1.15090871064805,1,0,0,1,Long-Tenure Higher-Charge
0,0,0,-0.408722449219603,1,1,1,-1.54470364588024,0,1,0,0,Short-Tenure Lower-Charge
0,1,0,-0.819700675679827,1,0,0,1.04982324727824,0,0,1,3,Short-Tenure Higher-Charge
1,0,1,1.31738610191334,1,1,1,-1.54470364588024,0,0,0,2,Long-Tenure Lower-Charge
0,1,1,-0.203233335989491,0,0,0,-1.00558117457458,0,0,0,0,Short-Tenure Lower-Charge
0,1,0,-1.27177672478607,1,0,0,0.813957166082017,1,0,0,3,Short-Tenure Higher-Charge
1,0,0,-0.984091966263917,1,0,0,0.342225003689566,0,0,0,3,Short-Tenure Higher-Charge
1,0,0,0.865310052807093,1,1,0,1.48786025521409,0,0,0,1,Long-Tenure Higher-Charge
1,0,1,-0.326526803927558,1,0,1,-0.129507158702884,0,0,0,3,Short-Tenure Higher-Charge
0,0,1,-0.573113739803693,1,1,0,-1.54470364588024,0,0,1,0,Short-Tenure Lower-Charge
1,0,1,1.56397303778947,1,0,0,0.645481393798999,0,0,0,1,Long-Tenure Higher-Charge
1,0,0,0.125549245178689,1,1,0,-1.54470364588024,0,0,1,2,Long-Tenure Lower-Charge
0,0,0,-0.326526803927558,1,1,1,-1.37622787359722,1,1,0,0,Short-Tenure Lower-Charge
0,0,0,1.07079916603721,1,0,0,0.510700775972585,0,1,0,1,Long-Tenure Higher-Charge
1,0,1,1.56397303778947,1,0,1,-1.40992302805382,0,0,0,2,Long-Tenure Lower-Charge
0,1,0,0.536527471638913,1,1,1,0.982432938365035,1,1,0,1,Long-Tenure Higher-Charge
0,0,1,-0.69640720774176,1,1,1,0.0726637680367373,0,0,0,3,Short-Tenure Higher-Charge
0,0,1,0.659820939576981,1,1,1,1.01612809282164,1,0,1,1,Long-Tenure Higher-Charge
1,0,1,-0.367624626573581,1,1,1,0.645481393798999,0,0,0,3,Short-Tenure Higher-Charge
0,0,0,-1.27177672478607,0,0,1,-0.769715093378353,1,0,0,0,Short-Tenure Lower-Charge
0,0,1,1.02970134339118,1,1,0,0.0389686135801337,0,0,1,1,Long-Tenure Higher-Charge
1,0,0,-1.3128745474321,1,1,0,0.780262011625413,0,0,1,3,Short-Tenure Higher-Charge
0,1,0,0.495429648992891,1,0,0,0.679176548255603,0,1,0,1,Long-Tenure Higher-Charge
1,0,0,-1.3128745474321,1,0,1,-0.533849012182128,1,0,0,0,Short-Tenure Lower-Charge
1,1,0,-1.02518978890994,0,0,0,-0.769715093378353,0,0,0,0,Short-Tenure Lower-Charge
0,0,0,-0.449820271865625,1,0,0,0.813957166082017,1,0,0,3,Short-Tenure Higher-Charge
1,0,0,1.35848392455936,1,0,0,1.69003118195371,0,0,0,1,Long-Tenure Higher-Charge
1,0,0,-1.02518978890994,1,0,1,0.274834694776359,1,1,0,3,Short-Tenure Higher-Charge
1,0,1,1.6050708604355,1,1,1,1.35307963738768,0,1,0,1,Long-Tenure Higher-Charge
0,0,1,0.577625294284936,1,0,0,-0.0621168497896772,0,1,0,2,Long-Tenure Lower-Charge
1,0,0,-1.18958107949403,1,0,0,0.207444385863152,1,1,0,3,Short-Tenure Higher-Charge
0,0,0,-0.162135513343468,1,0,0,0.443310467059377,1,0,0,3,Short-Tenure Higher-Charge
0,0,0,1.6050708604355,1,0,0,1.69003118195371,0,0,0,1,Long-Tenure Higher-Charge
0,0,0,-0.69640720774176,1,0,0,0.645481393798999,1,0,0,3,Short-Tenure Higher-Charge
1,0,0,-1.27177672478607,1,1,0,0.477005621515981,0,0,1,3,Short-Tenure Higher-Charge
1,0,0,1.44067956985141,1,0,0,0.173749231406548,0,0,0,1,Long-Tenure Higher-Charge
1,1,0,0.0022557772406214,1,0,1,-1.37622787359722,0,0,0,0,Short-Tenure Lower-Charge
0,0,1,1.15299481132925,1,1,1,-1.57839880033684,1,0,0,2,Long-Tenure Lower-Charge
0,0,0,-0.408722449219603,1,0,0,0.443310467059377,1,1,0,3,Short-Tenure Higher-Charge
1,0,1,-0.573113739803693,1,1,1,-0.567544166638732,0,1,0,0,Short-Tenure Lower-Charge
1,0,1,-0.819700675679827,0,0,1,-0.837105402291561,0,0,0,0,Short-Tenure Lower-Charge
0,0,0,-0.490918094511648,1,0,0,0.679176548255603,1,0,0,3,Short-Tenure Higher-Charge
0,1,0,1.19409263397527,1,1,1,1.31938448293107,0,0,0,1,Long-Tenure Higher-Charge
0,0,0,-0.162135513343468,1,0,0,-1.37622787359722,0,0,1,0,Short-Tenure Lower-Charge
1,0,1,0.207744890470734,1,0,0,1.18460386510466,0,0,1,1,Long-Tenure Higher-Charge
0,1,0,-0.0799398680514234,1,1,1,0.274834694776359,1,0,0,3,Short-Tenure Higher-Charge
0,0,0,-1.3128745474321,1,0,0,-0.73601993892175,1,0,1,0,Short-Tenure Lower-Charge
1,0,1,1.56397303778947,1,1,1,0.00527345912353,0,0,0,1,Long-Tenure Higher-Charge
1,0,1,-1.18958107949403,1,0,1,-1.54470364588024,0,0,0,0,Short-Tenure Lower-Charge
0,0,0,-1.18958107949403,1,1,1,-0.0621168497896772,0,0,0,3,Short-Tenure Higher-Charge
0,0,0,1.48177739249743,1,0,0,1.11721355619145,0,0,0,1,Long-Tenure Higher-Charge
1,0,0,1.27628827926732,1,0,0,0.510700775972585,0,1,0,1,Long-Tenure Higher-Charge
1,0,0,1.11189698868323,1,0,0,0.443310467059377,0,1,0,1,Long-Tenure Higher-Charge
1,0,0,1.23519045662129,1,1,1,1.31938448293107,0,1,0,1,Long-Tenure Higher-Charge
1,0,0,0.0844514225326663,1,1,1,-1.57839880033684,0,0,0,2,Long-Tenure Lower-Charge
1,1,0,-0.655309385095738,1,0,0,0.342225003689566,1,0,1,3,Short-Tenure Higher-Charge
0,0,0,1.23519045662129,1,1,1,1.04982324727824,0,1,0,1,Long-Tenure Higher-Charge
1,1,0,-0.573113739803693,1,1,1,0.00527345912353,0,0,0,3,Short-Tenure Higher-Charge
1,0,0,-0.490918094511648,1,0,0,1.52155540967069,1,0,0,3,Short-Tenure Higher-Charge
0,1,1,0.98860352074516,1,0,0,0.982432938365035,0,0,0,1,Long-Tenure Higher-Charge
1,0,0,-1.02518978890994,1,1,1,-0.533849012182128,0,0,0,0,Short-Tenure Lower-Charge
1,0,0,-1.10738543420198,1,0,1,-1.51100849142363,0,0,0,0,Short-Tenure Lower-Charge
0,0,0,1.35848392455936,0,0,0,-0.163202313159488,0,1,0,2,Long-Tenure Lower-Charge
0,0,1,1.23519045662129,1,1,1,0.342225003689566,0,0,1,1,Long-Tenure Higher-Charge
1,0,1,-0.203233335989491,1,1,0,0.881347474995224,0,0,0,3,Short-Tenure Higher-Charge
0,0,0,-0.408722449219603,1,0,0,0.308529849232963,0,0,0,3,Short-Tenure Higher-Charge
0,0,0,-0.162135513343468,1,0,0,-1.54470364588024,0,0,0,0,Short-Tenure Lower-Charge
1,1,0,-0.614211562449715,1,0,0,0.510700775972585,0,0,0,3,Short-Tenure Higher-Charge
1,0,0,0.82421223016107,0,0,1,-0.668629630008542,0,0,0,2,Long-Tenure Lower-Charge
0,0,1,-0.942994143617895,1,1,0,0.140054076949945,0,0,0,3,Short-Tenure Higher-Charge
1,0,0,0.248842713116756,1,0,0,-0.533849012182128,0,0,0,2,Long-Tenure Lower-Charge
0,0,0,-0.655309385095738,1,0,0,0.308529849232963,0,0,1,3,Short-Tenure Higher-Charge
1,0,1,0.166647067824711,1,1,1,0.847652320538621,0,0,0,1,Long-Tenure Higher-Charge
0,0,1,0.0022557772406214,1,0,0,-1.54470364588024,0,0,1,2,Long-Tenure Lower-Charge
0,0,1,-0.573113739803693,1,0,1,0.780262011625413,0,1,0,3,Short-Tenure Higher-Charge
0,0,0,-1.06628761155596,1,1,0,-0.163202313159488,0,0,1,3,Short-Tenure Higher-Charge
0,0,1,-0.984091966263917,1,1,1,0.241139540319755,1,1,0,3,Short-Tenure Higher-Charge
1,1,0,1.07079916603721,0,1,0,-0.0621168497896772,0,0,0,2,Long-Tenure Lower-Charge
0,0,1,0.906407875453115,1,0,0,1.28568932847447,0,0,0,1,Long-Tenure Higher-Charge
0,0,0,-1.18958107949403,1,0,0,0.948737783908432,1,0,0,3,Short-Tenure Higher-Charge
1,0,1,0.98860352074516,1,1,1,-1.51100849142363,0,0,0,2,Long-Tenure Lower-Charge
0,0,0,1.44067956985141,1,1,1,1.65633602749711,0,0,0,1,Long-Tenure Higher-Charge
0,0,0,1.27628827926732,1,0,0,0.274834694776359,0,0,0,1,Long-Tenure Higher-Charge
0,0,1,1.6050708604355,1,0,0,1.25199417401786,0,0,1,1,Long-Tenure Higher-Charge
0,1,0,-1.02518978890994,1,0,0,0.611786239342395,1,0,0,3,Short-Tenure Higher-Charge
1,0,0,-1.3128745474321,1,0,0,-0.668629630008542,0,0,1,0,Short-Tenure Lower-Charge
1,0,1,1.48177739249743,1,0,0,0.982432938365035,0,0,0,1,Long-Tenure Higher-Charge
0,0,0,0.947505698099138,1,1,1,0.477005621515981,0,0,0,1,Long-Tenure Higher-Charge
1,0,0,-0.984091966263917,1,0,0,-0.0284216953330735,0,1,0,3,Short-Tenure Higher-Charge
0,0,0,1.07079916603721,1,1,1,0.477005621515981,0,0,0,1,Long-Tenure Higher-Charge
0,0,0,-0.86079849832585,1,0,1,0.477005621515981,0,0,0,3,Short-Tenure Higher-Charge
1,0,1,-1.18958107949403,1,1,1,0.645481393798999,1,0,0,3,Short-Tenure Higher-Charge
0,1,0,-1.23067890214005,1,1,0,0.140054076949945,1,1,0,3,Short-Tenure Higher-Charge
1,0,0,-1.3128745474321,1,0,0,-0.500153857725524,0,0,0,0,Short-Tenure Lower-Charge
1,0,0,-0.162135513343468,1,0,0,1.11721355619145,0,0,0,3,Short-Tenure Higher-Charge
0,0,0,1.56397303778947,1,0,1,0.611786239342395,0,0,0,1,Long-Tenure Higher-Charge
0,0,1,-0.408722449219603,1,0,0,-0.264287776529299,0,1,0,0,Short-Tenure Lower-Charge
1,0,1,-1.10738543420198,1,0,0,-1.34253271914062,0,0,0,0,Short-Tenure Lower-Charge
0,0,1,0.166647067824711,1,0,0,-1.57839880033684,0,1,0,2,Long-Tenure Lower-Charge
1,0,0,-0.367624626573581,1,1,1,0.274834694776359,0,0,1,3,Short-Tenure Higher-Charge
0,0,0,0.659820939576981,1,1,0,1.18460386510466,0,1,0,1,Long-Tenure Higher-Charge
0,0,0,-0.901896320971872,1,1,1,1.01612809282164,1,0,0,3,Short-Tenure Higher-Charge
1,0,0,0.454331826346868,1,0,1,1.15090871064805,0,1,0,1,Long-Tenure Higher-Charge
0,0,0,-0.901896320971872,1,1,0,-1.37622787359722,0,0,1,0,Short-Tenure Lower-Charge
1,0,1,0.413234003700846,0,1,1,-1.2414472557708,0,1,0,2,Long-Tenure Lower-Charge
0,0,0,-1.3128745474321,1,1,0,-0.500153857725524,1,0,1,0,Short-Tenure Lower-Charge
0,0,1,-0.408722449219603,1,1,1,-1.40992302805382,0,0,0,0,Short-Tenure Lower-Charge
0,1,0,-0.326526803927558,1,0,0,0.140054076949945,0,0,1,3,Short-Tenure Higher-Charge
1,1,0,-0.778602853033805,1,1,1,0.308529849232963,0,0,0,3,Short-Tenure Higher-Charge
0,0,0,-0.942994143617895,1,0,0,0.477005621515981,1,0,0,3,Short-Tenure Higher-Charge
1,0,1,-0.244331158635513,1,0,0,0.510700775972585,0,1,0,3,Short-Tenure Higher-Charge
1,0,0,-1.23067890214005,1,1,1,1.31938448293107,1,0,0,3,Short-Tenure Higher-Charge
1,0,0,-0.942994143617895,1,0,0,-1.34253271914062,0,1,0,0,Short-Tenure Lower-Charge
1,1,0,-1.14848325684801,0,0,0,-0.702324784465146,0,0,1,0,Short-Tenure Lower-Charge
1,0,1,0.618723116930958,1,0,0,-1.34253271914062,0,0,0,2,Long-Tenure Lower-Charge
0,1,0,-1.06628761155596,1,1,1,-0.0284216953330735,0,0,1,3,Short-Tenure Higher-Charge
0,0,0,0.454331826346868,0,0,0,-0.567544166638732,0,0,0,2,Long-Tenure Lower-Charge
0,0,0,-1.18958107949403,1,0,0,0.37592015814617,1,0,1,3,Short-Tenure Higher-Charge
1,0,0,0.166647067824711,1,0,1,1.11721355619145,1,0,0,1,Long-Tenure Higher-Charge
0,0,0,-0.819700675679827,1,0,0,-1.57839880033684,0,0,1,0,Short-Tenure Lower-Charge
0,0,0,0.248842713116756,1,1,1,-0.230592622072695,0,1,0,2,Long-Tenure Lower-Charge
1,0,0,0.372136181054823,1,0,0,-0.331678085442506,0,0,0,2,Long-Tenure Lower-Charge
0,0,1,0.536527471638913,1,0,0,1.31938448293107,1,0,0,1,Long-Tenure Higher-Charge
1,0,1,-0.69640720774176,1,1,1,-0.331678085442506,0,0,0,0,Short-Tenure Lower-Charge
1,0,1,0.865310052807093,0,0,1,-0.668629630008542,0,0,1,2,Long-Tenure Lower-Charge
1,0,0,0.0022557772406214,1,1,0,0.00527345912353,0,0,0,3,Short-Tenure Higher-Charge
0,0,0,-0.449820271865625,0,1,1,-0.500153857725524,0,0,1,0,Short-Tenure Lower-Charge
1,0,0,0.0844514225326663,1,0,0,0.780262011625413,0,0,1,3,Short-Tenure Higher-Charge
0,0,0,-1.18958107949403,1,0,0,-1.51100849142363,1,0,0,0,Short-Tenure Lower-Charge
1,0,0,0.125549245178689,1,0,1,-1.51100849142363,0,1,0,2,Long-Tenure Lower-Charge
1,0,1,-0.326526803927558,1,0,1,-0.399068394355713,0,0,0,0,Short-Tenure Lower-Charge
0,0,0,-1.23067890214005,1,1,1,0.173749231406548,0,0,0,3,Short-Tenure Higher-Charge
1,0,0,-0.449820271865625,1,1,1,1.18460386510466,1,0,0,3,Short-Tenure Higher-Charge
0,0,1,-0.69640720774176,1,0,0,1.18460386510466,0,1,0,3,Short-Tenure Higher-Charge
0,1,0,0.700918762223003,1,0,1,1.38677479184428,0,1,0,1,Long-Tenure Higher-Charge
0,0,0,-0.942994143617895,1,1,1,-1.51100849142363,0,0,0,0,Short-Tenure Lower-Charge
0,0,0,-0.326526803927558,1,1,0,0.274834694776359,1,0,1,3,Short-Tenure Higher-Charge
1,1,0,-0.038842045405401,1,1,1,1.01612809282164,1,1,0,3,Short-Tenure Higher-Charge
0,0,1,1.23519045662129,1,0,0,-1.57839880033684,0,1,0,2,Long-Tenure Lower-Charge
1,0,1,-1.14848325684801,1,0,1,-0.567544166638732,0,0,0,0,Short-Tenure Lower-Charge
1,1,0,0.454331826346868,0,0,0,-1.2077521013142,1,1,0,2,Long-Tenure Lower-Charge
0,1,0,-0.69640720774176,1,1,0,1.01612809282164,1,1,0,3,Short-Tenure Higher-Charge
0,0,0,-0.121037690697446,1,1,1,1.35307963738768,0,0,1,3,Short-Tenure Higher-Charge
0,0,0,0.906407875453115,1,1,0,-0.702324784465146,0,0,1,2,Long-Tenure Lower-Charge
0,1,1,1.15299481132925,1,0,0,-0.0284216953330735,0,1,0,1,Long-Tenure Higher-Charge
1,0,1,-1.3128745474321,1,0,1,-1.54470364588024,1,0,0,0,Short-Tenure Lower-Charge
0,0,0,0.865310052807093,1,0,1,0.948737783908432,0,1,0,1,Long-Tenure Higher-Charge
1,0,0,-0.942994143617895,1,0,0,0.140054076949945,1,1,0,3,Short-Tenure Higher-Charge
1,0,1,0.289940535762779,1,1,1,-0.36537323989911,1,1,0,2,Long-Tenure Lower-Charge
0,0,1,0.742016584869025,1,1,1,0.443310467059377,0,1,0,1,Long-Tenure Higher-Charge
1,0,0,1.27628827926732,1,0,0,1.11721355619145,0,0,0,1,Long-Tenure Higher-Charge
1,0,0,1.6050708604355,1,1,1,-1.34253271914062,0,1,0,2,Long-Tenure Lower-Charge
0,0,1,0.82421223016107,1,1,1,-1.54470364588024,0,1,0,2,Long-Tenure Lower-Charge
1,0,0,-1.23067890214005,0,0,1,-1.37622787359722,1,1,0,0,Short-Tenure Lower-Charge
1,1,0,-1.3128745474321,1,0,0,0.140054076949945,0,0,0,3,Short-Tenure Higher-Charge
1,0,1,-0.819700675679827,1,1,1,0.611786239342395,1,1,0,3,Short-Tenure Higher-Charge
0,0,0,0.248842713116756,0,0,0,-0.500153857725524,1,0,0,2,Long-Tenure Lower-Charge
0,0,0,-0.984091966263917,1,0,1,0.409615312602774,1,0,0,3,Short-Tenure Higher-Charge
1,0,0,-0.449820271865625,1,1,0,-1.37622787359722,0,0,1,0,Short-Tenure Lower-Charge
1,1,0,0.865310052807093,1,0,0,1.11721355619145,0,0,0,1,Long-Tenure Higher-Charge
1,0,0,-0.162135513343468,0,0,1,-1.00558117457458,0,0,0,0,Short-Tenure Lower-Charge
1,0,0,1.6050708604355,1,1,0,1.75742149086692,1,0,1,1,Long-Tenure Higher-Charge
1,0,0,1.6050708604355,1,0,1,0.477005621515981,0,0,0,1,Long-Tenure Higher-Charge
1,0,0,0.577625294284936,1,0,0,1.48786025521409,1,0,0,1,Long-Tenure Higher-Charge
0,0,1,-0.203233335989491,1,1,1,-0.533849012182128,0,0,0,0,Short-Tenure Lower-Charge
1,0,0,-1.23067890214005,0,1,1,-1.2077521013142,0,0,0,0,Short-Tenure Lower-Charge
1,1,1,0.700918762223003,1,0,1,0.308529849232963,0,0,0,1,Long-Tenure Higher-Charge
1,0,0,-1.27177672478607,1,1,0,0.982432938365035,1,0,1,3,Short-Tenure Higher-Charge
1,0,0,-1.27177672478607,1,0,1,0.173749231406548,0,0,0,3,Short-Tenure Higher-Charge
0,0,0,1.52287521514345,1,0,0,1.48786025521409,1,0,0,1,Long-Tenure Higher-Charge
1,0,0,0.742016584869025,1,0,1,0.712871702712206,0,0,0,1,Long-Tenure Higher-Charge
1,1,0,1.31738610191334,1,0,0,1.28568932847447,0,0,0,1,Long-Tenure Higher-Charge
1,0,0,-1.3128745474321,1,0,0,0.847652320538621,1,1,0,3,Short-Tenure Higher-Charge
0,0,1,-0.819700675679827,0,1,1,-1.2077521013142,0,0,0,0,Short-Tenure Lower-Charge
0,0,0,-0.942994143617895,1,1,1,1.08351840173485,1,0,0,3,Short-Tenure Higher-Charge
0,0,0,-1.06628761155596,1,0,0,0.173749231406548,1,1,0,3,Short-Tenure Higher-Charge
1,0,0,-1.23067890214005,1,1,1,-1.57839880033684,0,1,0,0,Short-Tenure Lower-Charge
1,0,0,0.536527471638913,0,1,1,-1.07297148348779,0,0,0,2,Long-Tenure Lower-Charge
1,0,0,0.947505698099138,1,1,0,0.342225003689566,0,1,0,1,Long-Tenure Higher-Charge
0,0,1,1.15299481132925,1,0,0,1.65633602749711,0,0,0,1,Long-Tenure Higher-Charge
1,0,1,0.783114407515048,1,0,0,0.915042629451828,0,0,1,1,Long-Tenure Higher-Charge
0,0,0,0.331038358408801,1,1,0,0.140054076949945,1,0,0,1,Long-Tenure Higher-Charge
0,0,0,1.44067956985141,1,0,0,-1.34253271914062,0,0,0,2,Long-Tenure Lower-Charge
0,0,1,0.331038358408801,1,0,1,0.409615312602774,0,0,0,1,Long-Tenure Higher-Charge
1,0,1,0.700918762223003,1,0,1,0.140054076949945,0,0,0,1,Long-Tenure Higher-Charge
0,0,0,1.56397303778947,1,1,1,1.65633602749711,0,0,0,1,Long-Tenure Higher-Charge
1,0,0,-0.449820271865625,1,1,1,0.578091084885792,0,1,0,3,Short-Tenure Higher-Charge
1,0,1,1.07079916603721,1,0,0,-1.54470364588024,0,0,1,2,Long-Tenure Lower-Charge
1,0,1,-1.10738543420198,1,1,0,0.140054076949945,0,0,0,3,Short-Tenure Higher-Charge
0,0,1,0.0022557772406214,1,1,0,-1.40992302805382,1,1,0,2,Long-Tenure Lower-Charge
0,0,1,-0.655309385095738,1,0,0,-1.40992302805382,1,0,0,0,Short-Tenure Lower-Charge
1,0,1,0.659820939576981,1,0,0,-0.196897467616092,0,1,0,2,Long-Tenure Lower-Charge
1,1,0,-0.655309385095738,1,0,0,1.15090871064805,1,0,0,3,Short-Tenure Higher-Charge
1,0,1,-0.737505030387783,1,1,1,-0.0284216953330735,0,0,0,3,Short-Tenure Higher-Charge
1,0,1,-1.02518978890994,1,1,1,-1.54470364588024,0,0,0,0,Short-Tenure Lower-Charge
1,0,0,-0.449820271865625,1,0,1,-0.0284216953330735,0,0,0,3,Short-Tenure Higher-Charge
1,0,1,0.742016584869025,1,0,1,-1.37622787359722,0,0,0,2,Long-Tenure Lower-Charge
0,0,0,0.413234003700846,1,0,1,0.881347474995224,0,0,0,1,Long-Tenure Higher-Charge
1,0,0,-1.23067890214005,0,0,0,-1.37622787359722,0,0,0,0,Short-Tenure Lower-Charge
0,1,1,0.618723116930958,1,1,1,1.28568932847447,0,1,0,1,Long-Tenure Higher-Charge
0,0,1,0.0433535998866439,1,1,0,-0.163202313159488,0,0,1,3,Short-Tenure Higher-Charge
1,1,1,0.331038358408801,1,0,0,1.5552505641273,1,1,0,1,Long-Tenure Higher-Charge
0,0,1,1.39958174720538,1,1,1,1.5552505641273,0,1,0,1,Long-Tenure Higher-Charge
0,0,1,-0.573113739803693,1,0,0,0.342225003689566,0,0,1,3,Short-Tenure Higher-Charge
0,0,1,1.23519045662129,1,0,0,1.15090871064805,0,0,0,1,Long-Tenure Higher-Charge
0,0,0,-0.614211562449715,1,1,1,0.645481393798999,1,0,0,3,Short-Tenure Higher-Charge
0,0,0,-1.3128745474321,1,0,0,-1.51100849142363,0,0,0,0,Short-Tenure Lower-Charge
0,0,0,-0.901896320971872,1,1,1,0.948737783908432,1,0,1,3,Short-Tenure Higher-Charge
1,0,0,-0.121037690697446,1,0,0,0.813957166082017,0,0,0,3,Short-Tenure Higher-Charge
1,0,0,-0.408722449219603,1,1,1,0.308529849232963,1,0,0,3,Short-Tenure Higher-Charge
0,0,0,0.783114407515048,1,1,0,1.31938448293107,1,0,1,1,Long-Tenure Higher-Charge
1,0,1,-0.819700675679827,1,1,0,-1.54470364588024,0,1,0,0,Short-Tenure Lower-Charge
1,0,1,0.865310052807093,1,0,0,-0.0958120042462808,0,0,0,2,Long-Tenure Lower-Charge
1,0,0,-1.3128745474321,1,1,1,-0.601239321095335,0,0,1,0,Short-Tenure Lower-Charge
0,0,1,1.44067956985141,1,0,0,0.611786239342395,0,0,0,1,Long-Tenure Higher-Charge
1,0,0,-1.23067890214005,1,0,0,-0.0621168497896772,0,0,0,3,Short-Tenure Higher-Charge
1,0,1,-1.3128745474321,1,0,1,0.0726637680367373,1,1,0,3,Short-Tenure Higher-Charge
0,0,0,0.0433535998866439,1,0,0,-0.0958120042462808,1,0,0,3,Short-Tenure Higher-Charge
1,0,0,0.659820939576981,1,1,1,0.00527345912353,0,0,0,1,Long-Tenure Higher-Charge
0,0,1,-0.408722449219603,1,0,0,-1.54470364588024,0,0,0,0,Short-Tenure Lower-Charge
0,0,1,0.536527471638913,1,0,0,0.645481393798999,0,1,0,1,Long-Tenure Higher-Charge
1,0,1,0.700918762223003,1,1,1,1.42046994630088,0,0,1,1,Long-Tenure Higher-Charge
1,0,0,-1.3128745474321,0,1,1,-0.702324784465146,1,0,0,0,Short-Tenure Lower-Charge
1,0,0,-0.367624626573581,1,1,1,0.477005621515981,0,0,0,3,Short-Tenure Higher-Charge
1,0,1,1.44067956985141,1,0,0,1.65633602749711,0,0,0,1,Long-Tenure Higher-Charge
0,0,0,-0.0799398680514234,1,1,1,-1.51100849142363,0,0,0,0,Short-Tenure Lower-Charge
0,0,1,1.27628827926732,0,0,0,-0.533849012182128,0,0,0,2,Long-Tenure Lower-Charge
0,0,1,-0.778602853033805,1,0,1,0.712871702712206,1,0,0,3,Short-Tenure Higher-Charge
1,0,0,1.07079916603721,0,1,0,-0.466458703268921,0,0,0,2,Long-Tenure Lower-Charge
1,0,1,1.6050708604355,1,0,0,0.847652320538621,0,1,0,1,Long-Tenure Higher-Charge
0,0,1,-1.18958107949403,1,0,0,1.08351840173485,1,0,0,3,Short-Tenure Higher-Charge
0,0,0,-0.038842045405401,1,0,0,0.611786239342395,1,1,0,3,Short-Tenure Higher-Charge
1,1,0,0.618723116930958,1,0,1,0.847652320538621,0,1,0,1,Long-Tenure Higher-Charge
1,0,0,1.6050708604355,1,1,1,1.48786025521409,0,0,1,1,Long-Tenure Higher-Charge
1,0,1,-1.23067890214005,1,1,1,0.813957166082017,0,0,0,3,Short-Tenure Higher-Charge
0,0,1,1.6050708604355,1,0,0,1.01612809282164,0,1,0,1,Long-Tenure Higher-Charge
1,0,0,-0.614211562449715,1,0,1,0.611786239342395,0,0,1,3,Short-Tenure Higher-Charge
1,1,0,1.6050708604355,0,0,0,-0.0958120042462808,0,0,0,2,Long-Tenure Lower-Charge
0,1,0,-0.038842045405401,1,0,1,0.679176548255603,1,0,1,3,Short-Tenure Higher-Charge
0,1,0,-0.819700675679827,1,0,0,0.544395930429188,1,0,0,3,Short-Tenure Higher-Charge
0,0,1,-1.06628761155596,0,0,0,-1.2077521013142,0,1,0,0,Short-Tenure Lower-Charge
0,0,1,-1.10738543420198,1,1,1,-0.331678085442506,1,0,1,0,Short-Tenure Lower-Charge
0,0,0,-1.18958107949403,1,1,1,-0.36537323989911,0,0,0,0,Short-Tenure Lower-Charge
0,0,1,-0.819700675679827,1,1,1,-1.54470364588024,0,0,0,0,Short-Tenure Lower-Charge
1,0,0,1.27628827926732,1,1,0,1.28568932847447,0,0,1,1,Long-Tenure Higher-Charge
0,0,0,-0.655309385095738,1,1,0,0.140054076949945,0,0,1,3,Short-Tenure Higher-Charge
0,0,1,0.289940535762779,0,1,1,-0.500153857725524,0,1,0,2,Long-Tenure Lower-Charge
0,0,1,-0.901896320971872,0,0,0,-0.500153857725524,0,0,1,0,Short-Tenure Lower-Charge
1,0,0,-1.14848325684801,1,0,1,-1.54470364588024,0,0,0,0,Short-Tenure Lower-Charge
0,0,1,-0.408722449219603,1,0,1,0.679176548255603,0,0,0,3,Short-Tenure Higher-Charge
1,0,0,1.44067956985141,1,1,1,0.37592015814617,0,0,1,1,Long-Tenure Higher-Charge
0,0,0,-1.3128745474321,1,1,0,0.443310467059377,0,0,1,3,Short-Tenure Higher-Charge
1,0,1,1.6050708604355,1,0,1,0.74656685716881,0,0,0,1,Long-Tenure Higher-Charge
0,0,0,0.98860352074516,0,1,1,-0.837105402291561,0,0,0,2,Long-Tenure Lower-Charge
0,1,0,1.11189698868323,1,0,0,1.69003118195371,0,1,0,1,Long-Tenure Higher-Charge
1,1,0,-1.10738543420198,1,0,0,-0.702324784465146,0,0,0,0,Short-Tenure Lower-Charge
1,0,1,0.906407875453115,1,1,1,0.813957166082017,0,1,0,1,Long-Tenure Higher-Charge
0,1,0,1.6050708604355,1,0,0,1.48786025521409,0,0,1,1,Long-Tenure Higher-Charge
1,0,0,1.52287521514345,1,0,0,0.0726637680367373,0,0,0,1,Long-Tenure Higher-Charge
1,0,1,-0.655309385095738,1,1,1,0.780262011625413,1,0,0,3,Short-Tenure Higher-Charge
1,0,0,-0.984091966263917,1,1,1,-0.196897467616092,0,0,0,3,Short-Tenure Higher-Charge
1,0,1,0.742016584869025,1,1,1,-0.196897467616092,0,0,0,2,Long-Tenure Lower-Charge
0,0,1,1.39958174720538,1,1,1,0.140054076949945,0,1,0,1,Long-Tenure Higher-Charge
0,0,0,-1.3128745474321,1,0,0,0.342225003689566,1,0,0,3,Short-Tenure Higher-Charge
0,0,0,-1.23067890214005,0,1,0,-1.37622787359722,1,1,0,0,Short-Tenure Lower-Charge
0,0,0,-1.10738543420198,0,0,1,-0.500153857725524,0,0,0,0,Short-Tenure Lower-Charge
0,0,1,-0.942994143617895,1,0,1,0.00527345912353,0,0,0,3,Short-Tenure Higher-Charge
0,0,0,-0.490918094511648,1,0,0,0.679176548255603,0,1,0,3,Short-Tenure Higher-Charge
0,0,0,-0.819700675679827,1,0,0,0.948737783908432,1,0,1,3,Short-Tenure Higher-Charge
1,0,0,0.742016584869025,1,0,0,0.308529849232963,0,0,0,1,Long-Tenure Higher-Charge
0,0,1,1.56397303778947,1,0,0,-1.54470364588024,0,0,0,2,Long-Tenure Lower-Charge
1,0,0,-1.3128745474321,1,0,0,0.477005621515981,1,0,0,3,Short-Tenure Higher-Charge
1,1,0,1.31738610191334,1,1,0,1.11721355619145,0,1,0,1,Long-Tenure Higher-Charge
1,0,1,1.31738610191334,1,0,0,0.207444385863152,1,1,0,1,Long-Tenure Higher-Charge
0,0,0,1.27628827926732,1,0,0,-1.40992302805382,0,0,0,2,Long-Tenure Lower-Charge
1,0,0,0.207744890470734,1,1,1,0.173749231406548,0,0,0,3,Short-Tenure Higher-Charge
0,0,0,0.947505698099138,1,0,0,1.48786025521409,0,0,0,1,Long-Tenure Higher-Charge
0,0,1,-0.984091966263917,1,0,1,0.106358922493341,0,0,0,3,Short-Tenure Higher-Charge
0,0,0,0.207744890470734,1,0,0,-1.54470364588024,0,1,0,2,Long-Tenure Lower-Charge
1,0,1,0.454331826346868,1,0,1,-0.36537323989911,0,0,0,2,Long-Tenure Lower-Charge
1,0,0,1.56397303778947,1,0,1,0.477005621515981,0,1,0,1,Long-Tenure Higher-Charge
0,0,0,0.98860352074516,1,0,0,1.15090871064805,0,0,0,1,Long-Tenure Higher-Charge
0,0,0,0.413234003700846,0,1,1,-0.567544166638732,1,0,0,2,Long-Tenure Lower-Charge
1,0,0,-1.06628761155596,1,1,0,0.712871702712206,1,0,0,3,Short-Tenure Higher-Charge
0,0,0,-1.27177672478607,1,0,0,0.477005621515981,1,1,0,3,Short-Tenure Higher-Charge
1,0,0,0.700918762223003,1,0,1,-1.37622787359722,0,0,0,2,Long-Tenure Lower-Charge
0,0,0,1.6050708604355,1,0,0,0.578091084885792,0,0,0,1,Long-Tenure Higher-Charge
0,0,1,-0.819700675679827,1,0,1,0.780262011625413,0,0,0,3,Short-Tenure Higher-Charge
1,0,0,-0.573113739803693,1,0,0,0.140054076949945,0,0,0,3,Short-Tenure Higher-Charge
1,0,1,-0.121037690697446,1,0,1,-1.51100849142363,0,0,0,0,Short-Tenure Lower-Charge
0,0,0,1.02970134339118,1,0,0,1.35307963738768,1,0,0,1,Long-Tenure Higher-Charge
1,0,1,-1.06628761155596,1,0,1,-1.51100849142363,0,0,0,0,Short-Tenure Lower-Charge
1,0,1,0.906407875453115,1,0,0,-1.54470364588024,0,0,0,2,Long-Tenure Lower-Charge
1,0,1,-0.737505030387783,1,1,0,-1.54470364588024,0,0,0,0,Short-Tenure Lower-Charge
1,0,1,1.44067956985141,1,1,1,0.780262011625413,0,0,0,1,Long-Tenure Higher-Charge
0,0,0,0.865310052807093,1,0,0,1.15090871064805,1,0,0,1,Long-Tenure Higher-Charge
0,0,0,-0.326526803927558,0,1,0,-0.601239321095335,0,0,0,0,Short-Tenure Lower-Charge
0,0,0,-1.3128745474321,1,0,0,0.611786239342395,1,0,0,3,Short-Tenure Higher-Charge
1,0,0,1.6050708604355,1,0,0,-1.51100849142363,0,0,0,2,Long-Tenure Lower-Charge
1,0,0,1.23519045662129,1,0,0,0.207444385863152,0,0,0,1,Long-Tenure Higher-Charge
1,0,1,0.372136181054823,1,1,1,-1.54470364588024,0,1,0,2,Long-Tenure Lower-Charge
1,1,0,0.166647067824711,0,0,0,-0.971886020117975,0,1,0,2,Long-Tenure Lower-Charge
0,0,0,-1.18958107949403,1,1,1,-1.54470364588024,1,0,0,0,Short-Tenure Lower-Charge
1,0,0,-0.819700675679827,1,1,1,-1.57839880033684,0,1,0,0,Short-Tenure Lower-Charge
0,0,0,-1.23067890214005,1,1,1,-1.51100849142363,0,0,0,0,Short-Tenure Lower-Charge
0,0,0,-1.3128745474321,1,0,1,-0.500153857725524,1,0,1,0,Short-Tenure Lower-Charge
0,0,0,1.44067956985141,1,1,1,0.813957166082017,0,0,0,1,Long-Tenure Higher-Charge
1,0,0,-0.942994143617895,1,0,0,-0.196897467616092,0,1,0,3,Short-Tenure Higher-Charge
1,0,1,1.19409263397527,1,0,0,0.510700775972585,0,0,1,1,Long-Tenure Higher-Charge
1,0,0,0.659820939576981,1,1,1,-1.54470364588024,0,0,0,2,Long-Tenure Lower-Charge
1,0,1,0.536527471638913,1,0,1,-1.54470364588024,0,1,0,2,Long-Tenure Lower-Charge
1,0,0,0.783114407515048,0,0,0,-0.0621168497896772,0,0,0,2,Long-Tenure Lower-Charge
0,0,1,-0.285428981281536,1,1,0,0.544395930429188,0,0,0,3,Short-Tenure Higher-Charge
0,0,1,-1.02518978890994,1,0,0,-1.54470364588024,0,0,1,0,Short-Tenure Lower-Charge
0,0,0,-1.27177672478607,1,0,0,0.342225003689566,1,0,0,3,Short-Tenure Higher-Charge
0,0,1,1.48177739249743,1,0,0,-1.54470364588024,0,0,0,2,Long-Tenure Lower-Charge
0,0,0,-1.18958107949403,0,1,0,-1.2414472557708,0,0,1,0,Short-Tenure Lower-Charge
1,0,0,-0.901896320971872,1,0,1,0.342225003689566,0,0,0,3,Short-Tenure Higher-Charge
1,1,0,-0.984091966263917,1,1,1,-0.567544166638732,0,0,0,0,Short-Tenure Lower-Charge
0,0,0,-0.162135513343468,1,0,0,0.106358922493341,1,0,1,3,Short-Tenure Higher-Charge
1,1,1,1.11189698868323,1,0,0,0.915042629451828,0,0,0,1,Long-Tenure Higher-Charge
1,1,0,-0.244331158635513,0,0,0,-1.1740569468576,1,1,0,0,Short-Tenure Lower-Charge
1,0,1,0.98860352074516,1,0,0,-1.54470364588024,0,0,0,2,Long-Tenure Lower-Charge
0,0,1,-1.3128745474321,1,1,0,0.274834694776359,1,0,1,3,Short-Tenure Higher-Charge
0,0,0,-1.3128745474321,1,0,0,0.881347474995224,1,0,0,3,Short-Tenure Higher-Charge
1,1,1,1.6050708604355,0,1,1,-0.0284216953330735,0,0,0,1,Long-Tenure Higher-Charge
0,0,1,-0.0799398680514234,1,0,1,0.847652320538621,1,0,0,3,Short-Tenure Higher-Charge
0,0,0,0.783114407515048,1,1,1,-0.230592622072695,0,0,1,2,Long-Tenure Lower-Charge
0,1,0,0.618723116930958,1,1,0,-0.230592622072695,0,0,1,2,Long-Tenure Lower-Charge
0,0,0,-0.449820271865625,1,0,0,0.780262011625413,1,0,0,3,Short-Tenure Higher-Charge
0,0,0,-0.819700675679827,1,0,0,0.308529849232963,1,0,0,3,Short-Tenure Higher-Charge
1,0,0,-1.10738543420198,1,0,0,0.477005621515981,0,0,0,3,Short-Tenure Higher-Charge
0,0,0,-1.06628761155596,1,1,1,-0.399068394355713,0,1,0,0,Short-Tenure Lower-Charge
0,0,1,1.56397303778947,1,1,1,1.45416510075749,0,0,0,1,Long-Tenure Higher-Charge
1,0,1,-1.23067890214005,1,0,0,0.140054076949945,1,0,1,3,Short-Tenure Higher-Charge
1,0,1,0.618723116930958,1,1,1,-0.0621168497896772,0,0,0,2,Long-Tenure Lower-Charge
1,0,1,-0.984091966263917,1,0,0,-0.36537323989911,0,1,0,0,Short-Tenure Lower-Charge
1,1,0,-1.06628761155596,1,1,0,0.274834694776359,1,0,1,3,Short-Tenure Higher-Charge
0,0,1,-0.614211562449715,0,0,0,-1.03927632903118,1,0,0,0,Short-Tenure Lower-Charge
1,1,0,-0.901896320971872,1,0,1,-0.196897467616092,0,1,0,3,Short-Tenure Higher-Charge
0,0,0,-0.984091966263917,1,0,1,0.645481393798999,0,0,0,3,Short-Tenure Higher-Charge
1,1,0,-0.942994143617895,1,1,1,0.443310467059377,1,1,0,3,Short-Tenure Higher-Charge
0,1,0,-0.285428981281536,1,1,0,0.645481393798999,1,0,1,3,Short-Tenure Higher-Charge
1,0,0,-1.06628761155596,1,0,0,-0.73601993892175,0,0,1,0,Short-Tenure Lower-Charge
0,0,0,0.536527471638913,1,0,0,1.28568932847447,0,0,0,1,Long-Tenure Higher-Charge
1,0,1,-0.244331158635513,1,0,0,-1.34253271914062,0,0,1,0,Short-Tenure Lower-Charge
1,0,0,-1.3128745474321,1,0,1,0.140054076949945,1,0,0,3,Short-Tenure Higher-Charge
0,1,0,0.289940535762779,0,0,0,-0.331678085442506,1,0,0,2,Long-Tenure Lower-Charge
1,0,1,0.659820939576981,1,0,0,0.308529849232963,1,0,1,1,Long-Tenure Higher-Charge
1,0,0,1.44067956985141,1,1,0,1.42046994630088,1,0,1,1,Long-Tenure Higher-Charge
0,0,1,-0.614211562449715,1,0,0,-0.264287776529299,0,0,0,0,Short-Tenure Lower-Charge
0,1,0,-0.203233335989491,1,1,1,1.35307963738768,1,1,0,3,Short-Tenure Higher-Charge
0,0,0,1.6050708604355,1,0,0,1.18460386510466,0,1,0,1,Long-Tenure Higher-Charge
0,0,0,1.19409263397527,1,0,1,0.645481393798999,0,1,0,1,Long-Tenure Higher-Charge
0,0,1,0.0433535998866439,1,0,0,-1.37622787359722,0,0,0,2,Long-Tenure Lower-Charge
0,0,0,0.536527471638913,1,0,1,-0.331678085442506,0,0,0,2,Long-Tenure Lower-Charge
1,0,0,-0.0799398680514234,1,0,0,0.544395930429188,0,0,0,3,Short-Tenure Higher-Charge
1,0,0,-0.244331158635513,1,1,1,1.15090871064805,0,0,1,3,Short-Tenure Higher-Charge
1,0,1,-0.121037690697446,1,1,1,-0.399068394355713,0,0,0,0,Short-Tenure Lower-Charge
1,0,1,-0.901896320971872,1,0,1,0.679176548255603,0,0,1,3,Short-Tenure Higher-Charge
0,1,0,0.536527471638913,1,0,0,1.48786025521409,1,1,0,1,Long-Tenure Higher-Charge
0,0,0,0.454331826346868,1,1,1,-0.533849012182128,0,0,0,2,Long-Tenure Lower-Charge
0,0,0,0.372136181054823,1,1,0,0.0726637680367373,0,0,0,1,Long-Tenure Higher-Charge
1,0,0,-0.614211562449715,1,1,1,-0.533849012182128,1,0,0,0,Short-Tenure Lower-Charge
0,0,0,0.700918762223003,1,1,0,-1.57839880033684,0,1,0,2,Long-Tenure Lower-Charge
0,0,1,-1.06628761155596,1,1,1,-0.500153857725524,0,0,0,0,Short-Tenure Lower-Charge
0,0,1,1.35848392455936,1,0,0,0.813957166082017,0,0,0,1,Long-Tenure Higher-Charge
0,0,1,-0.285428981281536,0,0,0,-0.668629630008542,0,0,0,0,Short-Tenure Lower-Charge
1,0,0,-1.3128745474321,1,0,0,0.106358922493341,1,1,0,3,Short-Tenure Higher-Charge
1,0,0,1.39958174720538,1,0,0,0.915042629451828,0,0,0,1,Long-Tenure Higher-Charge
0,0,0,-0.285428981281536,1,1,0,1.15090871064805,0,0,0,3,Short-Tenure Higher-Charge
0,0,0,0.783114407515048,1,0,0,0.982432938365035,0,0,0,1,Long-Tenure Higher-Charge
0,0,1,-0.86079849832585,1,0,0,0.37592015814617,0,0,0,3,Short-Tenure Higher-Charge
1,1,0,-0.942994143617895,1,1,1,0.241139540319755,1,0,0,3,Short-Tenure Higher-Charge
0,0,0,-1.3128745474321,1,0,1,-0.73601993892175,0,0,0,0,Short-Tenure Lower-Charge
0,1,0,0.577625294284936,1,0,0,0.0389686135801337,0,0,1,1,Long-Tenure Higher-Charge
1,0,0,0.98860352074516,1,1,1,0.813957166082017,0,0,0,1,Long-Tenure Higher-Charge
0,0,0,-1.3128745474321,1,0,0,0.173749231406548,1,1,0,3,Short-Tenure Higher-Charge
1,1,0,1.6050708604355,1,1,1,1.6226408730405,0,0,0,1,Long-Tenure Higher-Charge
0,1,0,0.495429648992891,0,0,1,-1.07297148348779,0,1,0,2,Long-Tenure Lower-Charge
0,0,0,0.207744890470734,1,1,1,-1.54470364588024,0,0,0,2,Long-Tenure Lower-Charge
1,0,1,-1.3128745474321,1,0,1,0.813957166082017,0,0,0,3,Short-Tenure Higher-Charge
1,0,1,-0.655309385095738,1,0,0,0.510700775972585,0,0,0,3,Short-Tenure Higher-Charge
0,0,1,1.07079916603721,1,1,0,0.342225003689566,0,1,0,1,Long-Tenure Higher-Charge
1,0,0,-0.737505030387783,1,1,0,1.18460386510466,1,0,0,3,Short-Tenure Higher-Charge
1,0,0,-0.038842045405401,1,1,0,0.241139540319755,0,1,0,3,Short-Tenure Higher-Charge
1,0,0,0.413234003700846,1,1,1,-1.54470364588024,0,0,1,2,Long-Tenure Lower-Charge
1,1,0,1.56397303778947,1,1,1,-1.37622787359722,0,0,0,2,Long-Tenure Lower-Charge
0,0,0,0.865310052807093,1,0,0,1.65633602749711,0,0,0,1,Long-Tenure Higher-Charge
0,0,0,-1.14848325684801,1,1,1,0.510700775972585,1,0,0,3,Short-Tenure Higher-Charge
0,0,1,-0.778602853033805,1,1,1,-1.54470364588024,0,0,0,0,Short-Tenure Lower-Charge
0,0,1,1.19409263397527,1,0,0,1.15090871064805,1,1,0,1,Long-Tenure Higher-Charge
0,1,1,1.6050708604355,1,0,0,0.813957166082017,0,0,0,1,Long-Tenure Higher-Charge
1,0,0,0.372136181054823,1,1,0,1.42046994630088,0,0,1,1,Long-Tenure Higher-Charge
0,1,0,1.6050708604355,1,0,0,-1.34253271914062,0,1,0,2,Long-Tenure Lower-Charge
0,0,1,-0.121037690697446,1,1,0,-1.37622787359722,0,1,0,0,Short-Tenure Lower-Charge
1,0,0,0.289940535762779,1,1,0,1.04982324727824,1,0,1,1,Long-Tenure Higher-Charge
0,0,1,-0.326526803927558,0,1,1,-1.03927632903118,0,0,0,0,Short-Tenure Lower-Charge
1,0,0,1.31738610191334,1,0,0,0.0389686135801337,0,0,1,1,Long-Tenure Higher-Charge
0,0,0,-0.778602853033805,1,0,0,-1.54470364588024,0,0,1,0,Short-Tenure Lower-Charge
0,0,1,0.0844514225326663,1,1,0,-1.54470364588024,0,0,0,2,Long-Tenure Lower-Charge
0,0,0,-0.121037690697446,1,0,0,0.140054076949945,0,1,0,3,Short-Tenure Higher-Charge
0,0,1,-0.121037690697446,1,1,0,0.679176548255603,0,1,0,3,Short-Tenure Higher-Charge
1,0,0,1.27628827926732,1,0,0,1.15090871064805,0,1,0,1,Long-Tenure Higher-Charge
1,0,1,1.56397303778947,1,0,1,0.813957166082017,0,0,0,1,Long-Tenure Higher-Charge
1,0,0,-1.23067890214005,0,0,0,-0.971886020117975,1,0,1,0,Short-Tenure Lower-Charge
1,0,0,-1.02518978890994,1,0,1,0.308529849232963,0,0,0,3,Short-Tenure Higher-Charge
1,0,0,-0.819700675679827,1,1,1,1.11721355619145,1,0,0,3,Short-Tenure Higher-Charge
0,0,0,0.618723116930958,1,0,0,-1.37622787359722,0,0,0,2,Long-Tenure Lower-Charge
1,0,0,-0.285428981281536,1,1,1,0.645481393798999,0,0,0,3,Short-Tenure Higher-Charge
0,0,0,0.125549245178689,1,0,0,0.342225003689566,0,1,0,3,Short-Tenure Higher-Charge
0,0,1,0.700918762223003,1,0,0,0.140054076949945,0,0,0,1,Long-Tenure Higher-Charge
1,0,0,0.659820939576981,1,0,0,-0.36537323989911,0,0,0,2,Long-Tenure Lower-Charge
1,1,0,0.413234003700846,1,0,0,1.18460386510466,0,1,0,1,Long-Tenure Higher-Charge
1,0,1,-1.02518978890994,1,0,0,-1.57839880033684,0,0,0,0,Short-Tenure Lower-Charge
0,0,1,-1.27177672478607,1,1,0,-0.163202313159488,0,1,0,0,Short-Tenure Lower-Charge
1,0,1,0.82421223016107,1,0,1,0.679176548255603,0,0,0,1,Long-Tenure Higher-Charge
0,0,0,1.27628827926732,1,1,1,1.04982324727824,0,0,0,1,Long-Tenure Higher-Charge
1,0,0,-0.655309385095738,1,1,1,-0.331678085442506,0,0,0,0,Short-Tenure Lower-Charge
1,0,0,0.82421223016107,1,1,0,-1.54470364588024,0,1,0,2,Long-Tenure Lower-Charge
1,0,0,-1.3128745474321,1,0,0,-0.500153857725524,0,0,1,0,Short-Tenure Lower-Charge
0,0,1,0.618723116930958,1,1,1,1.15090871064805,0,0,0,1,Long-Tenure Higher-Charge
0,0,1,-1.02518978890994,0,0,1,-0.938190865661371,0,0,0,0,Short-Tenure Lower-Charge
0,0,1,-0.942994143617895,1,1,0,0.847652320538621,0,0,1,3,Short-Tenure Higher-Charge
1,0,0,0.289940535762779,1,0,0,0.510700775972585,0,0,1,1,Long-Tenure Higher-Charge
0,0,1,-0.038842045405401,1,1,1,0.274834694776359,0,0,1,3,Short-Tenure Higher-Charge
1,1,0,0.331038358408801,1,1,1,0.982432938365035,0,0,0,1,Long-Tenure Higher-Charge
0,0,0,-0.326526803927558,1,0,0,1.15090871064805,1,1,0,3,Short-Tenure Higher-Charge
1,0,1,-0.449820271865625,1,1,0,0.780262011625413,0,0,0,3,Short-Tenure Higher-Charge
1,0,0,-0.367624626573581,1,1,0,-1.37622787359722,0,1,0,0,Short-Tenure Lower-Charge
1,0,0,-0.367624626573581,1,0,1,-0.196897467616092,0,0,0,3,Short-Tenure Higher-Charge
0,1,0,1.27628827926732,1,1,1,0.308529849232963,0,0,1,1,Long-Tenure Higher-Charge
1,0,0,-1.23067890214005,1,1,1,1.42046994630088,0,0,0,3,Short-Tenure Higher-Charge
1,1,0,1.23519045662129,1,0,1,1.45416510075749,0,1,0,1,Long-Tenure Higher-Charge
0,0,1,-0.819700675679827,1,0,1,-0.432763548812317,0,0,0,0,Short-Tenure Lower-Charge
1,0,0,-0.53201591715767,0,0,1,-0.36537323989911,0,0,0,0,Short-Tenure Lower-Charge
0,0,1,0.865310052807093,1,1,0,0.679176548255603,0,0,0,1,Long-Tenure Higher-Charge
0,0,1,0.207744890470734,1,0,0,-1.54470364588024,0,0,1,2,Long-Tenure Lower-Charge
1,1,0,-1.3128745474321,1,1,1,0.140054076949945,1,0,0,3,Short-Tenure Higher-Charge
1,0,0,1.39958174720538,0,0,0,-0.73601993892175,0,1,0,2,Long-Tenure Lower-Charge
1,0,1,0.82421223016107,1,0,0,-0.0621168497896772,0,0,1,2,Long-Tenure Lower-Charge
0,0,1,-0.162135513343468,1,0,0,-1.34253271914062,0,0,0,0,Short-Tenure Lower-Charge
0,0,0,-0.778602853033805,1,0,0,-0.331678085442506,0,0,0,0,Short-Tenure Lower-Charge
0,0,0,0.618723116930958,1,1,1,-0.196897467616092,1,0,0,2,Long-Tenure Lower-Charge
0,0,0,0.618723116930958,1,0,0,0.140054076949945,0,0,0,1,Long-Tenure Higher-Charge
1,0,1,-1.3128745474321,1,0,0,-0.196897467616092,0,0,1,0,Short-Tenure Lower-Charge
1,0,1,0.454331826346868,1,0,0,-1.37622787359722,0,0,0,2,Long-Tenure Lower-Charge
1,0,1,0.495429648992891,1,1,1,1.01612809282164,0,0,0,1,Long-Tenure Higher-Charge
0,0,0,0.947505698099138,1,0,1,0.274834694776359,1,0,0,1,Long-Tenure Higher-Charge
1,0,0,-0.778602853033805,0,1,0,-1.1740569468576,0,0,1,0,Short-Tenure Lower-Charge
1,0,0,-1.27177672478607,1,1,0,0.173749231406548,0,0,0,3,Short-Tenure Higher-Charge
1,1,0,0.125549245178689,1,0,1,-0.399068394355713,0,0,0,2,Long-Tenure Lower-Charge
0,0,0,-1.14848325684801,0,1,0,-0.870800556748164,1,1,0,0,Short-Tenure Lower-Charge
0,0,1,1.48177739249743,1,1,0,-0.163202313159488,0,0,0,2,Long-Tenure Lower-Charge
1,0,1,1.19409263397527,1,0,0,1.42046994630088,0,0,0,1,Long-Tenure Higher-Charge
0,0,0,-1.3128745474321,1,1,1,-1.54470364588024,0,0,1,0,Short-Tenure Lower-Charge
0,0,0,0.0433535998866439,1,1,1,-0.0284216953330735,0,0,0,3,Short-Tenure Higher-Charge
1,0,0,-0.69640720774176,1,1,0,0.510700775972585,0,0,0,3,Short-Tenure Higher-Charge
0,0,1,-0.778602853033805,1,0,0,-1.57839880033684,0,0,1,0,Short-Tenure Lower-Charge
1,0,1,0.659820939576981,1,0,1,1.08351840173485,0,0,0,1,Long-Tenure Higher-Charge
1,0,0,-1.27177672478607,1,0,1,0.477005621515981,1,0,0,3,Short-Tenure Higher-Charge
1,0,1,-0.285428981281536,1,0,0,-1.57839880033684,0,0,0,0,Short-Tenure Lower-Charge
1,0,0,-0.449820271865625,1,1,0,1.01612809282164,0,1,0,3,Short-Tenure Higher-Charge
1,0,1,0.0022557772406214,1,1,1,0.274834694776359,1,0,0,3,Short-Tenure Higher-Charge
1,0,1,-1.18958107949403,1,0,0,-1.54470364588024,0,1,0,0,Short-Tenure Lower-Charge
1,0,0,-0.573113739803693,1,0,0,-1.54470364588024,0,0,1,0,Short-Tenure Lower-Charge
1,0,1,0.98860352074516,1,1,0,0.813957166082017,0,0,0,1,Long-Tenure Higher-Charge
1,0,0,0.742016584869025,1,1,0,0.679176548255603,0,0,1,1,Long-Tenure Higher-Charge
1,0,0,-1.3128745474321,1,0,0,-0.73601993892175,1,0,1,0,Short-Tenure Lower-Charge
1,0,0,-1.23067890214005,1,0,0,0.813957166082017,0,1,0,3,Short-Tenure Higher-Charge
0,0,0,-0.737505030387783,0,1,1,-0.668629630008542,0,0,0,0,Short-Tenure Lower-Charge
1,0,0,0.783114407515048,1,1,1,0.477005621515981,0,0,0,1,Long-Tenure Higher-Charge
1,0,0,0.947505698099138,1,1,1,1.15090871064805,1,0,0,1,Long-Tenure Higher-Charge
1,0,0,-1.23067890214005,1,1,1,0.37592015814617,1,0,0,3,Short-Tenure Higher-Charge
0,0,0,-0.285428981281536,0,0,1,-1.03927632903118,0,0,0,0,Short-Tenure Lower-Charge
0,0,0,1.44067956985141,1,0,1,1.52155540967069,0,0,1,1,Long-Tenure Higher-Charge
0,0,0,-1.18958107949403,1,0,0,-0.500153857725524,0,0,0,0,Short-Tenure Lower-Charge
1,0,1,1.6050708604355,1,0,0,-1.34253271914062,0,1,0,2,Long-Tenure Lower-Charge
0,0,0,0.289940535762779,1,0,1,1.35307963738768,0,0,0,1,Long-Tenure Higher-Charge
1,1,1,1.35848392455936,1,0,1,1.15090871064805,1,0,0,1,Long-Tenure Higher-Charge
0,1,0,-0.573113739803693,1,0,0,1.31938448293107,0,0,0,3,Short-Tenure Higher-Charge
1,0,0,0.372136181054823,1,0,1,-1.54470364588024,0,0,0,2,Long-Tenure Lower-Charge
1,0,1,0.0433535998866439,1,1,0,1.08351840173485,0,0,0,1,Long-Tenure Higher-Charge
0,0,0,-1.3128745474321,1,1,0,0.510700775972585,1,1,0,3,Short-Tenure Higher-Charge
1,0,1,1.6050708604355,1,1,1,0.780262011625413,0,0,0,1,Long-Tenure Higher-Charge
0,0,0,0.742016584869025,1,1,0,-1.54470364588024,0,0,0,2,Long-Tenure Lower-Charge
0,1,0,0.906407875453115,1,1,1,0.645481393798999,1,0,1,1,Long-Tenure Higher-Charge
0,0,1,1.35848392455936,1,1,1,1.21829901956126,1,0,0,1,Long-Tenure Higher-Charge
0,1,0,-0.121037690697446,1,0,0,0.813957166082017,0,0,0,3,Short-Tenure Higher-Charge
1,1,0,0.0433535998866439,1,1,1,0.813957166082017,0,0,1,3,Short-Tenure Higher-Charge
0,0,0,0.906407875453115,1,1,1,0.409615312602774,1,0,0,1,Long-Tenure Higher-Charge
0,0,0,0.865310052807093,1,0,1,0.982432938365035,0,0,0,1,Long-Tenure Higher-Charge
1,0,0,0.98860352074516,0,0,1,-0.904495711204768,1,0,0,2,Long-Tenure Lower-Charge
1,0,1,-0.901896320971872,1,1,1,0.274834694776359,1,0,0,3,Short-Tenure Higher-Charge
1,0,0,-1.27177672478607,1,0,0,-1.54470364588024,0,0,0,0,Short-Tenure Lower-Charge
1,1,0,-1.18958107949403,1,0,0,0.106358922493341,0,1,0,3,Short-Tenure Higher-Charge
0,0,1,1.6050708604355,1,0,0,0.847652320538621,0,0,0,1,Long-Tenure Higher-Charge
1,0,0,0.618723116930958,1,0,0,-1.54470364588024,0,0,0,2,Long-Tenure Lower-Charge
1,0,0,-0.285428981281536,1,0,0,-1.51100849142363,0,1,0,0,Short-Tenure Lower-Charge
0,0,1,-0.737505030387783,1,1,1,-1.54470364588024,0,0,1,0,Short-Tenure Lower-Charge
0,0,0,-0.737505030387783,1,1,0,0.578091084885792,0,0,1,3,Short-Tenure Higher-Charge
1,0,0,1.27628827926732,1,1,1,1.21829901956126,0,0,0,1,Long-Tenure Higher-Charge
0,0,0,1.56397303778947,1,1,0,1.52155540967069,0,0,1,1,Long-Tenure Higher-Charge
1,0,0,1.23519045662129,1,0,0,0.106358922493341,0,0,1,1,Long-Tenure Higher-Charge
0,0,1,1.27628827926732,1,0,0,1.28568932847447,0,1,0,1,Long-Tenure Higher-Charge
1,0,0,0.495429648992891,1,1,1,0.342225003689566,0,0,0,1,Long-Tenure Higher-Charge
0,0,0,-1.18958107949403,1,1,1,-1.54470364588024,0,0,0,0,Short-Tenure Lower-Charge
0,0,0,-0.0799398680514234,1,1,1,0.813957166082017,1,0,0,3,Short-Tenure Higher-Charge
1,0,0,1.44067956985141,1,1,0,1.48786025521409,1,0,1,1,Long-Tenure Higher-Charge
1,0,0,-0.326526803927558,1,0,0,0.544395930429188,0,0,0,3,Short-Tenure Higher-Charge
1,0,1,1.6050708604355,1,0,0,-1.37622787359722,0,0,1,2,Long-Tenure Lower-Charge
0,0,0,0.125549245178689,1,1,0,-0.331678085442506,0,0,1,2,Long-Tenure Lower-Charge
1,0,0,-1.3128745474321,1,0,0,-0.73601993892175,0,1,0,0,Short-Tenure Lower-Charge
1,0,1,-1.35397237007812,1,0,0,-1.37622787359722,0,0,1,0,Short-Tenure Lower-Charge
0,0,0,-0.326526803927558,1,1,1,-1.54470364588024,0,0,0,0,Short-Tenure Lower-Charge
0,0,0,-1.02518978890994,1,1,1,-1.57839880033684,0,0,0,0,Short-Tenure Lower-Charge
0,0,1,0.166647067824711,1,1,1,0.308529849232963,0,1,0,3,Short-Tenure Higher-Charge
1,1,0,-1.18958107949403,1,1,0,0.982432938365035,0,1,0,3,Short-Tenure Higher-Charge
0,0,1,-0.203233335989491,1,1,0,0.578091084885792,0,0,0,3,Short-Tenure Higher-Charge
0,0,0,0.166647067824711,0,0,0,-0.702324784465146,0,1,0,2,Long-Tenure Lower-Charge
1,0,1,-1.3128745474321,1,1,0,-0.567544166638732,0,1,0,0,Short-Tenure Lower-Charge
0,0,1,-0.326526803927558,1,0,1,-1.54470364588024,0,1,0,0,Short-Tenure Lower-Charge
1,0,0,-0.285428981281536,1,1,1,1.08351840173485,1,0,0,3,Short-Tenure Higher-Charge
0,1,0,-0.984091966263917,1,0,0,0.510700775972585,1,0,0,3,Short-Tenure Higher-Charge
0,0,1,-0.490918094511648,1,1,0,1.25199417401786,1,0,1,3,Short-Tenure Higher-Charge
1,1,0,-0.573113739803693,1,1,1,0.477005621515981,1,0,0,3,Short-Tenure Higher-Charge
1,0,0,-0.614211562449715,0,1,1,-1.07297148348779,0,0,0,0,Short-Tenure Lower-Charge
1,0,0,-0.038842045405401,1,0,1,1.42046994630088,1,0,0,3,Short-Tenure Higher-Charge
1,1,0,-0.408722449219603,0,1,0,-1.03927632903118,0,1,0,0,Short-Tenure Lower-Charge
0,0,1,0.906407875453115,1,0,1,0.308529849232963,0,0,0,1,Long-Tenure Higher-Charge
1,0,0,0.413234003700846,1,0,0,-1.34253271914062,0,0,0,2,Long-Tenure Lower-Charge
1,1,0,-1.27177672478607,1,0,0,-0.702324784465146,1,0,0,0,Short-Tenure Lower-Charge
0,0,0,-1.14848325684801,1,0,0,0.578091084885792,0,0,0,3,Short-Tenure Higher-Charge
1,0,1,-0.778602853033805,1,1,1,-0.163202313159488,0,0,1,3,Short-Tenure Higher-Charge
1,0,0,-1.18958107949403,1,0,0,-0.163202313159488,0,0,1,3,Short-Tenure Higher-Charge
1,0,0,-1.18958107949403,1,0,0,-0.702324784465146,0,0,1,0,Short-Tenure Lower-Charge
0,0,0,-0.86079849832585,1,0,0,-1.54470364588024,0,0,0,0,Short-Tenure Lower-Charge
0,0,0,1.44067956985141,1,1,1,0.679176548255603,0,0,0,1,Long-Tenure Higher-Charge
1,0,0,-0.942994143617895,1,1,1,0.679176548255603,1,0,0,3,Short-Tenure Higher-Charge
0,0,0,0.82421223016107,1,0,0,0.982432938365035,1,0,0,1,Long-Tenure Higher-Charge
1,0,0,-0.244331158635513,1,0,0,-1.57839880033684,0,0,0,0,Short-Tenure Lower-Charge
0,1,1,0.0433535998866439,1,0,0,0.477005621515981,1,1,0,3,Short-Tenure Higher-Charge
0,1,0,-0.901896320971872,1,1,1,0.645481393798999,1,1,0,3,Short-Tenure Higher-Charge
0,0,0,1.27628827926732,1,0,0,-1.34253271914062,0,0,0,2,Long-Tenure Lower-Charge
0,0,0,-0.819700675679827,1,0,1,0.544395930429188,0,0,1,3,Short-Tenure Higher-Charge
1,0,1,-1.23067890214005,1,1,0,-1.54470364588024,0,0,1,0,Short-Tenure Lower-Charge
1,0,0,-0.367624626573581,1,1,1,0.813957166082017,0,0,0,3,Short-Tenure Higher-Charge
0,0,0,1.48177739249743,1,1,1,-0.163202313159488,0,0,0,2,Long-Tenure Lower-Charge
0,0,1,-0.53201591715767,1,1,0,1.01612809282164,0,0,0,3,Short-Tenure Higher-Charge
0,0,0,0.618723116930958,0,1,0,-0.702324784465146,0,0,1,2,Long-Tenure Lower-Charge
1,0,0,-0.819700675679827,0,0,0,-0.399068394355713,1,0,1,0,Short-Tenure Lower-Charge
1,1,0,-1.14848325684801,1,0,1,0.679176548255603,0,0,0,3,Short-Tenure Higher-Charge
0,0,1,-1.14848325684801,1,1,1,0.140054076949945,0,1,0,3,Short-Tenure Higher-Charge
1,1,0,-1.3128745474321,1,0,0,0.274834694776359,0,1,0,3,Short-Tenure Higher-Charge
1,0,1,-0.121037690697446,1,1,1,0.948737783908432,1,0,0,3,Short-Tenure Higher-Charge
1,0,0,-0.819700675679827,1,0,1,1.18460386510466,0,0,0,3,Short-Tenure Higher-Charge
0,0,0,1.15299481132925,1,0,0,0.948737783908432,0,0,1,1,Long-Tenure Higher-Charge
0,0,0,-1.18958107949403,1,0,0,-1.54470364588024,0,0,0,0,Short-Tenure Lower-Charge
0,0,1,-0.942994143617895,1,1,1,-0.36537323989911,1,1,0,0,Short-Tenure Lower-Charge
0,0,0,0.289940535762779,1,1,1,-0.0621168497896772,0,0,0,3,Short-Tenure Higher-Charge
1,0,0,0.413234003700846,1,0,0,0.00527345912353,0,1,0,1,Long-Tenure Higher-Charge
0,0,0,-1.3128745474321,0,1,1,-1.2077521013142,0,0,1,0,Short-Tenure Lower-Charge
0,1,0,-1.3128745474321,1,1,0,0.140054076949945,1,1,0,3,Short-Tenure Higher-Charge
0,0,0,-0.573113739803693,1,1,0,-1.54470364588024,0,0,1,0,Short-Tenure Lower-Charge
0,0,0,-0.984091966263917,1,0,0,0.308529849232963,0,0,0,3,Short-Tenure Higher-Charge
1,0,0,-0.984091966263917,1,1,1,0.510700775972585,0,0,0,3,Short-Tenure Higher-Charge
1,0,1,-0.614211562449715,1,1,1,-1.54470364588024,0,0,0,0,Short-Tenure Lower-Charge
0,0,0,1.39958174720538,1,1,1,1.35307963738768,0,0,0,1,Long-Tenure Higher-Charge
0,0,0,-0.819700675679827,1,1,1,-0.73601993892175,0,1,0,0,Short-Tenure Lower-Charge
1,0,0,-1.14848325684801,1,0,1,0.140054076949945,1,0,0,3,Short-Tenure Higher-Charge
1,1,0,0.0022557772406214,1,0,1,1.48786025521409,0,0,0,3,Short-Tenure Higher-Charge
0,0,0,1.19409263397527,1,0,0,-0.0284216953330735,0,1,0,1,Long-Tenure Higher-Charge
1,0,0,1.6050708604355,1,1,1,1.18460386510466,0,1,0,1,Long-Tenure Higher-Charge
1,0,0,-1.02518978890994,1,1,0,0.611786239342395,1,1,0,3,Short-Tenure Higher-Charge
0,1,0,-1.3128745474321,1,0,0,-0.668629630008542,1,0,0,0,Short-Tenure Lower-Charge
0,0,0,0.454331826346868,1,0,0,0.982432938365035,0,0,0,1,Long-Tenure Higher-Charge
1,0,0,-0.655309385095738,1,1,1,1.04982324727824,0,0,1,3,Short-Tenure Higher-Charge
0,0,1,-0.121037690697446,1,1,0,1.15090871064805,1,0,1,3,Short-Tenure Higher-Charge
1,0,1,1.48177739249743,1,0,0,-1.34253271914062,0,1,0,2,Long-Tenure Lower-Charge
0,0,0,-0.408722449219603,1,1,1,-0.533849012182128,0,0,1,0,Short-Tenure Lower-Charge
0,0,0,-1.27177672478607,1,1,0,0.679176548255603,1,1,0,3,Short-Tenure Higher-Charge
0,1,0,-1.23067890214005,1,1,1,-0.702324784465146,1,0,0,0,Short-Tenure Lower-Charge
0,0,0,-0.121037690697446,1,0,0,0.308529849232963,0,1,0,3,Short-Tenure Higher-Charge
1,0,0,-1.3128745474321,1,1,1,-0.73601993892175,0,0,1,0,Short-Tenure Lower-Charge
0,1,0,-1.02518978890994,1,0,0,1.15090871064805,0,0,0,3,Short-Tenure Higher-Charge
1,1,0,1.07079916603721,1,0,1,0.578091084885792,0,0,0,1,Long-Tenure Higher-Charge
0,1,0,-1.06628761155596,1,0,0,-0.500153857725524,0,0,0,0,Short-Tenure Lower-Charge
0,0,1,0.166647067824711,1,0,0,0.982432938365035,0,0,0,1,Long-Tenure Higher-Charge
1,0,1,0.659820939576981,1,0,1,1.45416510075749,0,0,0,1,Long-Tenure Higher-Charge
0,0,0,-0.285428981281536,1,0,1,0.544395930429188,0,0,0,3,Short-Tenure Higher-Charge
0,0,0,-1.3128745474321,1,1,1,0.477005621515981,1,0,1,3,Short-Tenure Higher-Charge
0,0,0,1.19409263397527,1,0,0,1.6226408730405,0,0,1,1,Long-Tenure Higher-Charge
1,0,0,0.125549245178689,1,0,0,0.982432938365035,0,0,0,3,Short-Tenure Higher-Charge
1,0,1,-0.038842045405401,1,1,1,-1.54470364588024,0,0,1,0,Short-Tenure Lower-Charge
0,0,1,-0.121037690697446,1,0,0,-1.57839880033684,0,1,0,0,Short-Tenure Lower-Charge
1,0,0,-0.490918094511648,1,0,1,1.35307963738768,1,1,0,3,Short-Tenure Higher-Charge
1,0,0,1.35848392455936,1,0,1,1.35307963738768,1,0,0,1,Long-Tenure Higher-Charge
1,0,0,-0.038842045405401,1,0,1,0.477005621515981,1,0,0,3,Short-Tenure Higher-Charge
0,1,0,-1.23067890214005,1,0,1,0.477005621515981,1,0,0,3,Short-Tenure Higher-Charge
0,0,1,1.48177739249743,1,1,1,-1.54470364588024,0,0,0,2,Long-Tenure Lower-Charge
1,0,0,-0.942994143617895,1,1,1,1.48786025521409,1,0,1,3,Short-Tenure Higher-Charge
0,1,0,-1.3128745474321,1,1,0,0.106358922493341,1,0,0,3,Short-Tenure Higher-Charge
1,0,0,1.48177739249743,1,1,1,0.847652320538621,0,0,0,1,Long-Tenure Higher-Charge
0,1,0,-1.18958107949403,1,0,1,0.948737783908432,1,0,0,3,Short-Tenure Higher-Charge
1,0,1,1.35848392455936,1,1,1,-0.0958120042462808,0,1,0,2,Long-Tenure Lower-Charge
0,0,0,0.0844514225326663,0,1,0,-1.40992302805382,0,1,0,2,Long-Tenure Lower-Charge
1,0,0,-0.449820271865625,1,0,0,1.31938448293107,0,0,0,3,Short-Tenure Higher-Charge
0,0,1,0.906407875453115,1,0,0,-1.57839880033684,0,0,0,2,Long-Tenure Lower-Charge
1,0,0,-0.984091966263917,1,0,1,0.510700775972585,1,0,0,3,Short-Tenure Higher-Charge
0,0,0,0.906407875453115,1,0,0,0.813957166082017,0,1,0,1,Long-Tenure Higher-Charge
0,0,0,0.125549245178689,1,1,1,1.35307963738768,0,1,0,1,Long-Tenure Higher-Charge
1,1,0,-0.244331158635513,1,0,0,0.510700775972585,1,0,0,3,Short-Tenure Higher-Charge
0,0,1,1.39958174720538,1,1,1,1.38677479184428,0,0,0,1,Long-Tenure Higher-Charge
0,1,0,0.865310052807093,1,0,0,1.21829901956126,1,0,0,1,Long-Tenure Higher-Charge
1,0,0,1.19409263397527,0,0,0,-0.904495711204768,0,1,0,2,Long-Tenure Lower-Charge
1,0,1,0.947505698099138,0,0,0,-0.466458703268921,0,0,1,2,Long-Tenure Lower-Charge
0,0,0,0.0433535998866439,1,0,0,1.48786025521409,1,0,0,1,Long-Tenure Higher-Charge
0,0,1,0.0022557772406214,1,0,0,0.679176548255603,1,0,0,3,Short-Tenure Higher-Charge
0,0,0,-1.14848325684801,1,0,0,0.948737783908432,1,0,0,3,Short-Tenure Higher-Charge
0,0,0,-0.69640720774176,1,0,1,-1.54470364588024,0,0,0,0,Short-Tenure Lower-Charge
1,0,0,0.0433535998866439,1,0,0,0.780262011625413,0,0,0,3,Short-Tenure Higher-Charge
0,1,0,1.02970134339118,1,0,0,1.35307963738768,1,0,0,1,Long-Tenure Higher-Charge
0,1,0,1.35848392455936,1,0,0,0.173749231406548,0,0,0,1,Long-Tenure Higher-Charge
1,0,0,0.166647067824711,1,0,0,-1.54470364588024,0,0,0,2,Long-Tenure Lower-Charge
0,0,1,-1.10738543420198,1,0,0,-0.668629630008542,0,1,0,0,Short-Tenure Lower-Charge
1,0,0,1.31738610191334,1,0,0,0.274834694776359,0,0,0,1,Long-Tenure Higher-Charge
1,0,0,0.742016584869025,1,0,0,-1.54470364588024,0,0,0,2,Long-Tenure Lower-Charge
1,0,0,-1.27177672478607,1,0,0,-0.702324784465146,1,0,0,0,Short-Tenure Lower-Charge
1,0,0,-0.614211562449715,1,0,1,0.0726637680367373,0,1,0,3,Short-Tenure Higher-Charge
0,0,0,0.742016584869025,1,1,0,-0.196897467616092,0,0,0,2,Long-Tenure Lower-Charge
1,0,0,-0.737505030387783,1,1,0,1.15090871064805,0,0,1,3,Short-Tenure Higher-Charge
1,0,1,1.6050708604355,1,1,1,1.35307963738768,0,0,1,1,Long-Tenure Higher-Charge
1,0,1,-0.86079849832585,1,0,1,-1.57839880033684,0,0,0,0,Short-Tenure Lower-Charge
1,0,0,1.11189698868323,0,1,1,-0.870800556748164,0,0,0,2,Long-Tenure Lower-Charge
0,0,0,-0.038842045405401,1,0,0,-1.57839880033684,0,0,0,0,Short-Tenure Lower-Charge
1,0,0,-1.10738543420198,1,1,1,0.477005621515981,1,0,0,3,Short-Tenure Higher-Charge
1,0,1,0.248842713116756,1,1,1,1.15090871064805,0,0,1,1,Long-Tenure Higher-Charge
1,0,0,-1.27177672478607,1,1,1,0.308529849232963,0,0,0,3,Short-Tenure Higher-Charge
1,0,0,1.56397303778947,1,0,0,0.443310467059377,0,1,0,1,Long-Tenure Higher-Charge
0,0,0,-1.3128745474321,1,0,0,-0.196897467616092,1,0,0,3,Short-Tenure Higher-Charge
1,0,0,-1.27177672478607,1,0,0,0.477005621515981,1,0,0,3,Short-Tenure Higher-Charge
0,0,1,1.6050708604355,1,1,1,1.48786025521409,0,0,0,1,Long-Tenure Higher-Charge
0,0,0,0.331038358408801,1,0,0,0.106358922493341,0,0,1,3,Short-Tenure Higher-Charge
1,1,0,-1.06628761155596,1,1,1,0.308529849232963,0,0,1,3,Short-Tenure Higher-Charge
1,1,0,0.0844514225326663,1,1,1,0.982432938365035,0,1,0,3,Short-Tenure Higher-Charge
1,0,0,-0.0799398680514234,1,1,1,0.477005621515981,0,0,1,3,Short-Tenure Higher-Charge
1,0,1,0.495429648992891,1,0,0,-1.40992302805382,0,1,0,2,Long-Tenure Lower-Charge
1,0,0,-0.737505030387783,1,0,0,0.915042629451828,1,0,1,3,Short-Tenure Higher-Charge
1,0,1,-0.244331158635513,1,0,1,-1.54470364588024,0,0,0,0,Short-Tenure Lower-Charge
0,1,0,-0.0799398680514234,1,0,0,0.847652320538621,0,1,0,3,Short-Tenure Higher-Charge
0,0,1,0.331038358408801,1,1,0,0.00527345912353,1,0,1,2,Long-Tenure Lower-Charge
1,0,0,-0.573113739803693,1,0,0,-1.57839880033684,0,0,0,0,Short-Tenure Lower-Charge
0,0,1,-0.326526803927558,0,0,0,-0.230592622072695,1,1,0,0,Short-Tenure Lower-Charge
0,0,1,-0.737505030387783,1,1,0,1.31938448293107,0,1,0,3,Short-Tenure Higher-Charge
0,0,1,-1.27177672478607,1,1,1,0.207444385863152,0,0,0,3,Short-Tenure Higher-Charge
1,0,0,-0.86079849832585,1,0,0,-0.533849012182128,1,0,0,0,Short-Tenure Lower-Charge
0,1,0,-0.408722449219603,1,0,1,0.443310467059377,0,0,1,3,Short-Tenure Higher-Charge
0,0,1,-0.449820271865625,1,0,1,-1.54470364588024,0,0,0,0,Short-Tenure Lower-Charge
1,0,1,1.56397303778947,1,1,0,1.18460386510466,0,0,1,1,Long-Tenure Higher-Charge
0,1,1,-0.121037690697446,1,1,1,1.18460386510466,0,0,0,3,Short-Tenure Higher-Charge
0,0,0,-0.53201591715767,1,1,0,-1.57839880033684,0,0,1,0,Short-Tenure Lower-Charge
1,0,0,-1.3128745474321,1,0,0,-0.331678085442506,0,0,0,0,Short-Tenure Lower-Charge
0,0,1,1.44067956985141,1,1,0,0.645481393798999,0,0,1,1,Long-Tenure Higher-Charge
1,0,0,-0.778602853033805,1,0,0,-1.54470364588024,0,0,0,0,Short-Tenure Lower-Charge
1,0,1,-1.27177672478607,1,1,1,-1.54470364588024,1,0,1,0,Short-Tenure Lower-Charge
1,0,0,0.207744890470734,1,1,1,0.140054076949945,0,0,0,3,Short-Tenure Higher-Charge
1,0,0,-0.614211562449715,1,1,0,-1.54470364588024,0,1,0,0,Short-Tenure Lower-Charge
0,0,0,-0.0799398680514234,1,0,0,1.28568932847447,0,0,0,3,Short-Tenure Higher-Charge
0,0,1,1.56397303778947,1,0,1,-0.0621168497896772,0,0,0,1,Long-Tenure Higher-Charge
1,0,0,1.39958174720538,1,1,1,1.48786025521409,0,0,0,1,Long-Tenure Higher-Charge
1,0,0,1.6050708604355,1,1,0,0.881347474995224,0,0,1,1,Long-Tenure Higher-Charge
1,1,0,-0.038842045405401,1,1,0,1.35307963738768,1,0,1,3,Short-Tenure Higher-Charge
1,0,1,-1.18958107949403,1,1,1,0.510700775972585,1,1,0,3,Short-Tenure Higher-Charge
0,0,0,-0.408722449219603,1,0,1,-0.196897467616092,0,0,0,3,Short-Tenure Higher-Charge
0,0,1,1.35848392455936,1,0,0,0.0389686135801337,0,0,1,1,Long-Tenure Higher-Charge
1,1,0,0.98860352074516,1,0,0,1.31938448293107,0,0,1,1,Long-Tenure Higher-Charge
0,0,0,0.125549245178689,1,0,0,0.813957166082017,0,0,0,3,Short-Tenure Higher-Charge
1,0,0,-0.819700675679827,0,0,1,-1.37622787359722,0,0,0,0,Short-Tenure Lower-Charge
0,0,0,-0.984091966263917,1,1,1,0.578091084885792,1,0,0,3,Short-Tenure Higher-Charge
0,0,1,-1.14848325684801,1,1,1,0.510700775972585,0,0,1,3,Short-Tenure Higher-Charge
0,0,0,1.39958174720538,1,1,0,0.679176548255603,0,0,1,1,Long-Tenure Higher-Charge
1,0,0,-1.18958107949403,1,1,0,0.308529849232963,1,0,1,3,Short-Tenure Higher-Charge
0,0,0,-1.3128745474321,1,1,0,0.140054076949945,1,0,0,3,Short-Tenure Higher-Charge
0,0,1,-0.0799398680514234,1,0,0,-1.54470364588024,1,0,1,0,Short-Tenure Lower-Charge
1,0,0,-1.23067890214005,1,1,0,-0.769715093378353,1,0,1,0,Short-Tenure Lower-Charge
0,0,1,-1.18958107949403,1,0,0,0.443310467059377,0,1,0,3,Short-Tenure Higher-Charge
0,0,0,0.0022557772406214,1,0,0,0.982432938365035,0,0,1,3,Short-Tenure Higher-Charge
0,0,1,1.02970134339118,1,0,0,-1.37622787359722,0,0,0,2,Long-Tenure Lower-Charge
1,0,1,-0.326526803927558,1,0,0,-1.37622787359722,0,0,1,0,Short-Tenure Lower-Charge
1,0,0,-1.18958107949403,1,0,0,0.342225003689566,1,0,0,3,Short-Tenure Higher-Charge
1,1,0,0.742016584869025,1,1,0,0.948737783908432,0,0,0,1,Long-Tenure Higher-Charge
1,0,0,-0.573113739803693,0,1,1,-1.37622787359722,0,0,0,0,Short-Tenure Lower-Charge
0,0,0,-0.901896320971872,1,1,0,-0.73601993892175,1,1,0,0,Short-Tenure Lower-Charge
0,0,0,-0.367624626573581,1,0,0,-0.331678085442506,0,0,0,3,Short-Tenure Higher-Charge
1,0,0,-0.614211562449715,1,1,0,0.274834694776359,0,1,0,3,Short-Tenure Higher-Charge
0,0,0,-1.18958107949403,0,0,0,-1.40992302805382,1,1,0,0,Short-Tenure Lower-Charge
0,0,0,-0.86079849832585,1,1,1,0.409615312602774,1,0,0,3,Short-Tenure Higher-Charge
1,1,0,-0.573113739803693,1,0,0,0.74656685716881,1,0,1,3,Short-Tenure Higher-Charge
1,1,0,-0.0799398680514234,1,0,0,1.04982324727824,0,0,0,3,Short-Tenure Higher-Charge
1,1,0,1.15299481132925,1,0,0,-0.0621168497896772,0,0,0,1,Long-Tenure Higher-Charge
1,1,0,-1.02518978890994,1,0,0,0.140054076949945,0,1,0,3,Short-Tenure Higher-Charge
0,0,1,0.659820939576981,1,0,0,0.712871702712206,0,0,0,1,Long-Tenure Higher-Charge
1,0,0,-1.14848325684801,0,0,1,-0.500153857725524,1,0,0,0,Short-Tenure Lower-Charge
1,0,1,0.0844514225326663,1,1,1,0.241139540319755,0,0,1,3,Short-Tenure Higher-Charge
1,0,0,1.52287521514345,1,0,0,1.69003118195371,1,0,0,1,Long-Tenure Higher-Charge
1,0,0,-1.3128745474321,1,0,1,1.18460386510466,1,0,1,3,Short-Tenure Higher-Charge
0,0,0,-0.0799398680514234,1,0,0,0.74656685716881,0,0,1,3,Short-Tenure Higher-Charge
0,1,0,-0.819700675679827,1,0,0,0.274834694776359,1,0,0,3,Short-Tenure Higher-Charge
1,0,1,-0.203233335989491,0,1,1,-0.500153857725524,0,0,1,0,Short-Tenure Lower-Charge
1,1,0,0.700918762223003,1,1,1,0.140054076949945,0,0,0,1,Long-Tenure Higher-Charge
0,1,0,-0.449820271865625,1,0,0,-1.54470364588024,0,1,0,0,Short-Tenure Lower-Charge
1,0,1,0.125549245178689,0,0,0,-0.163202313159488,0,0,0,2,Long-Tenure Lower-Charge
1,0,0,0.289940535762779,1,1,1,1.35307963738768,0,0,0,1,Long-Tenure Higher-Charge
1,0,1,-0.573113739803693,1,0,0,-0.533849012182128,0,0,0,0,Short-Tenure Lower-Charge
0,0,1,-1.18958107949403,1,1,0,0.510700775972585,1,0,1,3,Short-Tenure Higher-Charge
0,0,0,0.0844514225326663,1,0,0,0.679176548255603,1,0,1,3,Short-Tenure Higher-Charge
0,0,0,-0.53201591715767,1,1,1,0.106358922493341,0,0,0,3,Short-Tenure Higher-Charge
1,0,0,-0.901896320971872,1,0,0,-1.54470364588024,0,1,0,0,Short-Tenure Lower-Charge
0,0,1,-0.984091966263917,1,0,0,-1.54470364588024,0,0,1,0,Short-Tenure Lower-Charge
0,0,1,1.56397303778947,1,0,0,1.11721355619145,0,0,0,1,Long-Tenure Higher-Charge
0,0,1,1.56397303778947,1,0,0,-1.54470364588024,0,0,1,2,Long-Tenure Lower-Charge
0,0,0,1.56397303778947,1,1,0,1.5889457185839,0,0,1,1,Long-Tenure Higher-Charge
0,0,0,-0.0799398680514234,1,0,1,0.443310467059377,0,0,0,3,Short-Tenure Higher-Charge
0,1,0,-1.3128745474321,1,1,0,0.140054076949945,1,0,0,3,Short-Tenure Higher-Charge
1,0,0,-0.0799398680514234,1,1,1,0.342225003689566,0,0,1,3,Short-Tenure Higher-Charge
0,0,0,-1.3128745474321,1,0,0,0.173749231406548,1,0,1,3,Short-Tenure Higher-Charge
1,0,0,-1.3128745474321,1,1,1,0.106358922493341,1,1,0,3,Short-Tenure Higher-Charge
1,0,1,1.39958174720538,1,1,1,0.477005621515981,1,0,0,1,Long-Tenure Higher-Charge
0,1,0,0.413234003700846,1,1,1,0.948737783908432,0,0,1,1,Long-Tenure Higher-Charge
1,1,0,-0.490918094511648,1,0,0,0.712871702712206,0,0,0,3,Short-Tenure Higher-Charge
0,0,0,1.15299481132925,1,1,0,1.35307963738768,0,0,0,1,Long-Tenure Higher-Charge
1,0,1,-1.10738543420198,1,0,0,-1.37622787359722,0,0,1,0,Short-Tenure Lower-Charge
0,0,0,-0.367624626573581,1,1,0,-1.54470364588024,0,0,1,0,Short-Tenure Lower-Charge
1,0,0,0.248842713116756,1,1,1,0.510700775972585,0,0,0,1,Long-Tenure Higher-Charge
0,0,1,1.31738610191334,1,0,0,-1.37622787359722,0,0,0,2,Long-Tenure Lower-Charge
0,0,0,-1.3128745474321,1,1,0,0.679176548255603,1,0,1,3,Short-Tenure Higher-Charge
1,0,0,-1.10738543420198,1,0,0,0.74656685716881,0,0,0,3,Short-Tenure Higher-Charge
0,1,0,0.947505698099138,1,0,1,1.18460386510466,1,0,0,1,Long-Tenure Higher-Charge
0,0,0,-0.408722449219603,1,1,1,0.106358922493341,0,0,0,3,Short-Tenure Higher-Charge
1,0,0,0.0433535998866439,1,0,0,-1.54470364588024,0,0,0,2,Long-Tenure Lower-Charge
1,0,0,-0.490918094511648,1,0,0,-1.54470364588024,0,0,0,0,Short-Tenure Lower-Charge
1,0,0,1.19409263397527,1,1,0,0.106358922493341,0,1,0,1,Long-Tenure Higher-Charge
1,0,0,1.19409263397527,1,0,0,-1.54470364588024,0,0,1,2,Long-Tenure Lower-Charge
0,0,0,0.742016584869025,1,0,0,1.5552505641273,0,1,0,1,Long-Tenure Higher-Charge
1,0,0,-0.614211562449715,1,0,1,-0.297982930985903,0,0,1,3,Short-Tenure Higher-Charge
0,0,0,0.0433535998866439,1,1,1,0.274834694776359,1,0,0,3,Short-Tenure Higher-Charge
0,0,0,1.15299481132925,1,0,0,0.948737783908432,0,0,0,1,Long-Tenure Higher-Charge
1,1,0,-1.27177672478607,1,0,1,-0.533849012182128,0,0,0,0,Short-Tenure Lower-Charge
1,0,1,1.6050708604355,1,0,0,-0.36537323989911,0,0,0,2,Long-Tenure Lower-Charge
0,0,0,0.82421223016107,1,1,1,1.48786025521409,0,0,0,1,Long-Tenure Higher-Charge
1,0,0,-1.10738543420198,1,0,0,0.443310467059377,0,0,0,3,Short-Tenure Higher-Charge
0,0,0,-0.367624626573581,1,1,1,0.611786239342395,0,0,1,3,Short-Tenure Higher-Charge
1,0,1,1.44067956985141,1,1,1,0.173749231406548,0,0,0,1,Long-Tenure Higher-Charge
0,0,1,0.577625294284936,0,0,0,-0.196897467616092,0,1,0,2,Long-Tenure Lower-Charge
1,1,0,0.577625294284936,1,1,1,0.679176548255603,1,0,0,1,Long-Tenure Higher-Charge
0,0,1,0.125549245178689,1,1,0,-1.57839880033684,0,0,1,2,Long-Tenure Lower-Charge
0,0,1,1.15299481132925,1,1,0,1.18460386510466,0,1,0,1,Long-Tenure Higher-Charge
1,0,0,1.6050708604355,1,1,1,0.443310467059377,0,0,0,1,Long-Tenure Higher-Charge
0,0,1,0.0844514225326663,1,0,1,-0.36537323989911,0,0,0,2,Long-Tenure Lower-Charge
0,0,0,-0.326526803927558,1,0,0,-1.30883756468401,0,1,0,0,Short-Tenure Lower-Charge
1,1,0,0.0844514225326663,1,1,0,1.18460386510466,1,0,1,3,Short-Tenure Higher-Charge
0,0,1,-0.367624626573581,0,0,0,-0.264287776529299,0,0,0,0,Short-Tenure Lower-Charge
1,0,0,0.947505698099138,1,1,1,-1.37622787359722,1,0,0,2,Long-Tenure Lower-Charge
1,1,0,-0.285428981281536,1,1,1,0.948737783908432,0,0,0,3,Short-Tenure Higher-Charge
0,0,0,1.6050708604355,1,0,0,0.477005621515981,0,0,0,1,Long-Tenure Higher-Charge
0,0,0,0.166647067824711,1,1,0,-0.0284216953330735,0,0,0,3,Short-Tenure Higher-Charge
1,0,0,-1.06628761155596,1,1,1,0.274834694776359,1,0,0,3,Short-Tenure Higher-Charge
1,0,0,1.48177739249743,1,0,1,0.443310467059377,1,0,0,1,Long-Tenure Higher-Charge
1,0,1,-1.02518978890994,1,0,1,-1.54470364588024,0,0,0,0,Short-Tenure Lower-Charge
0,0,1,-0.86079849832585,0,0,1,-1.2077521013142,0,0,0,0,Short-Tenure Lower-Charge
1,0,1,0.454331826346868,1,0,1,-1.34253271914062,0,0,0,2,Long-Tenure Lower-Charge
1,0,1,1.6050708604355,1,0,0,0.510700775972585,0,0,0,1,Long-Tenure Higher-Charge
1,0,0,0.947505698099138,1,0,0,0.948737783908432,1,0,0,1,Long-Tenure Higher-Charge
0,0,0,-0.942994143617895,1,0,0,-1.54470364588024,0,0,1,0,Short-Tenure Lower-Charge
1,1,0,-1.3128745474321,1,0,0,0.106358922493341,1,0,0,3,Short-Tenure Higher-Charge
1,0,1,0.577625294284936,1,0,0,-0.399068394355713,0,0,0,2,Long-Tenure Lower-Charge
1,0,0,0.454331826346868,1,1,1,-1.54470364588024,0,0,1,2,Long-Tenure Lower-Charge
1,0,0,-1.23067890214005,1,0,0,0.409615312602774,1,0,0,3,Short-Tenure Higher-Charge
0,0,0,-1.02518978890994,1,1,1,0.173749231406548,1,0,1,3,Short-Tenure Higher-Charge
1,0,0,-0.69640720774176,1,1,1,-1.51100849142363,0,0,0,0,Short-Tenure Lower-Charge
1,0,1,1.6050708604355,1,1,1,0.544395930429188,0,0,1,1,Long-Tenure Higher-Charge
0,0,0,-1.3128745474321,1,0,0,-0.668629630008542,1,1,0,0,Short-Tenure Lower-Charge
0,1,0,1.56397303778947,1,0,0,0.780262011625413,0,0,0,1,Long-Tenure Higher-Charge
0,1,0,0.947505698099138,1,0,0,0.0726637680367373,0,0,1,1,Long-Tenure Higher-Charge
1,0,1,-0.901896320971872,1,1,1,-0.0284216953330735,0,0,0,3,Short-Tenure Higher-Charge
0,0,0,1.11189698868323,1,0,0,0.510700775972585,0,1,0,1,Long-Tenure Higher-Charge
0,1,0,0.372136181054823,1,0,0,1.31938448293107,0,0,1,1,Long-Tenure Higher-Charge
0,0,0,-1.27177672478607,1,1,0,-0.500153857725524,0,1,0,0,Short-Tenure Lower-Charge
0,0,0,-0.984091966263917,1,0,0,-1.54470364588024,0,1,0,0,Short-Tenure Lower-Charge
1,0,0,-1.3128745474321,1,0,1,0.308529849232963,0,0,1,3,Short-Tenure Higher-Charge
1,0,1,0.783114407515048,0,0,1,-0.533849012182128,0,0,0,2,Long-Tenure Lower-Charge
1,1,0,0.0844514225326663,1,0,0,1.11721355619145,1,1,0,3,Short-Tenure Higher-Charge
1,0,1,-0.53201591715767,1,0,1,-1.57839880033684,1,1,0,0,Short-Tenure Lower-Charge
0,0,0,-0.737505030387783,1,1,1,0.308529849232963,0,0,0,3,Short-Tenure Higher-Charge
1,0,0,-0.655309385095738,1,0,0,0.173749231406548,0,1,0,3,Short-Tenure Higher-Charge
1,0,0,-0.121037690697446,1,0,1,0.813957166082017,1,0,0,3,Short-Tenure Higher-Charge
0,0,0,-1.3128745474321,1,1,1,1.01612809282164,0,0,0,3,Short-Tenure Higher-Charge
1,0,0,-0.942994143617895,1,0,1,0.645481393798999,1,0,0,3,Short-Tenure Higher-Charge
0,0,0,-0.819700675679827,1,0,0,0.140054076949945,0,0,0,3,Short-Tenure Higher-Charge
1,0,0,-1.18958107949403,1,1,0,1.15090871064805,1,0,1,3,Short-Tenure Higher-Charge
0,1,0,-1.23067890214005,1,0,0,0.140054076949945,1,0,0,3,Short-Tenure Higher-Charge
0,0,0,1.07079916603721,1,0,1,0.477005621515981,0,0,0,1,Long-Tenure Higher-Charge
0,0,0,-1.27177672478607,1,0,0,0.140054076949945,1,0,0,3,Short-Tenure Higher-Charge
0,0,1,-0.778602853033805,1,0,0,0.510700775972585,0,0,0,3,Short-Tenure Higher-Charge
1,0,0,-1.3128745474321,0,0,0,-1.37622787359722,1,0,0,0,Short-Tenure Lower-Charge
1,1,0,0.413234003700846,1,1,1,1.25199417401786,1,0,0,1,Long-Tenure Higher-Charge
0,0,0,-0.69640720774176,1,1,1,0.308529849232963,0,0,0,3,Short-Tenure Higher-Charge
1,1,0,0.82421223016107,0,1,0,-0.399068394355713,1,0,1,2,Long-Tenure Lower-Charge
0,0,1,-1.18958107949403,1,0,0,-1.37622787359722,0,1,0,0,Short-Tenure Lower-Charge
0,0,0,-0.69640720774176,1,0,0,0.308529849232963,0,0,0,3,Short-Tenure Higher-Charge
0,0,0,0.413234003700846,1,0,1,-0.36537323989911,0,0,0,2,Long-Tenure Lower-Charge
1,1,0,-1.02518978890994,1,1,1,0.510700775972585,1,0,0,3,Short-Tenure Higher-Charge
1,0,1,-1.10738543420198,1,1,1,-0.567544166638732,0,1,0,0,Short-Tenure Lower-Charge
0,0,0,1.6050708604355,1,0,0,1.5552505641273,0,0,0,1,Long-Tenure Higher-Charge
0,0,1,1.11189698868323,0,0,0,-0.533849012182128,0,1,0,2,Long-Tenure Lower-Charge
1,0,1,-1.35397237007812,1,1,1,-1.54470364588024,0,0,0,0,Short-Tenure Lower-Charge
0,0,0,0.906407875453115,1,0,0,0.813957166082017,0,0,0,1,Long-Tenure Higher-Charge
0,0,0,0.947505698099138,1,1,1,1.11721355619145,0,0,0,1,Long-Tenure Higher-Charge
1,0,0,-1.27177672478607,1,0,0,-0.129507158702884,1,0,0,3,Short-Tenure Higher-Charge
0,0,0,1.27628827926732,1,0,0,1.31938448293107,0,0,1,1,Long-Tenure Higher-Charge
0,0,0,0.372136181054823,1,0,1,0.274834694776359,1,0,0,1,Long-Tenure Higher-Charge
0,0,1,-1.14848325684801,1,1,0,-0.567544166638732,0,0,1,0,Short-Tenure Lower-Charge
1,0,1,1.6050708604355,1,0,0,1.72372633641031,0,1,0,1,Long-Tenure Higher-Charge
0,1,0,0.0022557772406214,1,1,1,0.510700775972585,1,0,0,3,Short-Tenure Higher-Charge
1,1,0,-0.038842045405401,1,1,1,0.645481393798999,1,0,1,3,Short-Tenure Higher-Charge
1,0,1,-1.14848325684801,1,0,0,-1.54470364588024,0,0,0,0,Short-Tenure Lower-Charge
0,0,0,-1.23067890214005,1,0,0,0.274834694776359,1,0,0,3,Short-Tenure Higher-Charge
0,1,0,-1.10738543420198,1,1,0,0.611786239342395,1,0,1,3,Short-Tenure Higher-Charge
1,0,0,1.48177739249743,1,1,1,1.35307963738768,1,0,0,1,Long-Tenure Higher-Charge
0,0,0,-0.819700675679827,1,0,0,0.477005621515981,0,1,0,3,Short-Tenure Higher-Charge
1,0,1,-0.449820271865625,1,0,0,0.308529849232963,0,0,0,3,Short-Tenure Higher-Charge
1,0,0,1.15299481132925,1,0,0,0.140054076949945,0,0,1,1,Long-Tenure Higher-Charge
0,1,0,0.0022557772406214,0,1,0,-0.230592622072695,0,1,0,3,Short-Tenure Higher-Charge
1,0,0,0.331038358408801,1,1,1,0.241139540319755,1,0,1,1,Long-Tenure Higher-Charge
0,0,0,0.495429648992891,1,1,1,1.5889457185839,0,0,0,1,Long-Tenure Higher-Charge
1,1,0,1.52287521514345,1,0,0,0.813957166082017,0,1,0,1,Long-Tenure Higher-Charge
1,0,1,0.906407875453115,1,1,0,-0.264287776529299,1,1,0,2,Long-Tenure Lower-Charge
1,0,1,0.783114407515048,0,0,0,-0.73601993892175,0,0,1,2,Long-Tenure Lower-Charge
1,0,0,-1.23067890214005,0,0,1,-0.870800556748164,1,0,0,0,Short-Tenure Lower-Charge
0,0,0,-0.121037690697446,1,1,1,1.15090871064805,1,0,1,3,Short-Tenure Higher-Charge
1,1,0,1.52287521514345,0,0,0,-0.702324784465146,1,0,0,2,Long-Tenure Lower-Charge
0,0,1,-0.984091966263917,1,0,0,0.915042629451828,0,0,0,3,Short-Tenure Higher-Charge
1,0,1,-0.490918094511648,1,1,1,-1.54470364588024,0,0,0,0,Short-Tenure Lower-Charge
0,0,1,0.906407875453115,1,0,0,0.342225003689566,0,0,0,1,Long-Tenure Higher-Charge
1,0,0,0.331038358408801,1,0,0,-0.0284216953330735,0,1,0,3,Short-Tenure Higher-Charge
0,0,1,1.19409263397527,1,0,0,-1.34253271914062,0,1,0,2,Long-Tenure Lower-Charge
0,0,0,-1.3128745474321,1,0,0,0.477005621515981,1,0,0,3,Short-Tenure Higher-Charge
0,1,0,1.39958174720538,1,0,0,-0.36537323989911,0,0,1,2,Long-Tenure Lower-Charge
0,0,0,1.23519045662129,1,1,1,0.477005621515981,0,0,0,1,Long-Tenure Higher-Charge
1,0,0,0.207744890470734,1,0,0,0.106358922493341,0,0,0,3,Short-Tenure Higher-Charge
0,0,0,1.52287521514345,0,1,1,-0.264287776529299,0,0,0,2,Long-Tenure Lower-Charge
1,0,1,0.207744890470734,1,1,1,-1.54470364588024,0,0,0,2,Long-Tenure Lower-Charge
0,0,1,-1.14848325684801,0,0,0,-1.2077521013142,0,0,0,0,Short-Tenure Lower-Charge
1,0,0,-0.367624626573581,1,1,1,-0.533849012182128,0,0,0,0,Short-Tenure Lower-Charge
1,0,0,-0.69640720774176,1,0,0,0.274834694776359,1,0,0,3,Short-Tenure Higher-Charge
0,0,0,1.44067956985141,0,1,1,-0.904495711204768,0,0,1,2,Long-Tenure Lower-Charge
0,0,1,0.98860352074516,1,0,0,1.18460386510466,0,0,1,1,Long-Tenure Higher-Charge
1,1,0,1.11189698868323,1,1,1,1.28568932847447,0,0,0,1,Long-Tenure Higher-Charge
0,0,0,-0.162135513343468,1,1,0,0.173749231406548,0,1,0,3,Short-Tenure Higher-Charge
0,0,1,-0.984091966263917,1,1,1,0.00527345912353,0,0,0,3,Short-Tenure Higher-Charge
0,0,0,1.56397303778947,1,1,1,-1.34253271914062,0,0,0,2,Long-Tenure Lower-Charge
0,0,0,-0.367624626573581,0,0,0,-0.399068394355713,1,1,0,0,Short-Tenure Lower-Charge
1,1,0,-1.27177672478607,1,0,0,-0.567544166638732,1,0,0,0,Short-Tenure Lower-Charge
1,0,1,1.35848392455936,1,1,0,-1.51100849142363,0,0,1,2,Long-Tenure Lower-Charge
1,0,0,0.865310052807093,1,1,0,1.28568932847447,1,0,0,1,Long-Tenure Higher-Charge
0,0,0,1.6050708604355,1,1,0,1.6226408730405,0,0,1,1,Long-Tenure Higher-Charge
1,0,0,0.783114407515048,1,1,1,-1.54470364588024,0,0,0,2,Long-Tenure Lower-Charge
1,0,1,1.56397303778947,1,1,0,0.37592015814617,0,0,1,1,Long-Tenure Higher-Charge
0,1,0,-1.14848325684801,1,1,1,0.443310467059377,1,1,0,3,Short-Tenure Higher-Charge
1,0,0,0.372136181054823,1,0,0,-1.54470364588024,0,0,1,2,Long-Tenure Lower-Charge
0,0,0,-1.27177672478607,1,0,0,-0.702324784465146,1,0,1,0,Short-Tenure Lower-Charge
1,0,0,-0.901896320971872,1,0,0,0.308529849232963,1,1,0,3,Short-Tenure Higher-Charge
0,0,1,0.331038358408801,1,0,0,0.477005621515981,1,1,0,1,Long-Tenure Higher-Charge
0,0,1,1.44067956985141,1,0,1,0.74656685716881,0,0,0,1,Long-Tenure Higher-Charge
0,1,0,0.700918762223003,1,1,0,0.982432938365035,1,0,1,1,Long-Tenure Higher-Charge
1,0,0,0.82421223016107,1,1,1,0.948737783908432,1,0,1,1,Long-Tenure Higher-Charge
0,0,1,-1.02518978890994,1,0,0,0.611786239342395,1,0,0,3,Short-Tenure Higher-Charge
0,0,0,0.700918762223003,1,0,0,1.28568932847447,0,1,0,1,Long-Tenure Higher-Charge
0,0,0,0.700918762223003,1,0,0,1.15090871064805,0,0,0,1,Long-Tenure Higher-Charge
0,0,0,-1.02518978890994,1,1,0,-0.196897467616092,0,1,0,3,Short-Tenure Higher-Charge
0,0,0,-0.942994143617895,0,1,1,-1.2077521013142,0,0,0,0,Short-Tenure Lower-Charge
0,0,1,0.166647067824711,1,0,1,-1.40992302805382,0,0,0,2,Long-Tenure Lower-Charge
0,0,1,0.659820939576981,1,0,0,-0.129507158702884,0,0,0,2,Long-Tenure Lower-Charge
0,0,0,-0.655309385095738,0,1,1,-1.00558117457458,0,0,0,0,Short-Tenure Lower-Charge
1,0,1,-0.86079849832585,1,1,1,-1.54470364588024,0,0,1,0,Short-Tenure Lower-Charge
1,0,1,-0.408722449219603,1,1,0,1.15090871064805,1,0,1,3,Short-Tenure Higher-Charge
0,0,1,1.56397303778947,0,1,1,-0.230592622072695,0,0,0,2,Long-Tenure Lower-Charge
0,0,1,1.56397303778947,1,1,0,0.409615312602774,0,0,0,1,Long-Tenure Higher-Charge
1,0,0,-0.367624626573581,1,0,1,0.780262011625413,0,1,0,3,Short-Tenure Higher-Charge
1,0,1,0.495429648992891,1,0,0,0.443310467059377,0,1,0,1,Long-Tenure Higher-Charge
1,0,1,0.372136181054823,1,0,0,-0.0621168497896772,0,0,0,2,Long-Tenure Lower-Charge
0,0,0,-0.614211562449715,1,0,1,1.01612809282164,1,1,0,3,Short-Tenure Higher-Charge
0,0,0,-0.285428981281536,1,0,1,0.274834694776359,0,0,0,3,Short-Tenure Higher-Charge
1,0,1,-0.984091966263917,1,0,0,-0.36537323989911,1,0,1,0,Short-Tenure Lower-Charge
0,0,0,-1.27177672478607,1,0,0,-0.73601993892175,0,0,0,0,Short-Tenure Lower-Charge
0,0,1,-1.14848325684801,1,1,1,-0.702324784465146,0,0,0,0,Short-Tenure Lower-Charge
1,1,0,-1.10738543420198,1,0,0,0.611786239342395,1,0,1,3,Short-Tenure Higher-Charge
1,1,0,0.783114407515048,1,0,1,1.52155540967069,0,0,0,1,Long-Tenure Higher-Charge
1,0,0,0.98860352074516,1,1,1,0.274834694776359,0,0,1,1,Long-Tenure Higher-Charge
1,0,0,-0.162135513343468,1,0,1,0.308529849232963,0,0,0,3,Short-Tenure Higher-Charge
0,0,1,1.39958174720538,1,1,0,-1.37622787359722,0,0,1,2,Long-Tenure Lower-Charge
0,0,0,0.372136181054823,1,0,1,1.31938448293107,1,0,0,1,Long-Tenure Higher-Charge
0,0,0,-0.86079849832585,1,0,0,-1.57839880033684,0,0,1,0,Short-Tenure Lower-Charge
1,0,1,-1.06628761155596,0,0,0,-1.07297148348779,1,1,0,0,Short-Tenure Lower-Charge
0,0,0,-0.86079849832585,1,1,1,-1.54470364588024,0,1,0,0,Short-Tenure Lower-Charge
0,0,0,-0.819700675679827,0,0,0,-0.567544166638732,1,0,0,0,Short-Tenure Lower-Charge
1,0,0,-0.0799398680514234,1,0,0,0.173749231406548,0,0,0,3,Short-Tenure Higher-Charge
1,0,1,-0.984091966263917,0,0,0,-1.2077521013142,1,1,0,0,Short-Tenure Lower-Charge
1,0,0,1.23519045662129,1,0,0,-1.54470364588024,0,1,0,2,Long-Tenure Lower-Charge
1,1,0,0.495429648992891,1,1,1,1.11721355619145,0,0,0,1,Long-Tenure Higher-Charge
0,1,0,-0.86079849832585,1,0,0,0.443310467059377,0,0,0,3,Short-Tenure Higher-Charge
1,0,0,0.331038358408801,1,0,0,0.477005621515981,0,0,0,1,Long-Tenure Higher-Charge
1,0,0,-1.14848325684801,1,0,0,-1.51100849142363,1,0,0,0,Short-Tenure Lower-Charge
1,1,0,1.56397303778947,0,0,0,-0.668629630008542,0,0,1,2,Long-Tenure Lower-Charge
0,0,1,1.6050708604355,1,0,0,0.443310467059377,0,0,1,1,Long-Tenure Higher-Charge
1,0,0,-0.984091966263917,1,1,1,0.106358922493341,0,0,1,3,Short-Tenure Higher-Charge
0,0,1,0.742016584869025,1,0,1,0.813957166082017,0,0,1,1,Long-Tenure Higher-Charge
0,0,1,0.0844514225326663,0,1,1,-0.837105402291561,0,0,0,2,Long-Tenure Lower-Charge
1,0,0,0.947505698099138,1,0,0,1.18460386510466,0,1,0,1,Long-Tenure Higher-Charge
0,1,0,-0.614211562449715,1,1,1,0.308529849232963,0,1,0,3,Short-Tenure Higher-Charge
1,0,0,0.454331826346868,1,0,0,1.5552505641273,0,0,1,1,Long-Tenure Higher-Charge
0,0,1,0.618723116930958,0,1,0,-1.2077521013142,0,0,0,2,Long-Tenure Lower-Charge
0,0,0,-0.901896320971872,1,1,1,-0.0284216953330735,0,0,0,3,Short-Tenure Higher-Charge
1,0,1,1.56397303778947,1,1,1,1.35307963738768,1,0,0,1,Long-Tenure Higher-Charge
1,1,0,0.0844514225326663,1,1,0,0.544395930429188,0,1,0,3,Short-Tenure Higher-Charge
1,1,0,-0.367624626573581,0,1,0,-1.07297148348779,0,0,1,0,Short-Tenure Lower-Charge
0,0,0,1.11189698868323,1,0,1,1.31938448293107,0,0,0,1,Long-Tenure Higher-Charge
1,0,0,-1.10738543420198,0,1,1,-1.2077521013142,1,1,0,0,Short-Tenure Lower-Charge
1,0,1,-0.737505030387783,1,0,0,-1.54470364588024,1,0,0,0,Short-Tenure Lower-Charge
1,1,0,-0.490918094511648,1,0,0,1.28568932847447,0,1,0,3,Short-Tenure Higher-Charge
1,0,1,0.0022557772406214,1,0,0,-1.51100849142363,0,1,0,2,Long-Tenure Lower-Charge
0,0,1,1.02970134339118,1,1,1,-1.54470364588024,0,0,1,2,Long-Tenure Lower-Charge
0,0,0,-0.942994143617895,1,1,1,-0.0284216953330735,0,0,0,3,Short-Tenure Higher-Charge
0,0,1,0.0022557772406214,1,1,1,-1.40992302805382,0,0,0,2,Long-Tenure Lower-Charge
0,1,0,-1.3128745474321,0,1,1,-1.37622787359722,1,1,0,0,Short-Tenure Lower-Charge
0,0,1,-1.3128745474321,1,1,0,-0.668629630008542,1,0,1,0,Short-Tenure Lower-Charge
1,0,1,0.372136181054823,1,0,1,0.241139540319755,0,1,0,1,Long-Tenure Higher-Charge
1,0,0,0.207744890470734,1,1,0,-1.54470364588024,0,0,1,2,Long-Tenure Lower-Charge
0,0,0,-1.14848325684801,1,0,0,-0.500153857725524,1,1,0,0,Short-Tenure Lower-Charge
1,0,0,1.31738610191334,1,1,0,1.48786025521409,0,0,1,1,Long-Tenure Higher-Charge
0,1,0,0.413234003700846,0,1,1,-1.10666663794439,0,0,0,2,Long-Tenure Lower-Charge
0,0,0,1.6050708604355,1,0,0,0.645481393798999,0,1,0,1,Long-Tenure Higher-Charge
1,0,0,1.11189698868323,1,1,0,0.948737783908432,1,0,0,1,Long-Tenure Higher-Charge
1,0,0,0.906407875453115,1,0,0,1.18460386510466,0,0,0,1,Long-Tenure Higher-Charge
0,0,1,1.52287521514345,1,0,0,1.5889457185839,0,0,0,1,Long-Tenure Higher-Charge
0,0,0,-1.10738543420198,1,0,1,0.274834694776359,0,1,0,3,Short-Tenure Higher-Charge
0,0,1,-0.819700675679827,1,1,0,1.28568932847447,0,0,0,3,Short-Tenure Higher-Charge
1,0,1,-1.02518978890994,1,0,0,-1.54470364588024,0,0,1,0,Short-Tenure Lower-Charge
1,0,1,0.495429648992891,1,0,0,1.15090871064805,0,0,0,1,Long-Tenure Higher-Charge
0,0,0,0.865310052807093,1,1,1,1.48786025521409,1,1,0,1,Long-Tenure Higher-Charge
0,0,0,0.0022557772406214,1,0,1,0.578091084885792,1,0,0,3,Short-Tenure Higher-Charge
1,0,1,-0.490918094511648,1,0,1,0.342225003689566,0,0,0,3,Short-Tenure Higher-Charge
0,1,0,0.906407875453115,1,1,0,1.15090871064805,1,0,1,1,Long-Tenure Higher-Charge
0,0,0,-1.3128745474321,1,1,1,0.308529849232963,1,0,0,3,Short-Tenure Higher-Charge
1,0,0,0.454331826346868,1,1,1,0.106358922493341,0,1,0,1,Long-Tenure Higher-Charge
1,0,0,1.6050708604355,1,1,1,0.712871702712206,0,0,0,1,Long-Tenure Higher-Charge
1,0,1,-0.819700675679827,1,0,0,-0.129507158702884,0,0,1,3,Short-Tenure Higher-Charge
0,0,1,0.125549245178689,1,0,0,1.28568932847447,0,0,0,1,Long-Tenure Higher-Charge
1,0,0,1.56397303778947,1,1,1,-1.34253271914062,0,0,1,2,Long-Tenure Lower-Charge
1,1,0,-0.984091966263917,1,1,1,1.15090871064805,1,0,0,3,Short-Tenure Higher-Charge
0,0,0,0.536527471638913,1,0,1,-0.36537323989911,0,0,0,2,Long-Tenure Lower-Charge
0,1,0,1.15299481132925,1,0,1,1.28568932847447,1,1,0,1,Long-Tenure Higher-Charge
1,1,0,1.6050708604355,1,0,0,0.37592015814617,0,1,0,1,Long-Tenure Higher-Charge
1,0,0,-0.901896320971872,1,1,0,0.308529849232963,1,0,0,3,Short-Tenure Higher-Charge
0,0,0,-1.27177672478607,1,1,0,0.140054076949945,0,0,1,3,Short-Tenure Higher-Charge
1,0,0,-1.27177672478607,1,0,0,-1.57839880033684,0,0,0,0,Short-Tenure Lower-Charge
0,0,0,-1.18958107949403,1,1,0,0.443310467059377,1,0,0,3,Short-Tenure Higher-Charge
1,0,0,-1.23067890214005,1,1,0,-0.567544166638732,1,1,0,0,Short-Tenure Lower-Charge
0,0,0,-1.23067890214005,0,0,0,-1.03927632903118,0,0,1,0,Short-Tenure Lower-Charge
0,0,0,0.413234003700846,1,0,1,-0.0284216953330735,0,1,0,1,Long-Tenure Higher-Charge
0,0,1,1.15299481132925,1,1,0,-1.54470364588024,0,0,1,2,Long-Tenure Lower-Charge
0,1,0,0.659820939576981,1,0,0,0.847652320538621,1,1,0,1,Long-Tenure Higher-Charge
0,0,0,0.0433535998866439,1,0,0,-0.0621168497896772,0,0,1,3,Short-Tenure Higher-Charge
1,0,0,-1.3128745474321,1,1,1,-0.533849012182128,0,0,0,0,Short-Tenure Lower-Charge
0,0,0,-1.3128745474321,1,1,1,-0.668629630008542,1,0,0,0,Short-Tenure Lower-Charge
0,0,0,1.15299481132925,1,0,1,0.679176548255603,0,0,0,1,Long-Tenure Higher-Charge
0,0,1,-1.18958107949403,1,0,0,0.274834694776359,1,0,0,3,Short-Tenure Higher-Charge
1,0,0,1.07079916603721,1,0,0,0.106358922493341,0,0,1,1,Long-Tenure Higher-Charge
1,0,1,-1.18958107949403,1,0,0,-0.702324784465146,0,0,0,0,Short-Tenure Lower-Charge
1,0,1,-1.35397237007812,1,0,0,-1.54470364588024,0,0,1,0,Short-Tenure Lower-Charge
1,0,0,-0.449820271865625,1,0,1,-1.54470364588024,0,0,0,0,Short-Tenure Lower-Charge
0,0,0,1.6050708604355,1,1,1,0.645481393798999,0,0,0,1,Long-Tenure Higher-Charge
1,0,1,-0.737505030387783,0,0,1,-1.2077521013142,0,0,0,0,Short-Tenure Lower-Charge
0,0,0,-1.3128745474321,1,1,0,-1.57839880033684,1,0,1,0,Short-Tenure Lower-Charge
0,0,0,0.98860352074516,1,0,0,0.982432938365035,1,1,0,1,Long-Tenure Higher-Charge
1,0,1,0.248842713116756,1,0,0,0.679176548255603,1,1,0,1,Long-Tenure Higher-Charge
0,1,0,-1.10738543420198,1,1,1,-1.54470364588024,0,1,0,0,Short-Tenure Lower-Charge
0,0,0,-0.69640720774176,1,0,0,-0.0958120042462808,0,1,0,3,Short-Tenure Higher-Charge
0,0,1,0.248842713116756,0,1,1,-1.2077521013142,1,0,0,2,Long-Tenure Lower-Charge
1,0,0,1.07079916603721,1,1,1,1.38677479184428,1,1,0,1,Long-Tenure Higher-Charge
0,0,1,1.48177739249743,1,0,0,0.611786239342395,0,0,0,1,Long-Tenure Higher-Charge
1,0,1,-0.367624626573581,1,0,0,0.140054076949945,0,0,0,3,Short-Tenure Higher-Charge
1,0,1,-1.10738543420198,1,0,1,-1.54470364588024,0,0,0,0,Short-Tenure Lower-Charge
1,0,0,-0.984091966263917,1,0,1,0.948737783908432,0,0,0,3,Short-Tenure Higher-Charge
0,0,1,-1.02518978890994,1,1,0,-1.54470364588024,0,0,0,0,Short-Tenure Lower-Charge
0,0,0,-0.121037690697446,1,1,1,-1.54470364588024,1,0,0,0,Short-Tenure Lower-Charge
1,0,1,1.19409263397527,1,0,1,0.173749231406548,0,0,0,1,Long-Tenure Higher-Charge
0,0,0,0.0844514225326663,1,1,0,-1.51100849142363,0,0,1,2,Long-Tenure Lower-Charge
0,0,1,0.906407875453115,1,1,0,-1.57839880033684,0,0,1,2,Long-Tenure Lower-Charge
0,0,0,-1.27177672478607,1,1,1,-0.163202313159488,0,0,0,3,Short-Tenure Higher-Charge
1,1,0,-0.162135513343468,1,0,1,0.948737783908432,1,0,0,3,Short-Tenure Higher-Charge
1,0,0,-1.27177672478607,1,0,1,0.308529849232963,0,0,0,3,Short-Tenure Higher-Charge
1,1,0,0.0022557772406214,0,1,1,-0.36537323989911,0,0,1,2,Long-Tenure Lower-Charge
1,0,0,-1.14848325684801,1,1,1,0.342225003689566,1,0,0,3,Short-Tenure Higher-Charge
0,0,0,-1.3128745474321,1,0,0,0.106358922493341,1,0,0,3,Short-Tenure Higher-Charge
0,0,0,1.6050708604355,1,1,0,1.35307963738768,0,1,0,1,Long-Tenure Higher-Charge
1,1,0,0.413234003700846,1,0,0,0.813957166082017,1,0,0,1,Long-Tenure Higher-Charge
0,0,0,-0.942994143617895,1,0,0,0.308529849232963,1,0,0,3,Short-Tenure Higher-Charge
0,0,0,1.52287521514345,1,1,0,-1.34253271914062,0,0,1,2,Long-Tenure Lower-Charge
1,0,0,-0.367624626573581,1,1,1,1.01612809282164,1,0,0,3,Short-Tenure Higher-Charge
0,0,0,-0.408722449219603,1,1,0,-1.54470364588024,0,0,1,0,Short-Tenure Lower-Charge
0,0,1,0.413234003700846,0,0,0,-0.500153857725524,0,1,0,2,Long-Tenure Lower-Charge
0,0,0,-1.3128745474321,1,1,0,-1.57839880033684,1,0,0,0,Short-Tenure Lower-Charge
1,0,0,-0.367624626573581,1,0,1,0.477005621515981,1,0,1,3,Short-Tenure Higher-Charge
0,1,1,1.31738610191334,1,0,0,1.28568932847447,0,0,0,1,Long-Tenure Higher-Charge
0,0,1,0.947505698099138,1,1,1,1.48786025521409,0,0,0,1,Long-Tenure Higher-Charge
1,1,0,-1.3128745474321,1,0,0,0.443310467059377,1,0,0,3,Short-Tenure Higher-Charge
1,1,0,-0.203233335989491,1,0,0,1.35307963738768,0,0,0,3,Short-Tenure Higher-Charge
0,0,0,-0.819700675679827,0,1,1,-1.2414472557708,0,0,0,0,Short-Tenure Lower-Charge
0,0,0,-1.02518978890994,1,0,1,0.477005621515981,1,0,0,3,Short-Tenure Higher-Charge
0,0,0,-1.23067890214005,1,0,0,0.140054076949945,0,0,1,3,Short-Tenure Higher-Charge
1,0,0,-1.3128745474321,1,1,0,-1.54470364588024,1,0,0,0,Short-Tenure Lower-Charge
0,1,0,-0.285428981281536,1,0,0,0.780262011625413,1,0,0,3,Short-Tenure Higher-Charge
1,1,0,-1.3128745474321,1,0,0,0.342225003689566,1,0,0,3,Short-Tenure Higher-Charge
0,0,0,-1.14848325684801,1,0,0,-1.54470364588024,0,1,0,0,Short-Tenure Lower-Charge
1,0,0,-0.203233335989491,1,1,1,0.948737783908432,1,0,0,3,Short-Tenure Higher-Charge
0,0,0,-0.901896320971872,1,1,1,-0.230592622072695,0,0,0,3,Short-Tenure Higher-Charge
0,1,0,-0.901896320971872,1,0,0,1.28568932847447,1,1,0,3,Short-Tenure Higher-Charge
0,1,0,1.35848392455936,1,0,0,0.477005621515981,1,1,0,1,Long-Tenure Higher-Charge
1,0,0,0.947505698099138,1,1,1,-1.54470364588024,0,0,0,2,Long-Tenure Lower-Charge
0,1,0,0.82421223016107,1,1,0,-1.37622787359722,0,0,1,2,Long-Tenure Lower-Charge
0,0,1,-1.23067890214005,0,1,0,-1.1740569468576,1,0,1,0,Short-Tenure Lower-Charge
0,1,0,1.6050708604355,1,1,1,1.72372633641031,0,0,0,1,Long-Tenure Higher-Charge
0,0,0,-1.10738543420198,1,0,0,0.173749231406548,0,1,0,3,Short-Tenure Higher-Charge
0,0,1,1.56397303778947,1,0,1,1.65633602749711,0,0,0,1,Long-Tenure Higher-Charge
0,1,0,0.98860352074516,1,0,0,0.140054076949945,0,1,0,1,Long-Tenure Higher-Charge
1,0,0,1.44067956985141,1,1,0,-1.37622787359722,0,1,0,2,Long-Tenure Lower-Charge
0,0,0,-0.819700675679827,0,0,0,-1.1740569468576,1,0,0,0,Short-Tenure Lower-Charge
0,0,1,1.56397303778947,1,0,0,-1.37622787359722,0,1,0,2,Long-Tenure Lower-Charge
1,0,0,-1.14848325684801,0,0,0,-0.870800556748164,1,0,1,0,Short-Tenure Lower-Charge
1,0,0,-0.614211562449715,1,1,1,0.813957166082017,0,1,0,3,Short-Tenure Higher-Charge
1,0,1,0.125549245178689,1,0,1,0.982432938365035,0,1,0,1,Long-Tenure Higher-Charge
1,0,0,1.23519045662129,1,0,1,0.645481393798999,0,0,0,1,Long-Tenure Higher-Charge
1,0,1,0.248842713116756,0,0,0,-0.36537323989911,0,1,0,2,Long-Tenure Lower-Charge
1,0,0,-0.038842045405401,1,0,0,-1.54470364588024,0,0,1,0,Short-Tenure Lower-Charge
1,1,0,-1.18958107949403,1,1,1,0.140054076949945,0,0,0,3,Short-Tenure Higher-Charge
0,1,0,-0.038842045405401,1,1,0,0.915042629451828,1,0,0,3,Short-Tenure Higher-Charge
1,1,0,-0.737505030387783,1,1,0,0.274834694776359,1,1,0,3,Short-Tenure Higher-Charge
0,1,0,-1.14848325684801,1,0,1,0.510700775972585,1,0,0,3,Short-Tenure Higher-Charge
0,0,1,-0.984091966263917,1,0,0,-1.54470364588024,0,1,0,0,Short-Tenure Lower-Charge
0,0,1,-0.0799398680514234,1,0,0,0.510700775972585,0,0,1,3,Short-Tenure Higher-Charge
1,0,1,-1.3128745474321,1,0,0,0.510700775972585,0,0,1,3,Short-Tenure Higher-Charge
1,0,0,-1.27177672478607,1,1,1,1.15090871064805,0,0,0,3,Short-Tenure Higher-Charge
0,0,0,0.0844514225326663,1,0,0,-1.44361818251043,0,0,0,2,Long-Tenure Lower-Charge
0,0,0,-1.14848325684801,1,0,0,-1.54470364588024,0,0,0,0,Short-Tenure Lower-Charge
1,0,1,-1.23067890214005,1,0,0,-0.533849012182128,1,0,0,0,Short-Tenure Lower-Charge
1,0,0,-0.86079849832585,1,1,1,-0.567544166638732,0,0,0,0,Short-Tenure Lower-Charge
1,0,1,0.947505698099138,1,1,0,-1.40992302805382,0,0,0,2,Long-Tenure Lower-Charge
1,0,1,1.6050708604355,1,1,1,-1.37622787359722,0,0,0,2,Long-Tenure Lower-Charge
1,0,0,-1.3128745474321,1,1,1,0.645481393798999,1,0,1,3,Short-Tenure Higher-Charge
0,0,0,-0.285428981281536,1,1,0,0.813957166082017,0,0,1,3,Short-Tenure Higher-Charge
0,0,0,-0.819700675679827,0,1,1,-0.567544166638732,0,0,0,0,Short-Tenure Lower-Charge
0,0,1,-0.737505030387783,1,0,0,0.00527345912353,0,0,0,3,Short-Tenure Higher-Charge
1,1,0,1.44067956985141,1,1,1,1.01612809282164,0,0,0,1,Long-Tenure Higher-Charge
0,1,0,-0.244331158635513,1,0,0,1.18460386510466,1,0,0,3,Short-Tenure Higher-Charge
0,1,0,-1.14848325684801,1,1,0,0.106358922493341,0,0,0,3,Short-Tenure Higher-Charge
0,0,0,1.27628827926732,1,0,1,-1.37622787359722,0,0,0,2,Long-Tenure Lower-Charge
0,0,0,-0.69640720774176,1,0,1,-0.0284216953330735,1,0,0,3,Short-Tenure Higher-Charge
0,0,0,-1.27177672478607,1,1,0,0.477005621515981,1,0,0,3,Short-Tenure Higher-Charge
0,0,0,0.783114407515048,0,0,0,-0.904495711204768,0,0,0,2,Long-Tenure Lower-Charge
0,0,0,-0.737505030387783,1,1,0,-1.37622787359722,0,0,1,0,Short-Tenure Lower-Charge
0,0,1,0.331038358408801,1,0,0,1.45416510075749,0,0,1,1,Long-Tenure Higher-Charge
1,1,0,-0.53201591715767,1,0,1,0.173749231406548,1,0,0,3,Short-Tenure Higher-Charge
1,0,0,-1.3128745474321,1,1,0,-0.533849012182128,1,1,0,0,Short-Tenure Lower-Charge
0,0,1,1.6050708604355,1,0,1,0.578091084885792,0,0,0,1,Long-Tenure Higher-Charge
0,0,1,0.0433535998866439,1,0,0,0.645481393798999,0,0,0,3,Short-Tenure Higher-Charge
1,0,1,0.454331826346868,1,1,0,-1.54470364588024,0,0,1,2,Long-Tenure Lower-Charge
1,0,0,1.6050708604355,1,1,0,0.308529849232963,0,0,0,1,Long-Tenure Higher-Charge
1,0,1,-1.02518978890994,1,0,1,0.982432938365035,0,0,0,3,Short-Tenure Higher-Charge
1,0,0,-1.06628761155596,0,0,0,-1.07297148348779,0,1,0,0,Short-Tenure Lower-Charge
1,0,1,1.07079916603721,1,0,0,-1.54470364588024,0,0,0,2,Long-Tenure Lower-Charge
0,0,0,-1.23067890214005,1,0,0,1.04982324727824,1,1,0,3,Short-Tenure Higher-Charge
0,0,0,0.331038358408801,1,1,1,1.11721355619145,0,0,0,1,Long-Tenure Higher-Charge
0,0,0,1.15299481132925,1,0,1,-1.37622787359722,0,1,0,2,Long-Tenure Lower-Charge
1,0,0,-0.162135513343468,1,0,0,0.477005621515981,1,0,0,3,Short-Tenure Higher-Charge
1,0,1,1.27628827926732,1,1,1,-1.37622787359722,0,1,0,2,Long-Tenure Lower-Charge
1,0,0,1.02970134339118,1,0,1,-1.51100849142363,0,0,1,2,Long-Tenure Lower-Charge
1,0,0,-0.162135513343468,1,1,1,0.645481393798999,0,0,0,3,Short-Tenure Higher-Charge
1,1,0,-1.06628761155596,1,1,0,0.982432938365035,1,0,1,3,Short-Tenure Higher-Charge
1,0,0,1.39958174720538,1,0,0,1.52155540967069,0,0,0,1,Long-Tenure Higher-Charge
0,0,0,-0.244331158635513,1,0,0,-0.432763548812317,0,0,1,0,Short-Tenure Lower-Charge
1,0,0,-1.18958107949403,0,1,1,-0.567544166638732,1,0,0,0,Short-Tenure Lower-Charge
1,0,0,-1.3128745474321,1,1,1,-1.54470364588024,0,0,0,0,Short-Tenure Lower-Charge
1,0,1,-1.10738543420198,1,0,0,-1.54470364588024,0,0,0,0,Short-Tenure Lower-Charge
1,0,1,-1.3128745474321,0,1,1,-1.07297148348779,0,0,1,0,Short-Tenure Lower-Charge
1,0,0,0.659820939576981,1,1,0,0.611786239342395,1,0,1,1,Long-Tenure Higher-Charge
0,0,0,-1.27177672478607,1,0,0,-0.36537323989911,1,0,1,0,Short-Tenure Lower-Charge
1,0,1,-0.69640720774176,1,0,0,0.645481393798999,0,0,1,3,Short-Tenure Higher-Charge
0,0,1,-1.3128745474321,1,0,0,-1.37622787359722,0,0,1,0,Short-Tenure Lower-Charge
1,0,0,-0.326526803927558,1,0,1,0.140054076949945,0,0,0,3,Short-Tenure Higher-Charge
1,0,1,-0.326526803927558,1,0,0,-0.399068394355713,0,0,0,0,Short-Tenure Lower-Charge
0,0,0,1.6050708604355,1,0,0,1.52155540967069,0,0,0,1,Long-Tenure Higher-Charge
1,0,0,-0.942994143617895,1,1,1,-1.54470364588024,0,0,1,0,Short-Tenure Lower-Charge
1,0,0,0.865310052807093,1,0,1,0.611786239342395,0,0,0,1,Long-Tenure Higher-Charge
1,1,1,-1.3128745474321,1,1,1,-0.567544166638732,1,0,0,0,Short-Tenure Lower-Charge
0,0,0,1.35848392455936,1,1,1,0.0389686135801337,0,0,0,1,Long-Tenure Higher-Charge
1,0,0,-1.18958107949403,1,1,1,0.00527345912353,0,0,1,3,Short-Tenure Higher-Charge
0,0,0,-1.06628761155596,1,1,0,-1.54470364588024,0,0,0,0,Short-Tenure Lower-Charge
1,1,0,1.48177739249743,0,1,1,-0.297982930985903,0,0,0,2,Long-Tenure Lower-Charge
0,0,0,-1.02518978890994,1,0,0,1.01612809282164,1,0,1,3,Short-Tenure Higher-Charge
1,0,0,-0.326526803927558,1,1,1,-0.331678085442506,0,0,0,0,Short-Tenure Lower-Charge
1,1,0,0.166647067824711,1,0,0,1.18460386510466,1,0,0,1,Long-Tenure Higher-Charge
1,0,1,-1.18958107949403,1,1,0,-1.40992302805382,0,0,1,0,Short-Tenure Lower-Charge
1,0,0,-0.942994143617895,0,0,1,-1.07297148348779,1,0,0,0,Short-Tenure Lower-Charge
0,0,0,-0.819700675679827,0,1,1,-1.03927632903118,0,0,0,0,Short-Tenure Lower-Charge
0,0,0,-0.86079849832585,1,1,1,0.443310467059377,0,0,0,3,Short-Tenure Higher-Charge
1,0,0,1.15299481132925,1,0,1,-1.37622787359722,0,0,0,2,Long-Tenure Lower-Charge
1,0,0,1.31738610191334,1,0,1,1.11721355619145,0,0,0,1,Long-Tenure Higher-Charge
1,0,0,0.947505698099138,1,1,1,-0.0284216953330735,0,0,0,1,Long-Tenure Higher-Charge
1,0,0,0.742016584869025,1,0,1,0.510700775972585,0,0,0,1,Long-Tenure Higher-Charge
1,0,1,0.413234003700846,1,0,1,0.847652320538621,0,0,0,1,Long-Tenure Higher-Charge
0,0,0,-1.3128745474321,1,0,0,-0.533849012182128,0,1,0,0,Short-Tenure Lower-Charge
0,0,0,-1.23067890214005,1,0,1,-0.399068394355713,0,0,0,0,Short-Tenure Lower-Charge
0,0,0,-0.573113739803693,0,1,0,-0.870800556748164,0,1,0,0,Short-Tenure Lower-Charge
1,0,0,0.495429648992891,1,1,0,1.42046994630088,0,0,0,1,Long-Tenure Higher-Charge
0,1,0,1.44067956985141,1,0,1,1.15090871064805,1,1,0,1,Long-Tenure Higher-Charge
0,0,1,-0.038842045405401,1,1,1,0.813957166082017,0,0,0,3,Short-Tenure Higher-Charge
1,0,1,1.07079916603721,0,0,1,-1.03927632903118,0,0,1,2,Long-Tenure Lower-Charge
1,0,1,0.495429648992891,1,1,1,-1.54470364588024,0,0,0,2,Long-Tenure Lower-Charge
1,1,0,-0.367624626573581,1,0,0,1.28568932847447,1,0,1,3,Short-Tenure Higher-Charge
1,0,1,1.23519045662129,1,0,0,0.780262011625413,0,0,0,1,Long-Tenure Higher-Charge
1,1,0,-0.162135513343468,1,0,0,-0.466458703268921,0,0,0,3,Short-Tenure Higher-Charge
1,0,1,0.906407875453115,1,0,0,0.679176548255603,0,1,0,1,Long-Tenure Higher-Charge
0,0,0,-1.02518978890994,1,0,0,0.645481393798999,1,0,0,3,Short-Tenure Higher-Charge
1,0,0,0.0433535998866439,0,1,0,-1.37622787359722,0,0,1,2,Long-Tenure Lower-Charge
0,0,0,-1.3128745474321,1,0,1,0.140054076949945,1,0,0,3,Short-Tenure Higher-Charge
1,0,0,-0.942994143617895,1,0,0,-0.36537323989911,0,0,0,0,Short-Tenure Lower-Charge
1,0,1,1.56397303778947,1,1,1,0.241139540319755,0,0,0,1,Long-Tenure Higher-Charge
1,0,0,-1.14848325684801,1,1,0,-0.331678085442506,0,0,1,0,Short-Tenure Lower-Charge
1,0,0,-0.0799398680514234,1,0,1,0.443310467059377,0,0,0,3,Short-Tenure Higher-Charge
0,0,0,-1.3128745474321,1,1,0,0.308529849232963,1,0,1,3,Short-Tenure Higher-Charge
0,0,1,-0.573113739803693,1,1,0,-1.54470364588024,0,1,0,0,Short-Tenure Lower-Charge
1,0,1,1.6050708604355,1,0,1,1.5889457185839,0,0,0,1,Long-Tenure Higher-Charge
0,0,1,-0.901896320971872,1,1,0,-1.37622787359722,0,1,0,0,Short-Tenure Lower-Charge
1,0,0,-1.18958107949403,1,1,1,0.813957166082017,1,1,0,3,Short-Tenure Higher-Charge
0,0,0,-0.326526803927558,1,0,0,1.31938448293107,1,0,0,3,Short-Tenure Higher-Charge
1,1,0,0.495429648992891,1,1,0,-1.37622787359722,0,0,1,2,Long-Tenure Lower-Charge
0,1,0,1.27628827926732,1,1,0,1.45416510075749,0,0,1,1,Long-Tenure Higher-Charge
1,0,0,-1.18958107949403,1,0,1,-1.51100849142363,0,0,0,0,Short-Tenure Lower-Charge
1,0,0,0.0433535998866439,1,0,1,-1.54470364588024,0,0,0,2,Long-Tenure Lower-Charge
0,0,1,0.618723116930958,1,1,0,0.140054076949945,0,0,1,1,Long-Tenure Higher-Charge
0,0,0,-0.367624626573581,1,0,1,0.477005621515981,0,1,0,3,Short-Tenure Higher-Charge
1,1,0,-1.02518978890994,1,0,0,-0.163202313159488,0,1,0,3,Short-Tenure Higher-Charge
0,0,1,1.39958174720538,1,1,1,1.28568932847447,0,0,0,1,Long-Tenure Higher-Charge
1,0,0,-0.778602853033805,1,0,1,0.0389686135801337,0,1,0,3,Short-Tenure Higher-Charge
0,1,0,-0.942994143617895,0,0,0,-1.2077521013142,1,0,1,0,Short-Tenure Lower-Charge
1,0,1,0.372136181054823,1,1,1,1.04982324727824,0,0,0,1,Long-Tenure Higher-Charge
0,0,1,-0.737505030387783,1,1,1,-1.54470364588024,0,0,0,0,Short-Tenure Lower-Charge
0,0,0,-1.27177672478607,1,0,0,-0.668629630008542,0,1,0,0,Short-Tenure Lower-Charge
0,0,1,0.495429648992891,1,1,0,1.31938448293107,0,0,1,1,Long-Tenure Higher-Charge
0,0,1,-1.18958107949403,1,1,0,0.611786239342395,1,0,1,3,Short-Tenure Higher-Charge
0,0,1,1.39958174720538,1,0,0,1.45416510075749,1,0,0,1,Long-Tenure Higher-Charge
1,0,0,-0.86079849832585,1,0,0,-0.297982930985903,1,0,0,0,Short-Tenure Lower-Charge
1,0,0,1.11189698868323,1,0,1,1.01612809282164,1,0,0,1,Long-Tenure Higher-Charge
1,0,1,-1.3128745474321,1,1,0,-0.500153857725524,1,0,0,0,Short-Tenure Lower-Charge
0,1,0,-1.3128745474321,1,0,0,0.173749231406548,0,1,0,3,Short-Tenure Higher-Charge
1,0,1,-1.02518978890994,1,1,0,-0.769715093378353,0,0,1,0,Short-Tenure Lower-Charge
1,1,0,-1.14848325684801,1,0,1,0.813957166082017,1,0,0,3,Short-Tenure Higher-Charge
1,0,0,-1.3128745474321,1,0,1,0.106358922493341,1,0,0,3,Short-Tenure Higher-Charge
0,0,1,1.02970134339118,1,1,0,-1.54470364588024,0,0,1,2,Long-Tenure Lower-Charge
1,0,0,1.6050708604355,1,1,1,1.45416510075749,0,0,0,1,Long-Tenure Higher-Charge
0,0,1,-0.408722449219603,1,1,1,-1.37622787359722,0,0,0,0,Short-Tenure Lower-Charge
1,0,0,-1.14848325684801,1,1,1,1.01612809282164,1,1,0,3,Short-Tenure Higher-Charge
1,0,0,1.52287521514345,0,0,0,-0.904495711204768,0,0,0,2,Long-Tenure Lower-Charge
0,0,1,-0.86079849832585,1,0,0,0.611786239342395,1,0,0,3,Short-Tenure Higher-Charge
0,0,0,-1.06628761155596,1,0,0,0.140054076949945,0,1,0,3,Short-Tenure Higher-Charge
1,0,0,-1.3128745474321,1,0,1,-0.668629630008542,1,0,0,0,Short-Tenure Lower-Charge
1,0,1,0.454331826346868,0,1,1,-0.399068394355713,0,0,0,2,Long-Tenure Lower-Charge
1,0,1,0.536527471638913,1,0,1,0.510700775972585,0,0,0,1,Long-Tenure Higher-Charge
1,0,0,-0.53201591715767,1,0,1,-1.54470364588024,0,0,0,0,Short-Tenure Lower-Charge
1,1,1,-0.038842045405401,1,0,1,0.948737783908432,0,0,1,3,Short-Tenure Higher-Charge
0,0,0,1.39958174720538,1,0,0,0.645481393798999,0,0,0,1,Long-Tenure Higher-Charge
0,1,0,-0.162135513343468,1,0,0,1.11721355619145,1,0,1,3,Short-Tenure Higher-Charge
0,0,1,1.6050708604355,1,1,1,-1.44361818251043,0,0,0,2,Long-Tenure Lower-Charge
1,1,0,-0.86079849832585,1,1,1,1.18460386510466,1,0,0,3,Short-Tenure Higher-Charge
1,0,1,-0.244331158635513,1,1,1,0.207444385863152,0,0,1,3,Short-Tenure Higher-Charge
1,0,1,0.947505698099138,1,0,0,1.69003118195371,0,0,0,1,Long-Tenure Higher-Charge
0,0,1,1.19409263397527,1,1,1,1.15090871064805,1,0,0,1,Long-Tenure Higher-Charge
1,0,0,-0.901896320971872,0,0,1,-1.03927632903118,0,0,0,0,Short-Tenure Lower-Charge
1,1,0,-0.121037690697446,1,0,0,0.308529849232963,0,0,0,3,Short-Tenure Higher-Charge
0,0,0,0.289940535762779,1,0,1,-1.54470364588024,0,0,0,2,Long-Tenure Lower-Charge
1,1,0,0.207744890470734,0,1,0,-1.37622787359722,0,0,1,2,Long-Tenure Lower-Charge
0,0,0,-0.203233335989491,0,0,0,-1.2077521013142,0,0,0,0,Short-Tenure Lower-Charge
0,0,0,-1.3128745474321,1,1,0,0.948737783908432,1,0,0,3,Short-Tenure Higher-Charge
0,0,0,-0.86079849832585,1,1,1,-0.702324784465146,0,0,0,0,Short-Tenure Lower-Charge
0,0,1,-0.367624626573581,1,0,0,0.409615312602774,0,1,0,3,Short-Tenure Higher-Charge
1,1,0,1.6050708604355,1,0,1,-1.37622787359722,0,0,0,2,Long-Tenure Lower-Charge
1,0,0,-1.23067890214005,1,0,0,0.544395930429188,0,0,0,3,Short-Tenure Higher-Charge
0,0,1,1.6050708604355,1,1,1,1.69003118195371,0,0,0,1,Long-Tenure Higher-Charge
1,0,0,-1.18958107949403,1,1,1,-1.37622787359722,0,0,0,0,Short-Tenure Lower-Charge
0,0,0,-1.23067890214005,1,0,1,0.342225003689566,0,0,0,3,Short-Tenure Higher-Charge
0,1,0,-1.3128745474321,1,1,1,-0.533849012182128,1,0,0,0,Short-Tenure Lower-Charge
1,0,0,0.413234003700846,1,1,0,0.409615312602774,1,0,1,1,Long-Tenure Higher-Charge
0,0,0,-0.942994143617895,0,1,1,-0.837105402291561,0,0,0,0,Short-Tenure Lower-Charge
0,1,0,-1.27177672478607,1,0,0,-0.73601993892175,0,0,0,0,Short-Tenure Lower-Charge
1,0,0,-0.737505030387783,1,1,1,-1.57839880033684,0,0,1,0,Short-Tenure Lower-Charge
0,1,0,-1.23067890214005,1,0,1,0.308529849232963,0,0,0,3,Short-Tenure Higher-Charge
0,0,0,1.31738610191334,0,0,0,-0.196897467616092,0,0,1,2,Long-Tenure Lower-Charge
1,1,0,-1.3128745474321,1,0,0,0.274834694776359,1,1,0,3,Short-Tenure Higher-Charge
1,0,0,0.0844514225326663,1,1,1,-1.51100849142363,0,0,0,2,Long-Tenure Lower-Charge
1,0,0,-1.27177672478607,1,0,0,-0.634934475551939,0,0,0,0,Short-Tenure Lower-Charge
0,0,0,1.11189698868323,1,1,1,1.15090871064805,0,1,0,1,Long-Tenure Higher-Charge
0,0,1,0.659820939576981,1,1,0,-1.57839880033684,0,0,0,2,Long-Tenure Lower-Charge
1,0,0,-1.23067890214005,0,1,1,-1.03927632903118,1,0,1,0,Short-Tenure Lower-Charge
0,0,1,-0.367624626573581,1,1,1,-1.54470364588024,0,0,0,0,Short-Tenure Lower-Charge
1,0,1,1.19409263397527,1,0,0,0.780262011625413,0,0,0,1,Long-Tenure Higher-Charge
0,0,1,-0.326526803927558,1,0,0,0.780262011625413,1,1,0,3,Short-Tenure Higher-Charge
0,0,1,-0.942994143617895,1,0,1,0.780262011625413,0,1,0,3,Short-Tenure Higher-Charge
1,0,1,1.39958174720538,1,1,1,-0.399068394355713,0,0,0,2,Long-Tenure Lower-Charge
1,1,0,-1.06628761155596,1,0,1,0.645481393798999,1,1,0,3,Short-Tenure Higher-Charge
1,0,1,-0.367624626573581,1,0,0,0.510700775972585,0,0,0,3,Short-Tenure Higher-Charge
1,1,0,1.6050708604355,1,0,0,1.69003118195371,0,0,0,1,Long-Tenure Higher-Charge
1,0,0,0.82421223016107,1,0,1,0.274834694776359,0,0,0,1,Long-Tenure Higher-Charge
1,1,0,-1.27177672478607,1,1,1,0.712871702712206,1,0,0,3,Short-Tenure Higher-Charge
0,0,0,-1.14848325684801,1,0,0,0.342225003689566,1,0,1,3,Short-Tenure Higher-Charge
0,0,0,0.783114407515048,0,1,1,-1.03927632903118,0,1,0,2,Long-Tenure Lower-Charge
0,0,1,1.6050708604355,1,1,0,0.274834694776359,0,0,0,1,Long-Tenure Higher-Charge
1,0,1,1.52287521514345,1,0,0,0.443310467059377,0,0,0,1,Long-Tenure Higher-Charge
1,0,0,-0.984091966263917,1,1,1,-1.54470364588024,0,1,0,0,Short-Tenure Lower-Charge
0,0,0,-0.203233335989491,1,1,1,-0.196897467616092,0,0,0,3,Short-Tenure Higher-Charge
1,0,0,1.6050708604355,1,0,0,0.679176548255603,0,0,1,1,Long-Tenure Higher-Charge
1,0,0,0.372136181054823,0,0,0,-0.870800556748164,0,0,1,2,Long-Tenure Lower-Charge
0,0,0,-0.901896320971872,1,1,0,1.21829901956126,1,0,1,3,Short-Tenure Higher-Charge
0,0,1,1.15299481132925,1,1,0,-0.533849012182128,0,0,1,2,Long-Tenure Lower-Charge
1,0,1,1.23519045662129,1,1,0,0.342225003689566,0,0,1,1,Long-Tenure Higher-Charge
1,0,1,-0.408722449219603,1,1,1,-0.601239321095335,1,0,1,0,Short-Tenure Lower-Charge
0,0,0,1.15299481132925,1,0,1,-1.54470364588024,0,0,0,2,Long-Tenure Lower-Charge
1,0,0,-1.06628761155596,1,1,1,-1.54470364588024,0,0,0,0,Short-Tenure Lower-Charge
1,0,0,-0.778602853033805,1,0,0,-1.54470364588024,0,0,1,0,Short-Tenure Lower-Charge
0,1,1,-0.408722449219603,1,1,1,0.74656685716881,0,0,1,3,Short-Tenure Higher-Charge
0,0,0,-0.984091966263917,1,0,0,0.881347474995224,1,0,0,3,Short-Tenure Higher-Charge
0,1,0,-0.901896320971872,1,1,0,1.15090871064805,1,1,0,3,Short-Tenure Higher-Charge
0,0,0,0.618723116930958,1,0,0,0.308529849232963,0,0,0,1,Long-Tenure Higher-Charge
1,0,0,1.23519045662129,1,0,1,-1.54470364588024,0,0,0,2,Long-Tenure Lower-Charge
0,0,0,-1.10738543420198,1,1,0,1.15090871064805,1,0,1,3,Short-Tenure Higher-Charge
0,0,0,-1.14848325684801,0,1,1,-0.500153857725524,0,1,0,0,Short-Tenure Lower-Charge
1,0,0,1.52287521514345,1,0,1,0.74656685716881,0,0,0,1,Long-Tenure Higher-Charge
1,0,0,-1.02518978890994,1,1,0,0.00527345912353,0,0,0,3,Short-Tenure Higher-Charge
0,0,1,0.536527471638913,1,0,0,-1.37622787359722,0,1,0,2,Long-Tenure Lower-Charge
0,0,1,1.44067956985141,1,1,1,0.611786239342395,0,0,0,1,Long-Tenure Higher-Charge
1,0,1,-0.0799398680514234,1,1,0,-1.51100849142363,0,0,1,0,Short-Tenure Lower-Charge
0,0,0,-1.10738543420198,1,0,1,0.611786239342395,1,0,0,3,Short-Tenure Higher-Charge
1,0,0,-1.27177672478607,1,1,0,0.443310467059377,0,0,1,3,Short-Tenure Higher-Charge
1,1,0,0.413234003700846,1,0,0,0.948737783908432,0,0,0,1,Long-Tenure Higher-Charge
1,0,1,0.536527471638913,1,1,0,-1.54470364588024,0,0,1,2,Long-Tenure Lower-Charge
1,0,0,0.659820939576981,1,1,0,1.11721355619145,0,1,0,1,Long-Tenure Higher-Charge
1,0,0,0.742016584869025,1,1,1,0.982432938365035,1,1,0,1,Long-Tenure Higher-Charge
1,0,1,-0.203233335989491,1,1,0,0.915042629451828,0,0,1,3,Short-Tenure Higher-Charge
1,0,0,1.31738610191334,1,0,0,0.881347474995224,1,0,1,1,Long-Tenure Higher-Charge
1,0,0,0.742016584869025,1,1,1,0.578091084885792,0,0,0,1,Long-Tenure Higher-Charge
1,0,1,-1.3128745474321,1,1,0,0.308529849232963,1,0,1,3,Short-Tenure Higher-Charge
0,0,0,-0.367624626573581,1,0,0,-1.54470364588024,0,0,0,0,Short-Tenure Lower-Charge
0,0,0,0.618723116930958,0,0,0,-1.03927632903118,1,0,0,2,Long-Tenure Lower-Charge
1,1,0,-1.3128745474321,1,0,1,0.477005621515981,1,0,0,3,Short-Tenure Higher-Charge
1,0,0,-0.244331158635513,1,1,1,-0.36537323989911,0,0,1,0,Short-Tenure Lower-Charge
1,0,1,-1.3128745474321,1,0,0,-0.533849012182128,1,0,0,0,Short-Tenure Lower-Charge
0,0,1,1.52287521514345,0,0,1,-0.264287776529299,0,0,0,2,Long-Tenure Lower-Charge
1,0,0,0.0844514225326663,1,1,1,0.308529849232963,1,0,0,3,Short-Tenure Higher-Charge
1,0,0,1.39958174720538,0,0,1,-0.567544166638732,0,0,0,2,Long-Tenure Lower-Charge
1,0,0,-1.27177672478607,1,0,1,-0.668629630008542,1,0,0,0,Short-Tenure Lower-Charge
0,0,1,-0.737505030387783,1,1,1,-1.51100849142363,0,0,0,0,Short-Tenure Lower-Charge
0,0,0,-1.3128745474321,1,1,1,-1.54470364588024,0,1,0,0,Short-Tenure Lower-Charge
1,0,1,1.19409263397527,1,0,0,-1.37622787359722,0,0,0,2,Long-Tenure Lower-Charge
0,0,1,0.125549245178689,1,0,0,-1.54470364588024,0,0,0,2,Long-Tenure Lower-Charge
1,0,0,1.6050708604355,1,1,1,1.31938448293107,0,0,0,1,Long-Tenure Higher-Charge
1,0,0,1.52287521514345,1,0,0,0.443310467059377,0,0,0,1,Long-Tenure Higher-Charge
1,0,0,-1.3128745474321,1,1,0,-0.399068394355713,1,0,1,0,Short-Tenure Lower-Charge
1,0,0,-0.367624626573581,1,0,0,-0.264287776529299,0,0,0,3,Short-Tenure Higher-Charge
1,1,0,0.495429648992891,1,0,0,-0.0958120042462808,1,0,1,1,Long-Tenure Higher-Charge
1,0,0,-0.162135513343468,1,0,0,-1.54470364588024,0,1,0,0,Short-Tenure Lower-Charge
0,0,1,0.0022557772406214,1,0,0,0.780262011625413,0,1,0,3,Short-Tenure Higher-Charge
0,0,0,-1.06628761155596,1,1,1,1.15090871064805,0,0,0,3,Short-Tenure Higher-Charge
0,0,0,-1.06628761155596,1,1,1,0.477005621515981,1,0,0,3,Short-Tenure Higher-Charge
1,0,0,-0.614211562449715,1,0,1,0.241139540319755,0,0,0,3,Short-Tenure Higher-Charge
1,0,1,-1.27177672478607,1,0,0,-1.57839880033684,0,0,0,0,Short-Tenure Lower-Charge
1,0,1,1.35848392455936,1,0,0,0.477005621515981,0,0,1,1,Long-Tenure Higher-Charge
0,0,0,-1.23067890214005,1,1,0,-1.54470364588024,1,0,0,0,Short-Tenure Lower-Charge
0,0,1,1.6050708604355,1,1,1,0.0389686135801337,0,0,0,1,Long-Tenure Higher-Charge
0,1,0,-0.819700675679827,0,0,1,-0.702324784465146,0,0,0,0,Short-Tenure Lower-Charge
1,0,0,-0.367624626573581,1,0,0,0.679176548255603,0,0,0,3,Short-Tenure Higher-Charge
1,0,0,1.52287521514345,1,0,1,0.308529849232963,0,0,0,1,Long-Tenure Higher-Charge
1,0,1,1.56397303778947,1,1,1,1.04982324727824,0,0,1,1,Long-Tenure Higher-Charge
1,0,0,0.947505698099138,1,1,0,-0.196897467616092,0,0,0,2,Long-Tenure Lower-Charge
0,0,0,-1.10738543420198,1,0,1,0.948737783908432,1,0,0,3,Short-Tenure Higher-Charge
0,0,0,-1.3128745474321,1,0,0,-0.702324784465146,1,1,0,0,Short-Tenure Lower-Charge
0,0,1,-0.490918094511648,1,0,0,-0.702324784465146,0,0,0,0,Short-Tenure Lower-Charge
1,0,1,-0.778602853033805,1,0,0,-0.0284216953330735,1,1,0,3,Short-Tenure Higher-Charge
1,0,0,-0.819700675679827,1,1,0,0.00527345912353,0,1,0,3,Short-Tenure Higher-Charge
0,0,0,-0.86079849832585,1,1,1,0.948737783908432,1,0,0,3,Short-Tenure Higher-Charge
1,0,0,1.31738610191334,1,0,0,0.847652320538621,0,0,0,1,Long-Tenure Higher-Charge
1,0,0,-0.121037690697446,1,0,0,0.611786239342395,0,0,0,3,Short-Tenure Higher-Charge
0,0,0,-1.27177672478607,0,1,1,-1.40992302805382,0,0,1,0,Short-Tenure Lower-Charge
0,0,1,-0.86079849832585,1,0,0,-1.54470364588024,0,0,0,0,Short-Tenure Lower-Charge
1,0,0,0.947505698099138,1,1,0,1.38677479184428,0,0,1,1,Long-Tenure Higher-Charge
0,1,0,1.39958174720538,1,0,0,0.881347474995224,0,0,0,1,Long-Tenure Higher-Charge
1,0,1,-1.18958107949403,1,1,1,-0.500153857725524,1,0,0,0,Short-Tenure Lower-Charge
0,1,0,1.31738610191334,1,1,1,0.948737783908432,0,0,0,1,Long-Tenure Higher-Charge
1,0,0,1.11189698868323,1,0,0,1.18460386510466,0,0,1,1,Long-Tenure Higher-Charge
0,0,0,0.166647067824711,1,0,0,1.15090871064805,1,0,0,1,Long-Tenure Higher-Charge
1,0,0,1.6050708604355,1,0,0,-1.54470364588024,0,0,0,2,Long-Tenure Lower-Charge
0,0,1,0.783114407515048,1,0,0,1.15090871064805,0,0,0,1,Long-Tenure Higher-Charge
1,1,0,-0.819700675679827,1,0,0,1.38677479184428,1,0,1,3,Short-Tenure Higher-Charge
0,1,0,0.947505698099138,1,0,0,1.04982324727824,0,0,0,1,Long-Tenure Higher-Charge
0,0,0,0.742016584869025,1,1,1,-1.51100849142363,0,0,0,2,Long-Tenure Lower-Charge
1,0,1,-1.06628761155596,0,0,0,-0.230592622072695,0,0,0,0,Short-Tenure Lower-Charge
0,1,0,-0.655309385095738,1,1,1,0.948737783908432,0,0,0,3,Short-Tenure Higher-Charge
1,0,0,-0.614211562449715,1,0,0,-1.54470364588024,0,1,0,0,Short-Tenure Lower-Charge
1,0,0,0.700918762223003,1,1,1,1.11721355619145,0,1,0,1,Long-Tenure Higher-Charge
0,1,0,-0.038842045405401,1,0,0,-0.36537323989911,0,0,0,3,Short-Tenure Higher-Charge
0,0,0,-1.3128745474321,1,0,1,0.308529849232963,1,0,0,3,Short-Tenure Higher-Charge
1,0,0,0.536527471638913,1,1,1,0.982432938365035,0,0,0,1,Long-Tenure Higher-Charge
1,0,1,-0.69640720774176,1,1,0,-1.54470364588024,0,0,1,0,Short-Tenure Lower-Charge
0,0,0,-1.3128745474321,1,1,0,0.173749231406548,1,0,0,3,Short-Tenure Higher-Charge
0,0,0,0.742016584869025,1,1,1,1.11721355619145,0,0,0,1,Long-Tenure Higher-Charge
0,0,0,-0.326526803927558,1,1,1,1.45416510075749,0,0,0,3,Short-Tenure Higher-Charge
1,0,0,-1.02518978890994,1,1,1,-0.73601993892175,0,0,0,0,Short-Tenure Lower-Charge
0,0,0,0.0022557772406214,1,0,1,-0.399068394355713,0,1,0,0,Short-Tenure Lower-Charge
1,0,0,0.865310052807093,1,1,1,-0.0284216953330735,0,0,1,1,Long-Tenure Higher-Charge
0,0,1,-0.614211562449715,1,1,1,-1.37622787359722,0,0,1,0,Short-Tenure Lower-Charge
0,0,1,-0.244331158635513,1,0,1,-1.51100849142363,0,0,0,0,Short-Tenure Lower-Charge
1,0,1,1.44067956985141,1,1,1,1.18460386510466,0,0,0,1,Long-Tenure Higher-Charge
0,0,1,1.07079916603721,1,0,0,-1.37622787359722,0,0,0,2,Long-Tenure Lower-Charge
0,1,0,0.947505698099138,1,0,0,0.37592015814617,0,0,0,1,Long-Tenure Higher-Charge
1,1,0,1.6050708604355,1,1,1,-1.37622787359722,0,0,0,2,Long-Tenure Lower-Charge
0,1,0,0.865310052807093,1,0,1,0.207444385863152,0,0,0,1,Long-Tenure Higher-Charge
0,0,0,0.577625294284936,1,1,0,-1.51100849142363,0,0,1,2,Long-Tenure Lower-Charge
1,0,1,0.700918762223003,0,0,0,-0.769715093378353,0,0,0,2,Long-Tenure Lower-Charge
1,0,0,1.56397303778947,1,0,0,1.28568932847447,0,1,0,1,Long-Tenure Higher-Charge
0,0,0,-1.3128745474321,1,0,1,-0.702324784465146,0,0,1,0,Short-Tenure Lower-Charge
0,0,0,-1.23067890214005,1,0,1,0.342225003689566,1,0,0,3,Short-Tenure Higher-Charge
0,0,0,-0.490918094511648,0,1,0,-1.03927632903118,0,0,1,0,Short-Tenure Lower-Charge
1,0,1,1.35848392455936,0,1,1,-0.500153857725524,0,0,1,2,Long-Tenure Lower-Charge
0,0,1,0.618723116930958,1,0,0,1.01612809282164,1,0,0,1,Long-Tenure Higher-Charge
1,1,0,0.577625294284936,1,1,1,1.15090871064805,1,0,0,1,Long-Tenure Higher-Charge
1,0,1,1.11189698868323,1,0,0,-1.40992302805382,0,1,0,2,Long-Tenure Lower-Charge
1,0,0,0.166647067824711,1,1,1,0.847652320538621,0,0,0,1,Long-Tenure Higher-Charge
1,0,1,-0.614211562449715,1,1,0,0.510700775972585,0,0,0,3,Short-Tenure Higher-Charge
1,0,1,1.6050708604355,1,0,1,0.813957166082017,0,0,0,1,Long-Tenure Higher-Charge
0,0,0,-1.10738543420198,1,0,0,0.847652320538621,0,0,0,3,Short-Tenure Higher-Charge
1,1,0,0.0022557772406214,1,1,1,0.948737783908432,0,1,0,3,Short-Tenure Higher-Charge
1,0,0,0.0844514225326663,1,0,0,1.04982324727824,0,0,1,3,Short-Tenure Higher-Charge
0,0,0,0.166647067824711,1,1,1,0.443310467059377,0,0,0,3,Short-Tenure Higher-Charge
1,1,0,-1.3128745474321,1,0,0,0.140054076949945,1,0,1,3,Short-Tenure Higher-Charge
1,0,0,1.56397303778947,1,0,0,-1.40992302805382,0,1,0,2,Long-Tenure Lower-Charge
1,1,0,-0.69640720774176,1,1,1,0.645481393798999,0,1,0,3,Short-Tenure Higher-Charge
1,1,0,0.865310052807093,1,1,1,0.274834694776359,0,1,0,1,Long-Tenure Higher-Charge
0,0,1,1.6050708604355,1,1,0,0.645481393798999,0,0,1,1,Long-Tenure Higher-Charge
0,0,0,-0.86079849832585,1,1,0,0.477005621515981,0,0,1,3,Short-Tenure Higher-Charge
0,0,1,1.48177739249743,1,1,0,-1.54470364588024,0,0,1,2,Long-Tenure Lower-Charge
1,1,0,-0.367624626573581,1,1,1,1.25199417401786,1,1,0,3,Short-Tenure Higher-Charge
0,0,1,-1.02518978890994,1,0,0,-1.54470364588024,1,1,0,0,Short-Tenure Lower-Charge
1,1,1,-0.901896320971872,1,1,1,-0.36537323989911,0,0,0,0,Short-Tenure Lower-Charge
0,0,0,-0.984091966263917,1,1,1,-0.73601993892175,0,1,0,0,Short-Tenure Lower-Charge
1,0,1,0.0433535998866439,1,0,0,0.409615312602774,1,0,0,3,Short-Tenure Higher-Charge
0,0,0,1.35848392455936,0,0,0,-0.634934475551939,0,1,0,2,Long-Tenure Lower-Charge
0,0,0,0.331038358408801,1,0,1,-1.51100849142363,0,0,0,2,Long-Tenure Lower-Charge
1,0,0,1.31738610191334,1,1,0,1.31938448293107,0,0,0,1,Long-Tenure Higher-Charge
1,0,1,1.44067956985141,1,0,0,1.35307963738768,0,0,1,1,Long-Tenure Higher-Charge
1,1,0,-0.408722449219603,1,0,0,1.35307963738768,1,0,1,3,Short-Tenure Higher-Charge
1,0,0,0.0022557772406214,1,0,0,-1.54470364588024,0,0,1,0,Short-Tenure Lower-Charge
1,1,0,-0.326526803927558,1,1,1,0.813957166082017,1,0,0,3,Short-Tenure Higher-Charge
1,0,1,1.6050708604355,1,0,0,1.6226408730405,0,1,0,1,Long-Tenure Higher-Charge
1,0,1,0.82421223016107,1,0,0,-1.54470364588024,1,1,0,2,Long-Tenure Lower-Charge
0,0,0,0.82421223016107,1,1,0,1.15090871064805,0,1,0,1,Long-Tenure Higher-Charge
1,0,0,-0.614211562449715,1,1,0,0.544395930429188,1,0,1,3,Short-Tenure Higher-Charge
1,1,0,1.19409263397527,1,1,1,0.780262011625413,0,0,1,1,Long-Tenure Higher-Charge
0,0,0,1.52287521514345,1,1,1,-0.0284216953330735,1,0,0,1,Long-Tenure Higher-Charge
1,1,0,-0.244331158635513,1,1,1,1.31938448293107,0,0,0,3,Short-Tenure Higher-Charge
0,0,0,1.15299481132925,1,0,0,1.25199417401786,0,0,0,1,Long-Tenure Higher-Charge
1,1,0,0.82421223016107,1,0,1,1.28568932847447,1,0,0,1,Long-Tenure Higher-Charge
0,0,0,0.865310052807093,1,0,0,1.28568932847447,1,0,1,1,Long-Tenure Higher-Charge
1,1,1,1.27628827926732,1,1,0,1.5552505641273,0,0,1,1,Long-Tenure Higher-Charge
0,1,0,-0.121037690697446,1,0,0,1.15090871064805,1,0,1,3,Short-Tenure Higher-Charge
0,0,1,0.700918762223003,1,1,1,-1.51100849142363,0,0,0,2,Long-Tenure Lower-Charge
1,0,0,0.207744890470734,1,1,1,1.31938448293107,0,0,0,1,Long-Tenure Higher-Charge
0,0,1,1.6050708604355,1,0,0,1.11721355619145,0,1,0,1,Long-Tenure Higher-Charge
1,1,0,0.248842713116756,1,0,0,1.35307963738768,1,1,0,1,Long-Tenure Higher-Charge
1,0,0,-0.121037690697446,1,0,0,-0.0621168497896772,0,0,0,3,Short-Tenure Higher-Charge
0,1,0,-0.285428981281536,1,0,0,0.982432938365035,1,1,0,3,Short-Tenure Higher-Charge
0,0,0,-1.10738543420198,1,1,0,0.679176548255603,0,0,0,3,Short-Tenure Higher-Charge
0,0,0,-0.69640720774176,1,0,0,-0.399068394355713,1,1,0,0,Short-Tenure Lower-Charge
0,0,1,0.742016584869025,0,0,1,-0.331678085442506,0,0,0,2,Long-Tenure Lower-Charge
0,0,1,-0.655309385095738,1,1,0,1.11721355619145,1,0,1,3,Short-Tenure Higher-Charge
0,0,0,-1.3128745474321,1,0,1,0.443310467059377,1,0,0,3,Short-Tenure Higher-Charge
1,0,0,1.19409263397527,1,0,0,-1.54470364588024,0,0,0,2,Long-Tenure Lower-Charge
1,0,1,-0.819700675679827,1,1,0,-0.0284216953330735,0,0,0,3,Short-Tenure Higher-Charge
1,0,1,1.27628827926732,1,0,0,0.241139540319755,0,0,1,1,Long-Tenure Higher-Charge
1,0,0,0.454331826346868,1,0,1,0.645481393798999,0,0,0,1,Long-Tenure Higher-Charge
0,0,1,-0.69640720774176,1,0,0,1.5889457185839,0,1,0,3,Short-Tenure Higher-Charge
1,0,1,-0.737505030387783,1,1,0,-1.37622787359722,0,0,1,0,Short-Tenure Lower-Charge
0,0,1,0.125549245178689,0,0,1,-0.837105402291561,0,0,0,2,Long-Tenure Lower-Charge
1,0,1,-1.3128745474321,1,0,1,0.847652320538621,1,0,0,3,Short-Tenure Higher-Charge
1,1,0,-0.367624626573581,1,0,0,0.140054076949945,0,0,0,3,Short-Tenure Higher-Charge
0,0,0,1.11189698868323,1,0,0,-1.54470364588024,0,0,1,2,Long-Tenure Lower-Charge
0,0,0,-1.23067890214005,1,1,1,0.881347474995224,1,0,1,3,Short-Tenure Higher-Charge
1,0,1,-0.69640720774176,1,0,0,0.847652320538621,0,1,0,3,Short-Tenure Higher-Charge
1,0,0,1.35848392455936,1,0,0,0.679176548255603,0,0,1,1,Long-Tenure Higher-Charge
1,0,0,1.35848392455936,1,0,0,1.28568932847447,0,1,0,1,Long-Tenure Higher-Charge
1,0,0,0.495429648992891,1,0,0,-1.54470364588024,1,1,0,2,Long-Tenure Lower-Charge
1,1,1,0.413234003700846,1,0,1,1.52155540967069,1,0,0,1,Long-Tenure Higher-Charge
1,1,1,1.56397303778947,1,0,0,-1.54470364588024,0,1,0,2,Long-Tenure Lower-Charge
1,0,0,-1.3128745474321,1,0,0,-0.702324784465146,1,1,0,0,Short-Tenure Lower-Charge
1,0,1,-1.3128745474321,1,1,1,0.173749231406548,1,1,0,3,Short-Tenure Higher-Charge
0,1,0,-0.53201591715767,1,0,1,0.510700775972585,0,0,0,3,Short-Tenure Higher-Charge
0,1,0,1.31738610191334,0,0,1,-0.399068394355713,0,0,0,2,Long-Tenure Lower-Charge
1,0,1,-0.573113739803693,1,0,0,-1.54470364588024,0,0,0,0,Short-Tenure Lower-Charge
1,0,0,1.56397303778947,1,0,1,1.45416510075749,1,0,0,1,Long-Tenure Higher-Charge
0,1,0,-1.3128745474321,0,0,1,-1.37622787359722,1,0,0,0,Short-Tenure Lower-Charge
1,0,0,0.0022557772406214,1,0,0,0.0726637680367373,1,0,1,3,Short-Tenure Higher-Charge
1,0,0,1.56397303778947,1,0,1,-0.399068394355713,0,0,0,2,Long-Tenure Lower-Charge
0,0,0,-0.819700675679827,1,1,0,0.0726637680367373,0,1,0,3,Short-Tenure Higher-Charge
0,0,0,-0.162135513343468,1,0,0,-1.57839880033684,0,0,0,0,Short-Tenure Lower-Charge
0,0,0,-0.819700675679827,1,1,1,0.207444385863152,0,0,0,3,Short-Tenure Higher-Charge
1,0,0,-0.449820271865625,0,1,1,-0.297982930985903,0,0,1,0,Short-Tenure Lower-Charge
1,1,0,-1.06628761155596,1,0,0,1.11721355619145,1,0,0,3,Short-Tenure Higher-Charge
1,0,0,0.577625294284936,1,1,0,-1.37622787359722,0,0,1,2,Long-Tenure Lower-Charge
1,0,0,-0.285428981281536,1,0,1,-1.54470364588024,0,0,0,0,Short-Tenure Lower-Charge
1,1,0,-0.819700675679827,1,1,1,-0.196897467616092,0,0,0,3,Short-Tenure Higher-Charge
1,0,0,-0.285428981281536,1,0,0,0.813957166082017,1,0,0,3,Short-Tenure Higher-Charge
1,0,1,-1.27177672478607,1,1,1,-1.54470364588024,0,1,0,0,Short-Tenure Lower-Charge
0,0,0,-1.18958107949403,0,0,1,-1.40992302805382,1,1,0,0,Short-Tenure Lower-Charge
0,0,0,0.783114407515048,1,0,0,0.510700775972585,0,0,0,1,Long-Tenure Higher-Charge
1,1,0,-1.23067890214005,1,0,0,0.847652320538621,1,1,0,3,Short-Tenure Higher-Charge
1,1,0,1.19409263397527,1,0,1,1.52155540967069,0,1,0,1,Long-Tenure Higher-Charge
0,0,1,1.52287521514345,1,1,1,0.948737783908432,1,0,1,1,Long-Tenure Higher-Charge
0,0,0,1.56397303778947,1,1,1,1.28568932847447,0,0,0,1,Long-Tenure Higher-Charge
1,0,0,1.48177739249743,0,0,0,-1.00558117457458,0,0,0,2,Long-Tenure Lower-Charge
1,0,0,0.0844514225326663,1,1,1,-1.34253271914062,0,0,0,2,Long-Tenure Lower-Charge
1,0,0,1.23519045662129,1,1,0,1.25199417401786,0,0,1,1,Long-Tenure Higher-Charge
0,1,0,1.48177739249743,1,0,0,1.31938448293107,0,0,0,1,Long-Tenure Higher-Charge
0,0,1,1.6050708604355,1,1,1,1.15090871064805,0,0,0,1,Long-Tenure Higher-Charge
0,0,0,0.125549245178689,1,1,1,0.477005621515981,0,1,0,3,Short-Tenure Higher-Charge
1,0,0,0.0022557772406214,1,1,0,0.241139540319755,0,0,1,3,Short-Tenure Higher-Charge
0,0,0,-0.203233335989491,1,0,0,0.813957166082017,0,1,0,3,Short-Tenure Higher-Charge
0,0,0,-0.244331158635513,1,1,1,-1.54470364588024,0,0,1,0,Short-Tenure Lower-Charge
0,0,0,-1.3128745474321,1,0,0,0.274834694776359,0,0,1,3,Short-Tenure Higher-Charge
1,0,1,1.6050708604355,0,0,0,-0.938190865661371,0,0,0,2,Long-Tenure Lower-Charge
0,0,0,1.23519045662129,1,1,1,1.08351840173485,0,0,0,1,Long-Tenure Higher-Charge
1,0,1,-0.86079849832585,1,0,0,0.140054076949945,0,0,0,3,Short-Tenure Higher-Charge
1,0,1,-0.86079849832585,1,0,0,-1.37622787359722,0,0,0,0,Short-Tenure Lower-Charge
0,1,0,1.52287521514345,1,0,1,1.5889457185839,0,0,0,1,Long-Tenure Higher-Charge
0,0,0,-1.3128745474321,1,1,1,-0.702324784465146,0,0,0,0,Short-Tenure Lower-Charge
0,0,0,-0.53201591715767,1,0,1,0.780262011625413,0,1,0,3,Short-Tenure Higher-Charge
0,0,0,1.6050708604355,1,1,0,-1.37622787359722,0,1,0,2,Long-Tenure Lower-Charge
0,0,0,-1.14848325684801,1,0,0,0.342225003689566,0,0,0,3,Short-Tenure Higher-Charge
1,0,1,0.248842713116756,0,0,1,-1.37622787359722,0,1,0,2,Long-Tenure Lower-Charge
1,0,0,-1.3128745474321,1,0,0,-0.399068394355713,0,0,1,0,Short-Tenure Lower-Charge
1,0,1,-0.737505030387783,1,1,0,-0.36537323989911,0,0,1,0,Short-Tenure Lower-Charge
0,0,0,1.6050708604355,1,0,0,-1.37622787359722,0,1,0,2,Long-Tenure Lower-Charge
1,0,1,-0.367624626573581,0,0,1,-1.00558117457458,0,0,1,0,Short-Tenure Lower-Charge
1,0,1,0.0433535998866439,1,0,0,1.28568932847447,0,0,0,1,Long-Tenure Higher-Charge
0,0,0,-0.984091966263917,1,1,1,0.477005621515981,1,1,0,3,Short-Tenure Higher-Charge
0,1,1,1.6050708604355,1,1,1,0.74656685716881,0,0,0,1,Long-Tenure Higher-Charge
0,0,1,-1.02518978890994,1,1,1,-1.51100849142363,0,0,0,0,Short-Tenure Lower-Charge
0,0,1,-1.10738543420198,1,0,1,-1.57839880033684,0,0,0,0,Short-Tenure Lower-Charge
0,0,0,0.125549245178689,1,0,0,0.74656685716881,1,0,0,3,Short-Tenure Higher-Charge
1,0,0,1.6050708604355,1,0,0,-1.37622787359722,0,0,0,2,Long-Tenure Lower-Charge
0,0,0,-1.02518978890994,1,0,0,-0.533849012182128,1,0,1,0,Short-Tenure Lower-Charge
1,0,0,0.454331826346868,1,0,0,-1.54470364588024,0,1,0,2,Long-Tenure Lower-Charge
0,0,0,-0.614211562449715,1,0,0,0.140054076949945,0,1,0,3,Short-Tenure Higher-Charge
0,0,1,0.248842713116756,1,0,0,1.15090871064805,0,1,0,1,Long-Tenure Higher-Charge
1,0,1,1.11189698868323,1,1,0,0.982432938365035,0,0,1,1,Long-Tenure Higher-Charge
1,0,0,-0.490918094511648,1,1,0,-1.54470364588024,0,0,0,0,Short-Tenure Lower-Charge
1,0,1,1.11189698868323,1,0,1,0.645481393798999,0,0,0,1,Long-Tenure Higher-Charge
0,0,1,1.19409263397527,1,1,1,0.173749231406548,0,1,0,1,Long-Tenure Higher-Charge
0,0,1,-1.02518978890994,1,1,1,-1.54470364588024,0,0,0,0,Short-Tenure Lower-Charge
1,0,0,1.31738610191334,1,0,0,-1.37622787359722,0,0,0,2,Long-Tenure Lower-Charge
0,0,1,-0.655309385095738,1,0,1,-1.51100849142363,0,0,0,0,Short-Tenure Lower-Charge
1,0,0,1.11189698868323,1,1,0,-0.163202313159488,0,0,0,2,Long-Tenure Lower-Charge
0,0,1,-0.901896320971872,1,0,0,-1.57839880033684,1,0,1,0,Short-Tenure Lower-Charge
0,0,0,-1.27177672478607,1,0,0,-1.54470364588024,0,1,0,0,Short-Tenure Lower-Charge
0,0,0,-0.490918094511648,1,0,0,1.28568932847447,1,0,1,3,Short-Tenure Higher-Charge
0,0,0,1.35848392455936,1,0,1,1.25199417401786,0,0,0,1,Long-Tenure Higher-Charge
1,0,0,-0.69640720774176,1,1,1,-1.57839880033684,0,0,0,0,Short-Tenure Lower-Charge
1,0,1,1.35848392455936,1,1,1,0.308529849232963,0,0,0,1,Long-Tenure Higher-Charge
0,0,0,0.536527471638913,1,0,0,0.443310467059377,0,1,0,1,Long-Tenure Higher-Charge
0,0,0,1.52287521514345,1,0,1,0.813957166082017,0,1,0,1,Long-Tenure Higher-Charge
1,0,1,1.6050708604355,1,0,1,-1.54470364588024,0,0,0,2,Long-Tenure Lower-Charge
1,0,0,-1.3128745474321,1,0,0,-0.702324784465146,0,0,1,0,Short-Tenure Lower-Charge
0,0,1,-1.3128745474321,1,0,1,-1.40992302805382,0,1,0,0,Short-Tenure Lower-Charge
1,1,0,-1.02518978890994,1,0,0,1.18460386510466,1,1,0,3,Short-Tenure Higher-Charge
0,0,0,-1.27177672478607,1,0,1,-0.567544166638732,0,0,1,0,Short-Tenure Lower-Charge
1,0,1,-1.3128745474321,1,1,1,-1.57839880033684,0,0,0,0,Short-Tenure Lower-Charge
1,0,0,-0.655309385095738,1,0,0,-1.54470364588024,0,0,0,0,Short-Tenure Lower-Charge
1,0,1,1.02970134339118,0,0,0,-0.533849012182128,0,1,0,2,Long-Tenure Lower-Charge
1,0,1,1.07079916603721,1,1,1,0.712871702712206,0,0,1,1,Long-Tenure Higher-Charge
0,0,0,-0.86079849832585,1,0,0,0.780262011625413,1,0,1,3,Short-Tenure Higher-Charge
0,0,0,-1.23067890214005,1,0,0,-0.0621168497896772,1,1,0,3,Short-Tenure Higher-Charge
1,0,1,-0.038842045405401,0,0,1,-0.500153857725524,0,0,0,2,Long-Tenure Lower-Charge
0,0,1,-1.06628761155596,0,0,0,-1.37622787359722,0,0,1,0,Short-Tenure Lower-Charge
1,0,1,-1.02518978890994,1,1,1,-1.54470364588024,0,1,0,0,Short-Tenure Lower-Charge
1,0,0,-0.449820271865625,1,1,0,0.645481393798999,1,0,0,3,Short-Tenure Higher-Charge
1,0,0,1.35848392455936,1,1,0,1.04982324727824,0,0,0,1,Long-Tenure Higher-Charge
0,1,0,-0.408722449219603,1,1,1,0.308529849232963,0,0,0,3,Short-Tenure Higher-Charge
0,1,0,-1.3128745474321,1,1,1,0.679176548255603,1,0,0,3,Short-Tenure Higher-Charge
1,0,0,-0.490918094511648,1,1,1,-0.0284216953330735,0,0,0,3,Short-Tenure Higher-Charge
0,0,0,-0.984091966263917,1,1,0,0.308529849232963,1,1,0,3,Short-Tenure Higher-Charge
0,0,1,0.454331826346868,1,0,0,-0.331678085442506,0,1,0,2,Long-Tenure Lower-Charge
1,1,0,-0.737505030387783,1,1,0,0.443310467059377,1,0,1,3,Short-Tenure Higher-Charge
0,0,1,1.39958174720538,1,0,0,0.274834694776359,0,0,0,1,Long-Tenure Higher-Charge
0,0,0,0.947505698099138,1,0,1,1.08351840173485,1,0,0,1,Long-Tenure Higher-Charge
0,0,0,-1.18958107949403,0,1,1,-1.2414472557708,0,0,0,0,Short-Tenure Lower-Charge
1,0,1,0.413234003700846,1,0,1,0.443310467059377,0,0,0,1,Long-Tenure Higher-Charge
1,1,0,1.15299481132925,1,0,0,0.544395930429188,0,1,0,1,Long-Tenure Higher-Charge
1,0,0,0.454331826346868,1,1,0,-0.0284216953330735,0,0,0,1,Long-Tenure Higher-Charge
0,0,1,-0.984091966263917,1,1,0,0.342225003689566,0,1,0,3,Short-Tenure Higher-Charge
0,0,1,1.6050708604355,1,0,0,1.69003118195371,0,0,1,1,Long-Tenure Higher-Charge
0,0,0,-1.06628761155596,1,0,1,0.982432938365035,1,0,0,3,Short-Tenure Higher-Charge
1,0,0,-0.984091966263917,1,0,0,-0.73601993892175,0,0,1,0,Short-Tenure Lower-Charge
0,0,1,0.742016584869025,1,0,0,-1.54470364588024,0,0,0,2,Long-Tenure Lower-Charge
1,0,0,1.35848392455936,0,0,1,-1.2414472557708,0,0,0,2,Long-Tenure Lower-Charge
1,0,0,-0.778602853033805,1,1,1,-1.37622787359722,0,0,1,0,Short-Tenure Lower-Charge
0,0,1,-0.942994143617895,1,0,0,-1.54470364588024,0,1,0,0,Short-Tenure Lower-Charge
0,0,0,-0.655309385095738,1,0,0,-1.57839880033684,0,0,0,0,Short-Tenure Lower-Charge
1,0,0,0.618723116930958,1,0,1,0.982432938365035,0,1,0,1,Long-Tenure Higher-Charge
1,0,0,-0.573113739803693,1,1,1,-1.54470364588024,0,1,0,0,Short-Tenure Lower-Charge
1,0,1,1.23519045662129,1,1,0,-1.54470364588024,0,0,0,2,Long-Tenure Lower-Charge
1,1,0,1.39958174720538,1,1,1,1.31938448293107,0,0,0,1,Long-Tenure Higher-Charge
0,0,1,1.23519045662129,1,0,0,-0.0621168497896772,0,0,0,2,Long-Tenure Lower-Charge
0,1,1,1.56397303778947,1,1,0,0.106358922493341,0,1,0,1,Long-Tenure Higher-Charge
1,0,1,0.125549245178689,1,0,1,-0.399068394355713,0,0,0,2,Long-Tenure Lower-Charge
1,1,0,-0.69640720774176,1,0,0,0.881347474995224,0,0,0,3,Short-Tenure Higher-Charge
0,0,0,-1.27177672478607,1,0,0,-1.51100849142363,0,0,0,0,Short-Tenure Lower-Charge
1,0,0,1.6050708604355,1,0,0,1.31938448293107,0,0,0,1,Long-Tenure Higher-Charge
0,0,1,-0.367624626573581,1,1,1,-0.36537323989911,0,0,0,0,Short-Tenure Lower-Charge
1,0,0,0.372136181054823,1,1,1,1.21829901956126,1,0,0,1,Long-Tenure Higher-Charge
0,0,1,0.495429648992891,1,0,1,-1.51100849142363,0,0,0,2,Long-Tenure Lower-Charge
1,0,0,1.07079916603721,1,0,0,1.15090871064805,1,0,0,1,Long-Tenure Higher-Charge
0,0,0,1.23519045662129,1,1,1,1.01612809282164,0,0,0,1,Long-Tenure Higher-Charge
1,0,0,0.413234003700846,1,0,0,-0.196897467616092,0,0,1,2,Long-Tenure Lower-Charge
0,0,1,1.56397303778947,1,1,1,0.712871702712206,0,0,1,1,Long-Tenure Higher-Charge
0,0,0,-0.86079849832585,1,1,0,-0.73601993892175,0,0,1,0,Short-Tenure Lower-Charge
1,0,1,-0.326526803927558,1,1,1,-1.57839880033684,0,0,0,0,Short-Tenure Lower-Charge
1,0,1,1.6050708604355,1,0,0,0.611786239342395,0,0,1,1,Long-Tenure Higher-Charge
0,0,0,-1.10738543420198,1,0,0,-0.36537323989911,0,1,0,0,Short-Tenure Lower-Charge
1,0,1,-0.121037690697446,1,0,1,-1.37622787359722,0,0,1,0,Short-Tenure Lower-Charge
0,1,0,0.536527471638913,1,1,1,1.15090871064805,0,0,0,1,Long-Tenure Higher-Charge
1,0,0,-1.27177672478607,1,0,0,0.241139540319755,1,0,1,3,Short-Tenure Higher-Charge
0,0,0,0.577625294284936,1,1,0,1.35307963738768,0,0,1,1,Long-Tenure Higher-Charge
0,0,1,0.742016584869025,0,0,0,-1.07297148348779,0,0,0,2,Long-Tenure Lower-Charge
0,0,0,0.372136181054823,1,1,1,-1.51100849142363,0,0,0,2,Long-Tenure Lower-Charge
0,0,0,1.19409263397527,1,0,0,1.18460386510466,0,0,0,1,Long-Tenure Higher-Charge
0,0,0,-1.14848325684801,1,0,0,-1.51100849142363,0,0,1,0,Short-Tenure Lower-Charge
1,0,1,0.82421223016107,1,0,0,0.207444385863152,0,0,1,1,Long-Tenure Higher-Charge
0,0,0,-0.942994143617895,1,0,0,1.11721355619145,1,0,1,3,Short-Tenure Higher-Charge
1,0,1,-0.614211562449715,1,1,1,-0.297982930985903,1,0,0,0,Short-Tenure Lower-Charge
0,0,1,0.742016584869025,1,0,0,0.679176548255603,0,0,0,1,Long-Tenure Higher-Charge
1,1,0,1.15299481132925,1,0,0,0.679176548255603,0,0,0,1,Long-Tenure Higher-Charge
1,0,0,-1.06628761155596,1,1,1,-0.702324784465146,0,1,0,0,Short-Tenure Lower-Charge
1,0,1,0.700918762223003,1,0,0,1.28568932847447,1,0,1,1,Long-Tenure Higher-Charge
1,0,0,-1.18958107949403,1,0,0,0.477005621515981,0,0,1,3,Short-Tenure Higher-Charge
0,1,0,0.577625294284936,1,0,0,0.645481393798999,1,0,0,1,Long-Tenure Higher-Charge
0,0,1,-0.038842045405401,1,0,0,-0.129507158702884,0,1,0,3,Short-Tenure Higher-Charge
0,0,0,-1.27177672478607,0,0,0,-0.702324784465146,1,0,0,0,Short-Tenure Lower-Charge
1,1,0,-0.244331158635513,0,1,1,-1.00558117457458,1,0,0,0,Short-Tenure Lower-Charge
0,0,1,-0.942994143617895,1,0,1,-0.331678085442506,0,1,0,0,Short-Tenure Lower-Charge
0,0,1,-0.490918094511648,1,1,1,0.274834694776359,1,0,1,3,Short-Tenure Higher-Charge
1,0,1,-0.86079849832585,1,1,0,-1.51100849142363,0,1,0,0,Short-Tenure Lower-Charge
0,1,0,0.742016584869025,1,0,0,-1.54470364588024,0,1,0,2,Long-Tenure Lower-Charge
0,0,1,-1.23067890214005,1,0,1,-0.230592622072695,0,0,0,0,Short-Tenure Lower-Charge
0,0,1,1.6050708604355,1,0,0,1.38677479184428,0,0,0,1,Long-Tenure Higher-Charge
0,0,0,-1.3128745474321,1,1,1,-0.73601993892175,1,0,0,0,Short-Tenure Lower-Charge
1,0,0,-1.14848325684801,1,0,0,0.645481393798999,1,0,0,3,Short-Tenure Higher-Charge
0,1,0,-1.3128745474321,1,1,0,0.645481393798999,1,0,0,3,Short-Tenure Higher-Charge
1,0,0,1.35848392455936,1,0,0,-1.37622787359722,0,0,1,2,Long-Tenure Lower-Charge
1,0,0,1.15299481132925,1,1,0,0.308529849232963,0,0,0,1,Long-Tenure Higher-Charge
1,0,1,-0.038842045405401,1,0,0,1.15090871064805,1,0,1,3,Short-Tenure Higher-Charge
0,0,0,1.31738610191334,1,0,1,-1.57839880033684,0,0,0,2,Long-Tenure Lower-Charge
0,1,0,0.331038358408801,1,1,1,1.18460386510466,0,0,0,1,Long-Tenure Higher-Charge
0,0,0,-0.778602853033805,1,0,0,0.813957166082017,1,0,0,3,Short-Tenure Higher-Charge
1,0,1,-1.27177672478607,1,0,0,0.813957166082017,1,0,0,3,Short-Tenure Higher-Charge
0,0,0,-0.162135513343468,1,1,1,-0.264287776529299,0,0,0,3,Short-Tenure Higher-Charge
0,0,0,-0.942994143617895,1,1,1,-0.500153857725524,0,0,0,0,Short-Tenure Lower-Charge
1,0,1,-0.038842045405401,1,0,1,0.140054076949945,1,0,0,3,Short-Tenure Higher-Charge
1,0,0,-1.06628761155596,1,0,0,-1.54470364588024,0,0,1,0,Short-Tenure Lower-Charge
0,0,0,1.56397303778947,1,0,1,0.37592015814617,0,0,0,1,Long-Tenure Higher-Charge
1,0,0,-0.901896320971872,1,0,1,-1.54470364588024,0,0,0,0,Short-Tenure Lower-Charge
1,0,0,-1.27177672478607,1,0,1,-1.51100849142363,0,0,0,0,Short-Tenure Lower-Charge
1,0,1,-1.3128745474321,1,0,0,-1.51100849142363,0,0,0,0,Short-Tenure Lower-Charge
0,0,1,1.19409263397527,1,0,0,1.18460386510466,0,0,0,1,Long-Tenure Higher-Charge
0,0,0,-1.06628761155596,1,1,1,0.443310467059377,0,0,0,3,Short-Tenure Higher-Charge
0,0,1,1.56397303778947,1,0,0,1.6226408730405,0,0,0,1,Long-Tenure Higher-Charge
0,0,0,-1.27177672478607,1,0,0,0.712871702712206,1,0,0,3,Short-Tenure Higher-Charge
0,0,1,1.6050708604355,1,0,0,0.106358922493341,0,0,1,1,Long-Tenure Higher-Charge
1,1,0,-0.86079849832585,1,0,0,0.477005621515981,1,0,0,3,Short-Tenure Higher-Charge
0,0,1,-1.23067890214005,1,1,0,-0.73601993892175,1,0,0,0,Short-Tenure Lower-Charge
0,0,0,-0.490918094511648,1,1,0,1.11721355619145,0,0,0,3,Short-Tenure Higher-Charge
1,0,0,-1.02518978890994,1,0,0,-1.54470364588024,0,0,1,0,Short-Tenure Lower-Charge
1,0,0,-1.23067890214005,1,0,0,-0.533849012182128,1,1,0,0,Short-Tenure Lower-Charge
1,0,0,0.783114407515048,1,0,0,0.611786239342395,1,0,0,1,Long-Tenure Higher-Charge
1,0,0,1.02970134339118,1,1,0,-1.57839880033684,0,0,1,2,Long-Tenure Lower-Charge
0,0,0,0.125549245178689,1,1,1,0.342225003689566,0,0,0,3,Short-Tenure Higher-Charge
1,0,0,1.15299481132925,1,0,0,0.510700775972585,0,0,0,1,Long-Tenure Higher-Charge
1,0,1,1.19409263397527,1,1,1,-1.54470364588024,0,0,1,2,Long-Tenure Lower-Charge
0,1,0,1.6050708604355,1,0,0,1.65633602749711,0,0,1,1,Long-Tenure Higher-Charge
0,0,0,1.07079916603721,1,0,0,0.915042629451828,0,1,0,1,Long-Tenure Higher-Charge
1,0,1,0.0433535998866439,1,1,0,0.813957166082017,0,0,1,3,Short-Tenure Higher-Charge
0,0,1,-1.3128745474321,1,1,0,-0.668629630008542,1,1,0,0,Short-Tenure Lower-Charge
1,0,0,-0.449820271865625,1,0,0,-0.399068394355713,1,0,0,0,Short-Tenure Lower-Charge
1,1,0,0.659820939576981,1,0,0,0.813957166082017,1,0,0,1,Long-Tenure Higher-Charge
0,1,0,-0.984091966263917,1,0,0,0.813957166082017,0,0,0,3,Short-Tenure Higher-Charge
1,0,0,-1.18958107949403,1,1,0,0.409615312602774,1,0,1,3,Short-Tenure Higher-Charge
0,0,0,-0.326526803927558,1,1,0,1.15090871064805,1,0,1,3,Short-Tenure Higher-Charge
1,1,0,-1.3128745474321,0,0,0,-1.37622787359722,1,1,0,0,Short-Tenure Lower-Charge
1,0,0,0.372136181054823,1,0,0,-1.54470364588024,0,0,0,2,Long-Tenure Lower-Charge
0,1,0,0.0844514225326663,1,0,0,1.11721355619145,0,0,0,3,Short-Tenure Higher-Charge
0,0,1,-1.3128745474321,0,0,1,-1.37622787359722,0,1,0,0,Short-Tenure Lower-Charge
0,0,0,-1.23067890214005,1,0,0,-1.57839880033684,0,0,0,0,Short-Tenure Lower-Charge
1,0,0,0.454331826346868,1,0,0,-0.196897467616092,0,0,1,2,Long-Tenure Lower-Charge
1,0,1,0.495429648992891,1,0,1,0.982432938365035,0,0,0,1,Long-Tenure Higher-Charge
1,0,1,-1.3128745474321,0,1,1,-1.2077521013142,1,0,0,0,Short-Tenure Lower-Charge
1,0,0,1.56397303778947,1,1,0,0.847652320538621,0,0,1,1,Long-Tenure Higher-Charge
0,0,0,-0.614211562449715,1,0,0,1.01612809282164,0,0,0,3,Short-Tenure Higher-Charge
0,0,0,-1.27177672478607,1,1,1,0.308529849232963,0,1,0,3,Short-Tenure Higher-Charge
0,0,1,-1.3128745474321,1,0,0,-0.533849012182128,1,0,1,0,Short-Tenure Lower-Charge
0,0,0,0.0022557772406214,1,0,0,1.15090871064805,0,0,0,3,Short-Tenure Higher-Charge
1,0,0,1.6050708604355,1,0,0,0.780262011625413,0,0,0,1,Long-Tenure Higher-Charge
1,1,0,1.56397303778947,0,0,0,-0.331678085442506,0,0,1,2,Long-Tenure Lower-Charge
0,0,1,-1.27177672478607,1,1,1,0.274834694776359,1,0,0,3,Short-Tenure Higher-Charge
0,0,1,0.98860352074516,1,1,1,-1.54470364588024,0,0,0,2,Long-Tenure Lower-Charge
0,0,1,0.783114407515048,1,0,1,-0.500153857725524,0,1,0,2,Long-Tenure Lower-Charge
1,0,0,0.659820939576981,1,1,0,1.28568932847447,1,0,0,1,Long-Tenure Higher-Charge
0,0,0,-1.3128745474321,1,0,0,-1.51100849142363,1,0,1,0,Short-Tenure Lower-Charge
0,0,1,-1.06628761155596,1,1,1,-1.51100849142363,0,1,0,0,Short-Tenure Lower-Charge
1,1,0,-0.614211562449715,1,1,0,0.948737783908432,0,0,1,3,Short-Tenure Higher-Charge
1,0,0,-1.27177672478607,1,1,1,0.140054076949945,0,0,0,3,Short-Tenure Higher-Charge
1,0,0,0.166647067824711,1,0,0,-0.36537323989911,0,0,0,2,Long-Tenure Lower-Charge
1,0,0,-1.3128745474321,1,0,0,-1.40992302805382,1,0,0,0,Short-Tenure Lower-Charge
0,0,1,0.618723116930958,0,0,0,-0.702324784465146,0,0,0,2,Long-Tenure Lower-Charge
1,0,0,0.166647067824711,1,1,0,1.01612809282164,0,0,0,1,Long-Tenure Higher-Charge
1,0,0,-1.23067890214005,1,0,0,0.274834694776359,0,0,0,3,Short-Tenure Higher-Charge
1,0,0,0.0844514225326663,1,0,0,-0.36537323989911,1,1,0,2,Long-Tenure Lower-Charge
0,0,0,-0.737505030387783,1,0,0,-1.54470364588024,0,0,1,0,Short-Tenure Lower-Charge
1,0,1,1.6050708604355,1,0,0,-1.51100849142363,0,0,1,2,Long-Tenure Lower-Charge
1,0,0,-0.614211562449715,1,1,1,-1.57839880033684,0,1,0,0,Short-Tenure Lower-Charge
0,0,0,-1.27177672478607,1,0,1,0.679176548255603,1,0,1,3,Short-Tenure Higher-Charge
1,0,0,0.0844514225326663,1,0,1,-0.36537323989911,0,0,0,2,Long-Tenure Lower-Charge
0,0,0,-0.901896320971872,1,1,0,-0.567544166638732,1,0,1,0,Short-Tenure Lower-Charge
0,1,0,-0.285428981281536,1,0,1,0.443310467059377,0,0,0,3,Short-Tenure Higher-Charge
1,1,0,0.166647067824711,1,0,0,0.207444385863152,0,1,0,3,Short-Tenure Higher-Charge
0,1,0,0.947505698099138,1,1,1,1.15090871064805,0,0,0,1,Long-Tenure Higher-Charge
1,0,1,1.48177739249743,1,0,1,-0.196897467616092,0,0,1,2,Long-Tenure Lower-Charge
1,0,1,1.19409263397527,1,0,1,1.69003118195371,0,0,0,1,Long-Tenure Higher-Charge
1,0,0,0.700918762223003,0,0,1,-1.03927632903118,0,0,0,2,Long-Tenure Lower-Charge
0,0,1,1.19409263397527,1,1,1,1.52155540967069,0,0,0,1,Long-Tenure Higher-Charge
0,0,0,0.865310052807093,1,0,0,1.15090871064805,0,0,0,1,Long-Tenure Higher-Charge
1,0,0,1.23519045662129,1,0,0,0.712871702712206,0,1,0,1,Long-Tenure Higher-Charge
1,0,1,-0.449820271865625,1,0,1,-0.264287776529299,0,0,0,0,Short-Tenure Lower-Charge
0,0,0,-0.121037690697446,1,1,1,-1.57839880033684,0,0,0,0,Short-Tenure Lower-Charge
1,1,0,0.98860352074516,1,0,1,-0.399068394355713,0,0,0,2,Long-Tenure Lower-Charge
0,1,0,1.02970134339118,1,0,0,1.08351840173485,0,1,0,1,Long-Tenure Higher-Charge
1,1,0,0.906407875453115,0,0,1,-0.702324784465146,0,0,0,2,Long-Tenure Lower-Charge
0,0,0,0.166647067824711,1,1,1,1.21829901956126,1,0,0,1,Long-Tenure Higher-Charge
1,0,0,-1.27177672478607,1,0,0,-0.399068394355713,0,1,0,0,Short-Tenure Lower-Charge
1,1,0,0.659820939576981,1,0,0,0.74656685716881,0,1,0,1,Long-Tenure Higher-Charge
1,1,0,-0.367624626573581,1,1,1,0.443310467059377,1,0,0,3,Short-Tenure Higher-Charge
0,0,0,-0.162135513343468,1,0,1,-0.36537323989911,0,0,0,3,Short-Tenure Higher-Charge
1,0,0,-1.3128745474321,1,1,1,-0.702324784465146,1,0,0,0,Short-Tenure Lower-Charge
1,0,0,1.6050708604355,1,0,0,1.48786025521409,0,0,0,1,Long-Tenure Higher-Charge
0,0,0,-0.901896320971872,1,1,1,-0.0621168497896772,0,0,0,3,Short-Tenure Higher-Charge
0,0,1,-1.06628761155596,1,0,1,0.106358922493341,1,1,0,3,Short-Tenure Higher-Charge
0,0,1,1.07079916603721,1,0,0,-1.51100849142363,0,0,0,2,Long-Tenure Lower-Charge
0,0,0,1.44067956985141,1,1,1,-0.331678085442506,0,0,1,2,Long-Tenure Lower-Charge
0,0,1,1.39958174720538,1,1,1,0.948737783908432,0,0,0,1,Long-Tenure Higher-Charge
0,1,0,-1.27177672478607,1,0,0,0.443310467059377,1,0,0,3,Short-Tenure Higher-Charge
1,1,0,-0.0799398680514234,1,1,1,0.847652320538621,0,0,0,3,Short-Tenure Higher-Charge
1,0,1,-0.69640720774176,1,0,0,-0.0621168497896772,0,1,0,3,Short-Tenure Higher-Charge
1,0,0,-0.655309385095738,1,1,0,0.948737783908432,1,0,1,3,Short-Tenure Higher-Charge
0,1,0,-1.06628761155596,1,1,1,0.780262011625413,0,0,0,3,Short-Tenure Higher-Charge
0,0,0,-0.942994143617895,0,1,1,-1.00558117457458,0,0,0,0,Short-Tenure Lower-Charge
0,0,0,-1.27177672478607,1,0,0,0.813957166082017,0,0,0,3,Short-Tenure Higher-Charge
0,0,1,1.07079916603721,1,1,0,0.813957166082017,0,1,0,1,Long-Tenure Higher-Charge
0,1,0,-1.23067890214005,1,0,0,0.308529849232963,1,0,0,3,Short-Tenure Higher-Charge
0,0,0,-0.449820271865625,1,0,0,0.780262011625413,0,0,0,3,Short-Tenure Higher-Charge
1,0,0,-0.819700675679827,1,1,0,-0.500153857725524,0,1,0,0,Short-Tenure Lower-Charge
0,0,0,-0.942994143617895,1,0,0,-0.702324784465146,0,0,1,0,Short-Tenure Lower-Charge
0,0,1,0.0844514225326663,0,0,0,-0.668629630008542,0,0,0,2,Long-Tenure Lower-Charge
1,1,0,-0.038842045405401,1,1,1,0.308529849232963,1,0,0,3,Short-Tenure Higher-Charge
1,0,0,-1.14848325684801,1,0,1,-0.331678085442506,0,1,0,0,Short-Tenure Lower-Charge
0,1,0,-0.0799398680514234,1,0,1,0.645481393798999,0,0,0,3,Short-Tenure Higher-Charge
1,0,0,0.536527471638913,1,1,1,-0.702324784465146,0,0,0,2,Long-Tenure Lower-Charge
0,1,0,-0.53201591715767,1,0,0,0.443310467059377,1,1,0,3,Short-Tenure Higher-Charge
1,0,0,-0.942994143617895,1,0,0,0.477005621515981,0,1,0,3,Short-Tenure Higher-Charge
1,0,1,0.577625294284936,1,0,1,1.38677479184428,1,0,0,1,Long-Tenure Higher-Charge
0,0,0,-0.408722449219603,1,0,1,0.813957166082017,0,1,0,3,Short-Tenure Higher-Charge
0,0,0,-0.490918094511648,1,0,0,0.948737783908432,0,0,1,3,Short-Tenure Higher-Charge
0,0,0,1.23519045662129,1,1,1,0.813957166082017,0,1,0,1,Long-Tenure Higher-Charge
0,1,0,-1.27177672478607,1,1,1,-0.533849012182128,1,0,0,0,Short-Tenure Lower-Charge
0,0,0,-1.14848325684801,1,1,1,-1.54470364588024,0,0,1,0,Short-Tenure Lower-Charge
0,1,0,-1.18958107949403,1,0,0,0.477005621515981,0,0,1,3,Short-Tenure Higher-Charge
0,0,0,0.783114407515048,0,0,0,0.00527345912353,0,1,0,2,Long-Tenure Lower-Charge
1,0,0,-0.285428981281536,1,0,0,-1.54470364588024,0,0,0,0,Short-Tenure Lower-Charge
0,1,0,-1.27177672478607,1,0,0,0.140054076949945,1,1,0,3,Short-Tenure Higher-Charge
1,0,0,0.454331826346868,0,0,0,-0.399068394355713,0,1,0,2,Long-Tenure Lower-Charge
1,0,0,-1.27177672478607,0,0,0,-1.37622787359722,1,0,0,0,Short-Tenure Lower-Charge
0,0,0,-1.27177672478607,1,0,0,-1.54470364588024,0,0,1,0,Short-Tenure Lower-Charge
0,0,0,0.0022557772406214,1,0,0,1.42046994630088,0,0,0,3,Short-Tenure Higher-Charge
1,0,0,-0.121037690697446,1,1,1,0.982432938365035,0,0,0,3,Short-Tenure Higher-Charge
0,1,0,-0.778602853033805,1,0,0,1.15090871064805,1,0,0,3,Short-Tenure Higher-Charge
1,0,0,-0.86079849832585,1,1,0,0.982432938365035,0,0,1,3,Short-Tenure Higher-Charge
1,0,0,0.331038358408801,1,1,1,0.780262011625413,0,1,0,1,Long-Tenure Higher-Charge
1,0,1,-0.984091966263917,1,0,0,1.25199417401786,0,1,0,3,Short-Tenure Higher-Charge
0,1,0,1.48177739249743,1,1,0,1.48786025521409,0,0,1,1,Long-Tenure Higher-Charge
0,0,0,-1.27177672478607,1,0,0,-0.567544166638732,1,0,0,0,Short-Tenure Lower-Charge
1,0,0,-0.121037690697446,1,0,1,-0.331678085442506,0,0,0,3,Short-Tenure Higher-Charge
0,0,0,0.742016584869025,1,1,1,0.948737783908432,0,0,0,1,Long-Tenure Higher-Charge
0,1,0,0.700918762223003,1,1,1,1.18460386510466,0,0,1,1,Long-Tenure Higher-Charge
0,0,0,1.48177739249743,1,0,1,-1.40992302805382,0,1,0,2,Long-Tenure Lower-Charge
0,0,0,1.52287521514345,1,0,0,1.48786025521409,0,0,1,1,Long-Tenure Higher-Charge
1,0,0,0.783114407515048,1,0,1,-0.163202313159488,0,1,0,2,Long-Tenure Lower-Charge
1,0,0,-0.614211562449715,1,0,0,-0.567544166638732,1,0,0,0,Short-Tenure Lower-Charge
1,0,0,0.536527471638913,1,0,0,0.780262011625413,0,0,0,1,Long-Tenure Higher-Charge
1,0,1,0.906407875453115,1,0,0,-1.57839880033684,0,0,0,2,Long-Tenure Lower-Charge
0,1,0,-1.14848325684801,1,0,0,0.342225003689566,1,0,1,3,Short-Tenure Higher-Charge
0,1,0,-1.23067890214005,1,1,1,0.712871702712206,1,0,0,3,Short-Tenure Higher-Charge
1,0,0,-1.10738543420198,1,0,1,-1.57839880033684,0,0,0,0,Short-Tenure Lower-Charge
1,0,1,1.52287521514345,1,0,0,0.611786239342395,0,0,0,1,Long-Tenure Higher-Charge
0,0,1,1.07079916603721,1,1,1,0.207444385863152,0,0,1,1,Long-Tenure Higher-Charge
0,0,0,0.289940535762779,0,1,1,-0.36537323989911,0,0,0,2,Long-Tenure Lower-Charge
1,0,0,1.56397303778947,1,0,0,-1.54470364588024,0,0,1,2,Long-Tenure Lower-Charge
1,0,0,-1.14848325684801,1,0,1,0.477005621515981,0,0,0,3,Short-Tenure Higher-Charge
0,0,1,-0.942994143617895,1,0,0,0.679176548255603,0,0,1,3,Short-Tenure Higher-Charge
0,1,1,1.31738610191334,1,1,1,1.38677479184428,0,0,0,1,Long-Tenure Higher-Charge
1,0,0,-1.14848325684801,0,0,1,-1.40992302805382,0,0,0,0,Short-Tenure Lower-Charge
1,0,1,-1.3128745474321,1,0,0,-0.533849012182128,0,1,0,0,Short-Tenure Lower-Charge
1,0,1,0.98860352074516,1,1,0,-1.57839880033684,0,1,0,2,Long-Tenure Lower-Charge
0,0,0,1.19409263397527,1,0,0,0.510700775972585,0,0,0,1,Long-Tenure Higher-Charge
1,1,0,-0.121037690697446,1,0,1,0.106358922493341,0,0,0,3,Short-Tenure Higher-Charge
1,0,0,-0.162135513343468,0,0,0,-1.07297148348779,0,0,1,0,Short-Tenure Lower-Charge
0,0,1,0.947505698099138,1,1,1,-1.37622787359722,0,0,0,2,Long-Tenure Lower-Charge
1,0,0,1.02970134339118,0,1,1,-0.702324784465146,0,0,0,2,Long-Tenure Lower-Charge
1,1,0,0.0844514225326663,1,1,1,0.241139540319755,0,1,0,3,Short-Tenure Higher-Charge
1,0,1,1.39958174720538,1,1,1,1.31938448293107,0,0,0,1,Long-Tenure Higher-Charge
0,0,0,1.52287521514345,1,0,1,0.645481393798999,0,0,0,1,Long-Tenure Higher-Charge
1,0,1,-0.367624626573581,1,0,0,-0.331678085442506,0,0,0,0,Short-Tenure Lower-Charge
1,0,0,0.0433535998866439,1,1,1,-0.297982930985903,0,0,0,3,Short-Tenure Higher-Charge
0,1,0,1.56397303778947,1,1,0,1.15090871064805,0,1,0,1,Long-Tenure Higher-Charge
0,1,0,-1.18958107949403,1,1,1,0.578091084885792,0,0,0,3,Short-Tenure Higher-Charge
1,0,0,-0.86079849832585,1,1,1,0.510700775972585,1,0,0,3,Short-Tenure Higher-Charge
1,0,0,-0.737505030387783,1,0,0,-0.466458703268921,1,0,0,0,Short-Tenure Lower-Charge
1,0,1,0.536527471638913,1,1,1,-1.37622787359722,0,0,0,2,Long-Tenure Lower-Charge
1,0,1,0.454331826346868,1,1,1,-0.129507158702884,0,0,0,2,Long-Tenure Lower-Charge
1,0,0,0.289940535762779,1,1,1,1.25199417401786,0,0,1,1,Long-Tenure Higher-Charge
0,1,0,-0.778602853033805,1,1,0,1.31938448293107,1,0,1,3,Short-Tenure Higher-Charge
0,1,0,1.44067956985141,1,0,1,-0.163202313159488,0,0,0,1,Long-Tenure Higher-Charge
1,0,0,0.0022557772406214,1,0,0,-0.163202313159488,0,0,0,3,Short-Tenure Higher-Charge
0,0,1,-0.162135513343468,1,1,1,-1.54470364588024,0,1,0,0,Short-Tenure Lower-Charge
0,0,0,1.07079916603721,1,0,0,1.38677479184428,0,1,0,1,Long-Tenure Higher-Charge
1,0,0,-0.326526803927558,1,0,0,0.274834694776359,0,0,0,3,Short-Tenure Higher-Charge
0,0,0,-1.06628761155596,1,1,0,0.106358922493341,0,1,0,3,Short-Tenure Higher-Charge
1,1,0,-0.69640720774176,1,1,1,0.140054076949945,0,0,0,3,Short-Tenure Higher-Charge
1,0,1,0.207744890470734,1,0,0,0.274834694776359,0,0,0,1,Long-Tenure Higher-Charge
0,0,0,-0.942994143617895,1,1,1,0.0726637680367373,0,0,1,3,Short-Tenure Higher-Charge
1,0,0,1.48177739249743,1,0,0,-1.54470364588024,0,0,1,2,Long-Tenure Lower-Charge
1,1,0,0.865310052807093,0,0,0,-0.36537323989911,0,0,0,2,Long-Tenure Lower-Charge
0,0,1,0.82421223016107,1,0,0,0.645481393798999,0,0,0,1,Long-Tenure Higher-Charge
1,0,1,-1.3128745474321,1,1,0,-1.54470364588024,1,0,1,0,Short-Tenure Lower-Charge
0,0,0,0.331038358408801,1,0,1,0.308529849232963,0,0,0,1,Long-Tenure Higher-Charge
0,0,1,-0.0799398680514234,1,1,1,-1.54470364588024,0,0,0,0,Short-Tenure Lower-Charge
1,1,0,-0.53201591715767,1,0,1,1.38677479184428,0,1,0,3,Short-Tenure Higher-Charge
1,0,1,-0.573113739803693,0,0,0,-1.37622787359722,0,1,0,0,Short-Tenure Lower-Charge
0,0,0,0.700918762223003,1,0,0,0.342225003689566,0,0,1,1,Long-Tenure Higher-Charge
1,0,1,-0.244331158635513,1,1,0,-1.54470364588024,0,0,1,0,Short-Tenure Lower-Charge
1,0,0,0.865310052807093,1,1,1,1.48786025521409,1,0,0,1,Long-Tenure Higher-Charge
0,1,0,0.372136181054823,1,0,1,0.982432938365035,0,0,0,1,Long-Tenure Higher-Charge
1,0,1,-0.86079849832585,1,0,0,-1.57839880033684,0,0,0,0,Short-Tenure Lower-Charge
1,0,1,0.659820939576981,1,0,0,1.18460386510466,1,0,0,1,Long-Tenure Higher-Charge
1,0,0,-0.244331158635513,1,1,0,0.106358922493341,0,0,0,3,Short-Tenure Higher-Charge
0,0,0,-0.367624626573581,1,0,1,-1.54470364588024,0,0,0,0,Short-Tenure Lower-Charge
1,0,1,1.39958174720538,1,1,1,1.31938448293107,0,1,0,1,Long-Tenure Higher-Charge
0,0,0,-1.27177672478607,1,0,0,-0.702324784465146,0,0,1,0,Short-Tenure Lower-Charge
1,0,0,1.6050708604355,1,0,1,1.6226408730405,0,0,0,1,Long-Tenure Higher-Charge
0,1,0,0.783114407515048,1,0,0,1.35307963738768,0,1,0,1,Long-Tenure Higher-Charge
1,0,0,-0.942994143617895,1,0,0,0.274834694776359,1,0,0,3,Short-Tenure Higher-Charge
1,1,0,1.6050708604355,1,0,0,0.274834694776359,0,0,0,1,Long-Tenure Higher-Charge
1,1,1,1.6050708604355,1,0,0,1.69003118195371,0,0,0,1,Long-Tenure Higher-Charge
0,0,1,0.742016584869025,1,0,1,0.510700775972585,0,0,0,1,Long-Tenure Higher-Charge
0,1,0,-0.285428981281536,1,0,0,1.08351840173485,0,1,0,3,Short-Tenure Higher-Charge
0,1,0,0.783114407515048,1,0,0,1.45416510075749,0,0,0,1,Long-Tenure Higher-Charge
1,0,1,0.577625294284936,1,1,1,-1.51100849142363,0,0,0,2,Long-Tenure Lower-Charge
1,0,0,0.125549245178689,1,1,1,-1.57839880033684,0,1,0,2,Long-Tenure Lower-Charge
0,0,0,-1.23067890214005,1,0,0,-1.54470364588024,1,0,0,0,Short-Tenure Lower-Charge
0,1,0,-1.3128745474321,1,0,0,0.173749231406548,0,0,1,3,Short-Tenure Higher-Charge
1,1,0,-0.86079849832585,0,1,0,-0.73601993892175,1,0,1,0,Short-Tenure Lower-Charge
1,0,0,1.6050708604355,1,1,0,1.5552505641273,0,1,0,1,Long-Tenure Higher-Charge
1,0,0,-0.86079849832585,1,1,1,-1.54470364588024,0,0,0,0,Short-Tenure Lower-Charge
1,1,0,-1.3128745474321,1,1,1,0.982432938365035,1,0,1,3,Short-Tenure Higher-Charge
1,0,0,-0.121037690697446,1,0,0,0.140054076949945,0,1,0,3,Short-Tenure Higher-Charge
0,0,0,0.372136181054823,1,0,0,-0.533849012182128,0,0,0,2,Long-Tenure Lower-Charge
1,0,0,-1.23067890214005,1,1,1,0.106358922493341,1,0,0,3,Short-Tenure Higher-Charge
1,1,0,-0.819700675679827,1,1,1,0.780262011625413,1,0,0,3,Short-Tenure Higher-Charge
0,0,0,-0.86079849832585,1,1,0,1.15090871064805,1,0,0,3,Short-Tenure Higher-Charge
1,1,0,0.98860352074516,1,1,1,1.18460386510466,1,0,0,1,Long-Tenure Higher-Charge
1,1,0,-0.038842045405401,1,1,0,0.645481393798999,1,0,1,3,Short-Tenure Higher-Charge
1,0,0,1.44067956985141,1,0,0,0.37592015814617,0,0,1,1,Long-Tenure Higher-Charge
0,0,1,-1.02518978890994,1,1,0,-1.54470364588024,0,0,1,0,Short-Tenure Lower-Charge
0,0,0,-1.3128745474321,1,0,1,-1.54470364588024,1,0,0,0,Short-Tenure Lower-Charge
1,0,1,0.536527471638913,1,0,0,-1.54470364588024,0,0,1,2,Long-Tenure Lower-Charge
1,0,0,-0.942994143617895,1,1,1,0.982432938365035,0,1,0,3,Short-Tenure Higher-Charge
1,1,0,-1.18958107949403,0,1,1,-1.2077521013142,0,0,1,0,Short-Tenure Lower-Charge
1,1,0,-1.3128745474321,1,1,1,-0.668629630008542,0,0,0,0,Short-Tenure Lower-Charge
0,1,0,-1.18958107949403,1,1,1,0.645481393798999,1,1,0,3,Short-Tenure Higher-Charge
0,0,0,1.44067956985141,1,1,1,-1.54470364588024,0,1,0,2,Long-Tenure Lower-Charge
1,0,1,1.02970134339118,1,0,0,0.948737783908432,0,1,0,1,Long-Tenure Higher-Charge
1,0,0,-1.3128745474321,0,1,1,-1.40992302805382,0,0,1,0,Short-Tenure Lower-Charge
1,1,0,-0.86079849832585,1,0,0,0.241139540319755,0,0,0,3,Short-Tenure Higher-Charge
0,0,0,-1.14848325684801,1,1,1,1.15090871064805,1,0,0,3,Short-Tenure Higher-Charge
0,0,1,-0.53201591715767,1,0,0,-1.54470364588024,0,0,1,0,Short-Tenure Lower-Charge
1,0,1,-0.244331158635513,1,0,0,-1.57839880033684,0,0,0,0,Short-Tenure Lower-Charge
0,0,0,-0.0799398680514234,1,0,0,0.645481393798999,0,0,0,3,Short-Tenure Higher-Charge
0,0,0,1.52287521514345,1,1,1,1.08351840173485,0,0,1,1,Long-Tenure Higher-Charge
1,0,1,1.39958174720538,1,0,0,0.106358922493341,0,1,0,1,Long-Tenure Higher-Charge
1,0,0,-1.23067890214005,1,1,1,-0.533849012182128,0,0,0,0,Short-Tenure Lower-Charge
1,0,1,-0.203233335989491,1,1,1,-0.399068394355713,0,0,0,0,Short-Tenure Lower-Charge
1,0,1,-0.162135513343468,1,0,1,-1.54470364588024,0,0,0,0,Short-Tenure Lower-Charge
0,0,0,-1.18958107949403,1,0,0,0.308529849232963,1,0,0,3,Short-Tenure Higher-Charge
0,0,0,0.700918762223003,1,0,0,0.477005621515981,0,1,0,1,Long-Tenure Higher-Charge
0,1,0,0.0433535998866439,1,1,0,-0.0621168497896772,0,0,0,3,Short-Tenure Higher-Charge
1,0,1,1.39958174720538,1,0,0,0.813957166082017,0,1,0,1,Long-Tenure Higher-Charge
1,0,1,1.6050708604355,1,0,0,1.28568932847447,0,0,0,1,Long-Tenure Higher-Charge
0,1,0,-1.18958107949403,1,0,0,1.15090871064805,1,1,0,3,Short-Tenure Higher-Charge
0,1,0,-1.06628761155596,1,1,1,0.611786239342395,0,1,0,3,Short-Tenure Higher-Charge
0,0,0,0.577625294284936,1,1,0,1.28568932847447,0,0,0,1,Long-Tenure Higher-Charge
0,0,1,-0.901896320971872,1,1,0,-0.500153857725524,0,0,1,0,Short-Tenure Lower-Charge
1,0,0,0.289940535762779,1,1,1,1.31938448293107,1,1,0,1,Long-Tenure Higher-Charge
1,1,0,0.289940535762779,1,1,1,1.21829901956126,1,1,0,1,Long-Tenure Higher-Charge
1,0,0,-0.0799398680514234,1,1,1,0.948737783908432,0,0,0,3,Short-Tenure Higher-Charge
1,0,0,1.19409263397527,1,0,0,-1.44361818251043,0,0,0,2,Long-Tenure Lower-Charge
0,0,0,1.15299481132925,1,1,1,1.28568932847447,0,1,0,1,Long-Tenure Higher-Charge
0,0,1,1.39958174720538,0,1,1,-1.00558117457458,0,0,1,2,Long-Tenure Lower-Charge
0,1,0,1.6050708604355,1,1,1,-1.40992302805382,0,0,0,2,Long-Tenure Lower-Charge
1,0,0,1.19409263397527,0,0,0,-0.904495711204768,0,0,0,2,Long-Tenure Lower-Charge
0,1,0,-1.27177672478607,1,0,1,0.140054076949945,1,0,0,3,Short-Tenure Higher-Charge
0,0,0,1.07079916603721,1,1,1,1.15090871064805,0,1,0,1,Long-Tenure Higher-Charge
1,0,0,-1.18958107949403,1,1,1,-0.331678085442506,0,0,0,0,Short-Tenure Lower-Charge
1,0,0,1.6050708604355,1,0,1,0.813957166082017,0,1,0,1,Long-Tenure Higher-Charge
1,0,1,1.52287521514345,1,0,0,-0.0284216953330735,0,0,0,1,Long-Tenure Higher-Charge
1,0,1,0.207744890470734,1,0,1,1.11721355619145,1,1,0,1,Long-Tenure Higher-Charge
1,1,0,-0.573113739803693,1,0,1,0.847652320538621,1,0,1,3,Short-Tenure Higher-Charge
1,0,0,-1.23067890214005,1,0,0,0.140054076949945,1,1,0,3,Short-Tenure Higher-Charge
0,0,1,-1.18958107949403,1,1,1,-0.264287776529299,0,0,0,0,Short-Tenure Lower-Charge
0,0,0,-1.18958107949403,1,0,1,-0.668629630008542,1,1,0,0,Short-Tenure Lower-Charge
1,0,1,-0.614211562449715,1,1,1,0.982432938365035,1,0,0,3,Short-Tenure Higher-Charge
1,0,0,0.742016584869025,1,0,0,-1.37622787359722,0,0,1,2,Long-Tenure Lower-Charge
0,0,0,-0.819700675679827,1,0,1,0.645481393798999,1,0,0,3,Short-Tenure Higher-Charge
1,0,0,-1.23067890214005,1,1,1,0.477005621515981,0,0,0,3,Short-Tenure Higher-Charge
0,1,0,-0.942994143617895,1,0,0,0.645481393798999,1,0,1,3,Short-Tenure Higher-Charge
1,0,0,1.15299481132925,1,0,0,1.11721355619145,0,0,1,1,Long-Tenure Higher-Charge
1,0,1,-0.0799398680514234,0,0,1,-1.03927632903118,1,0,0,0,Short-Tenure Lower-Charge
1,0,0,1.6050708604355,0,0,0,0.00527345912353,0,1,0,1,Long-Tenure Higher-Charge
1,1,0,-0.778602853033805,1,1,1,0.813957166082017,1,0,1,3,Short-Tenure Higher-Charge
1,0,0,-0.901896320971872,1,1,1,0.477005621515981,1,0,0,3,Short-Tenure Higher-Charge
1,1,1,0.947505698099138,1,1,1,0.982432938365035,0,0,1,1,Long-Tenure Higher-Charge
1,0,0,-0.0799398680514234,1,1,1,0.510700775972585,0,0,0,3,Short-Tenure Higher-Charge
1,0,0,-1.18958107949403,1,1,1,-1.54470364588024,0,1,0,0,Short-Tenure Lower-Charge
1,1,0,-0.490918094511648,1,1,1,-0.0284216953330735,0,0,0,3,Short-Tenure Higher-Charge
0,0,1,-0.449820271865625,1,1,1,-1.51100849142363,0,0,0,0,Short-Tenure Lower-Charge
1,1,0,-0.408722449219603,1,1,0,0.813957166082017,0,1,0,3,Short-Tenure Higher-Charge
0,0,0,-0.162135513343468,0,0,0,-0.870800556748164,0,0,0,0,Short-Tenure Lower-Charge
1,1,0,0.577625294284936,1,0,0,-0.196897467616092,0,1,0,2,Long-Tenure Lower-Charge
0,1,0,1.31738610191334,1,1,1,1.45416510075749,0,1,0,1,Long-Tenure Higher-Charge
0,0,0,-1.3128745474321,0,0,0,-1.2077521013142,0,1,0,0,Short-Tenure Lower-Charge
1,0,1,-1.02518978890994,1,0,0,-0.399068394355713,0,1,0,0,Short-Tenure Lower-Charge
0,0,1,-0.367624626573581,1,1,0,0.578091084885792,0,0,1,3,Short-Tenure Higher-Charge
1,1,0,-1.14848325684801,1,0,0,-0.533849012182128,1,0,0,0,Short-Tenure Lower-Charge
0,1,0,-0.326526803927558,1,0,0,0.813957166082017,1,0,0,3,Short-Tenure Higher-Charge
0,0,0,-1.27177672478607,1,1,1,0.106358922493341,1,0,0,3,Short-Tenure Higher-Charge
0,0,1,-1.10738543420198,1,0,0,-1.54470364588024,0,0,1,0,Short-Tenure Lower-Charge
1,0,1,0.331038358408801,1,1,1,-1.54470364588024,0,1,0,2,Long-Tenure Lower-Charge
0,0,0,-0.901896320971872,1,1,0,-0.702324784465146,0,0,0,0,Short-Tenure Lower-Charge
0,1,0,-0.162135513343468,1,0,0,1.11721355619145,1,1,0,3,Short-Tenure Higher-Charge
0,0,1,-0.121037690697446,1,0,1,-1.54470364588024,0,0,0,0,Short-Tenure Lower-Charge
1,0,1,1.52287521514345,1,1,0,1.08351840173485,0,0,1,1,Long-Tenure Higher-Charge
0,0,0,-0.326526803927558,1,1,0,-0.399068394355713,0,1,0,0,Short-Tenure Lower-Charge
0,0,1,-0.86079849832585,0,1,0,-1.2414472557708,1,0,1,0,Short-Tenure Lower-Charge
0,0,0,-0.86079849832585,1,1,1,-1.54470364588024,0,0,0,0,Short-Tenure Lower-Charge
0,0,0,1.23519045662129,1,0,0,1.42046994630088,1,0,0,1,Long-Tenure Higher-Charge
0,0,0,0.577625294284936,1,0,0,1.11721355619145,1,0,0,1,Long-Tenure Higher-Charge
1,0,0,1.6050708604355,1,0,0,1.11721355619145,0,0,1,1,Long-Tenure Higher-Charge
0,0,0,-0.614211562449715,1,0,1,-0.533849012182128,0,0,0,0,Short-Tenure Lower-Charge
0,0,0,1.56397303778947,1,0,0,0.645481393798999,0,0,0,1,Long-Tenure Higher-Charge
1,0,0,-1.3128745474321,1,0,1,0.308529849232963,1,0,0,3,Short-Tenure Higher-Charge
1,0,1,0.372136181054823,1,1,1,-0.399068394355713,0,1,0,2,Long-Tenure Lower-Charge
0,0,0,-0.573113739803693,1,0,0,0.780262011625413,0,0,1,3,Short-Tenure Higher-Charge
1,0,1,1.6050708604355,1,1,1,1.31938448293107,0,1,0,1,Long-Tenure Higher-Charge
0,0,0,1.52287521514345,1,0,0,1.6226408730405,0,1,0,1,Long-Tenure Higher-Charge
0,1,1,0.947505698099138,1,1,1,0.241139540319755,0,1,0,1,Long-Tenure Higher-Charge
0,0,0,0.536527471638913,0,1,1,-0.668629630008542,0,0,1,2,Long-Tenure Lower-Charge
0,0,1,1.6050708604355,1,0,0,1.42046994630088,0,1,0,1,Long-Tenure Higher-Charge
1,1,0,1.48177739249743,1,0,0,0.645481393798999,0,0,1,1,Long-Tenure Higher-Charge
0,0,0,0.82421223016107,1,1,1,-1.51100849142363,1,0,0,2,Long-Tenure Lower-Charge
1,0,0,0.0844514225326663,0,1,1,-0.567544166638732,0,0,0,2,Long-Tenure Lower-Charge
1,0,0,-0.984091966263917,1,0,0,0.74656685716881,0,0,0,3,Short-Tenure Higher-Charge
1,0,0,-0.573113739803693,1,0,0,0.780262011625413,0,0,0,3,Short-Tenure Higher-Charge
0,0,0,1.15299481132925,1,0,1,1.65633602749711,0,0,0,1,Long-Tenure Higher-Charge
1,0,0,-1.02518978890994,1,0,0,-0.36537323989911,0,0,1,0,Short-Tenure Lower-Charge
0,0,0,-0.162135513343468,1,1,1,1.18460386510466,0,0,0,3,Short-Tenure Higher-Charge
1,0,0,1.6050708604355,1,0,1,1.42046994630088,0,0,0,1,Long-Tenure Higher-Charge
1,0,1,-1.3128745474321,1,0,0,1.15090871064805,1,0,1,3,Short-Tenure Higher-Charge
0,0,0,-1.06628761155596,1,0,0,0.0389686135801337,0,0,1,3,Short-Tenure Higher-Charge
1,0,0,-0.69640720774176,1,1,0,-0.567544166638732,0,0,0,0,Short-Tenure Lower-Charge
1,0,1,-0.490918094511648,0,0,0,-1.34253271914062,0,0,0,0,Short-Tenure Lower-Charge
0,0,0,-1.06628761155596,0,0,0,-0.870800556748164,1,0,0,0,Short-Tenure Lower-Charge
1,1,0,-1.06628761155596,1,0,1,0.813957166082017,1,0,0,3,Short-Tenure Higher-Charge
1,0,1,-0.038842045405401,1,0,0,0.847652320538621,0,0,1,3,Short-Tenure Higher-Charge
1,0,0,1.39958174720538,1,0,0,1.69003118195371,1,0,0,1,Long-Tenure Higher-Charge
0,0,1,1.39958174720538,1,1,1,1.45416510075749,0,1,0,1,Long-Tenure Higher-Charge
1,0,0,-0.367624626573581,1,0,0,-0.36537323989911,0,0,0,0,Short-Tenure Lower-Charge
1,0,0,-0.655309385095738,1,0,0,-1.51100849142363,0,0,1,0,Short-Tenure Lower-Charge
1,0,0,-0.367624626573581,1,1,1,-0.533849012182128,0,0,1,0,Short-Tenure Lower-Charge
1,0,0,-0.203233335989491,1,0,0,1.04982324727824,0,0,1,3,Short-Tenure Higher-Charge
0,1,0,0.207744890470734,1,0,1,0.982432938365035,0,1,0,1,Long-Tenure Higher-Charge
0,0,1,0.207744890470734,1,0,0,0.477005621515981,1,0,0,1,Long-Tenure Higher-Charge
1,0,0,-1.3128745474321,1,1,1,0.443310467059377,1,1,0,3,Short-Tenure Higher-Charge
1,0,1,1.6050708604355,1,1,0,1.25199417401786,1,1,0,1,Long-Tenure Higher-Charge
0,0,0,-1.02518978890994,1,0,0,1.18460386510466,1,1,0,3,Short-Tenure Higher-Charge
1,1,0,1.19409263397527,1,0,0,0.813957166082017,0,0,0,1,Long-Tenure Higher-Charge
1,0,0,1.39958174720538,1,0,0,0.74656685716881,0,0,1,1,Long-Tenure Higher-Charge
0,0,1,-0.614211562449715,1,1,0,-1.54470364588024,0,1,0,0,Short-Tenure Lower-Charge
1,0,0,-1.27177672478607,1,0,0,-0.0621168497896772,0,0,0,3,Short-Tenure Higher-Charge
1,0,1,0.0022557772406214,0,0,1,-1.07297148348779,0,0,0,2,Long-Tenure Lower-Charge
0,0,0,1.56397303778947,1,0,0,-1.40992302805382,0,0,1,2,Long-Tenure Lower-Charge
0,0,0,-1.06628761155596,1,0,0,-1.51100849142363,0,1,0,0,Short-Tenure Lower-Charge
0,0,1,-0.655309385095738,1,1,1,0.915042629451828,0,0,1,3,Short-Tenure Higher-Charge
1,0,0,-0.86079849832585,1,0,1,-1.54470364588024,0,1,0,0,Short-Tenure Lower-Charge
0,1,0,0.700918762223003,1,0,0,1.45416510075749,0,0,0,1,Long-Tenure Higher-Charge
1,0,0,0.495429648992891,1,0,0,-0.500153857725524,0,0,0,2,Long-Tenure Lower-Charge
1,0,0,0.947505698099138,1,0,0,1.11721355619145,0,0,1,1,Long-Tenure Higher-Charge
0,0,1,1.07079916603721,1,1,1,0.342225003689566,0,0,0,1,Long-Tenure Higher-Charge
1,0,0,-1.3128745474321,1,1,0,0.712871702712206,1,1,0,3,Short-Tenure Higher-Charge
1,0,0,-1.3128745474321,1,1,1,0.510700775972585,1,0,0,3,Short-Tenure Higher-Charge
1,0,1,1.39958174720538,1,0,0,0.813957166082017,0,0,0,1,Long-Tenure Higher-Charge
1,0,1,0.248842713116756,0,0,0,-0.702324784465146,0,0,1,2,Long-Tenure Lower-Charge
0,0,1,0.125549245178689,1,0,0,0.915042629451828,0,0,1,1,Long-Tenure Higher-Charge
0,0,1,1.6050708604355,1,0,1,0.140054076949945,0,0,0,1,Long-Tenure Higher-Charge
1,1,0,1.35848392455936,1,1,0,1.15090871064805,1,0,1,1,Long-Tenure Higher-Charge
0,0,0,-0.984091966263917,1,1,1,-1.54470364588024,0,0,1,0,Short-Tenure Lower-Charge
0,0,0,1.44067956985141,1,0,0,-1.34253271914062,0,1,0,2,Long-Tenure Lower-Charge
1,0,0,-1.06628761155596,1,1,1,-1.40992302805382,0,0,1,0,Short-Tenure Lower-Charge
1,0,0,-1.18958107949403,1,0,1,-0.533849012182128,1,1,0,0,Short-Tenure Lower-Charge
1,0,0,0.248842713116756,1,0,1,0.241139540319755,0,0,0,3,Short-Tenure Higher-Charge
0,0,1,-1.06628761155596,1,0,0,-1.51100849142363,0,0,0,0,Short-Tenure Lower-Charge
1,1,0,0.536527471638913,1,1,1,1.18460386510466,1,0,0,1,Long-Tenure Higher-Charge
1,0,1,1.15299481132925,1,0,0,1.08351840173485,0,1,0,1,Long-Tenure Higher-Charge
1,0,0,-0.53201591715767,1,0,0,-1.54470364588024,0,0,1,0,Short-Tenure Lower-Charge
1,0,0,0.413234003700846,1,0,0,1.15090871064805,1,0,0,1,Long-Tenure Higher-Charge
1,0,1,1.19409263397527,1,0,0,-1.51100849142363,0,0,0,2,Long-Tenure Lower-Charge
0,0,1,1.48177739249743,0,1,1,-0.668629630008542,0,0,0,2,Long-Tenure Lower-Charge
1,0,1,-1.27177672478607,1,0,0,-0.163202313159488,0,1,0,0,Short-Tenure Lower-Charge
1,1,0,-0.038842045405401,1,1,0,0.510700775972585,0,0,1,3,Short-Tenure Higher-Charge
1,0,0,-0.942994143617895,1,1,0,1.28568932847447,1,0,1,3,Short-Tenure Higher-Charge
1,0,1,1.44067956985141,1,1,1,1.15090871064805,0,0,0,1,Long-Tenure Higher-Charge
1,0,0,-0.819700675679827,1,0,0,0.308529849232963,1,0,1,3,Short-Tenure Higher-Charge
1,0,0,-1.27177672478607,1,0,0,-0.399068394355713,1,0,1,0,Short-Tenure Lower-Charge
1,0,0,0.0433535998866439,1,1,0,-1.34253271914062,0,0,1,0,Short-Tenure Lower-Charge
0,0,1,1.6050708604355,1,0,1,0.813957166082017,0,0,0,1,Long-Tenure Higher-Charge
1,0,0,1.27628827926732,1,0,0,1.31938448293107,0,0,0,1,Long-Tenure Higher-Charge
1,0,1,1.11189698868323,1,1,1,-1.51100849142363,0,0,0,2,Long-Tenure Lower-Charge
0,0,0,-1.23067890214005,1,1,1,-0.0284216953330735,0,1,0,3,Short-Tenure Higher-Charge
0,0,0,1.31738610191334,1,0,1,1.01612809282164,0,0,1,1,Long-Tenure Higher-Charge
1,0,1,0.700918762223003,1,1,1,-1.37622787359722,0,0,0,2,Long-Tenure Lower-Charge
0,0,0,1.23519045662129,1,0,0,0.510700775972585,0,0,0,1,Long-Tenure Higher-Charge
0,1,0,1.11189698868323,1,1,0,0.780262011625413,0,1,0,1,Long-Tenure Higher-Charge
0,0,0,-0.449820271865625,1,0,0,-1.34253271914062,0,0,0,0,Short-Tenure Lower-Charge
0,1,0,-1.02518978890994,1,1,0,0.510700775972585,1,0,1,3,Short-Tenure Higher-Charge
0,0,0,-0.408722449219603,1,1,1,0.274834694776359,0,1,0,3,Short-Tenure Higher-Charge
1,0,0,-1.18958107949403,1,0,1,0.274834694776359,1,0,0,3,Short-Tenure Higher-Charge
1,1,0,-1.27177672478607,1,1,1,-1.57839880033684,0,0,0,0,Short-Tenure Lower-Charge
0,0,1,-1.35397237007812,1,1,1,0.510700775972585,0,0,0,3,Short-Tenure Higher-Charge
0,0,1,-1.27177672478607,1,1,0,-1.54470364588024,1,0,0,0,Short-Tenure Lower-Charge
0,0,0,1.19409263397527,1,1,1,-1.34253271914062,0,0,0,2,Long-Tenure Lower-Charge
0,1,0,-0.778602853033805,1,0,0,0.477005621515981,0,0,0,3,Short-Tenure Higher-Charge
0,0,0,0.947505698099138,1,0,0,-1.54470364588024,0,0,0,2,Long-Tenure Lower-Charge
0,1,0,0.0433535998866439,1,0,0,0.948737783908432,1,0,0,3,Short-Tenure Higher-Charge
1,0,0,1.23519045662129,1,0,1,0.813957166082017,0,0,0,1,Long-Tenure Higher-Charge
0,0,1,0.659820939576981,0,1,1,-1.00558117457458,0,0,0,2,Long-Tenure Lower-Charge
1,0,0,0.0433535998866439,1,0,0,1.18460386510466,0,1,0,3,Short-Tenure Higher-Charge
1,0,0,-1.3128745474321,1,0,0,-0.73601993892175,0,0,1,0,Short-Tenure Lower-Charge
1,0,1,1.6050708604355,1,0,1,0.847652320538621,0,0,0,1,Long-Tenure Higher-Charge
1,0,1,-0.819700675679827,1,1,1,-0.533849012182128,0,0,0,0,Short-Tenure Lower-Charge
0,0,1,1.44067956985141,1,0,1,0.578091084885792,1,0,0,1,Long-Tenure Higher-Charge
1,0,0,-0.614211562449715,1,0,1,-0.36537323989911,0,0,0,0,Short-Tenure Lower-Charge
1,0,0,-0.573113739803693,1,0,0,1.15090871064805,1,0,0,3,Short-Tenure Higher-Charge
0,1,0,0.289940535762779,1,0,0,0.443310467059377,1,1,0,1,Long-Tenure Higher-Charge
0,0,1,-0.778602853033805,1,0,1,-1.54470364588024,0,0,0,0,Short-Tenure Lower-Charge
0,0,0,0.536527471638913,1,0,0,-0.702324784465146,0,0,1,2,Long-Tenure Lower-Charge
1,0,0,-1.3128745474321,1,0,0,0.645481393798999,1,0,1,3,Short-Tenure Higher-Charge
0,0,0,-1.02518978890994,1,1,0,-0.0284216953330735,0,0,0,3,Short-Tenure Higher-Charge
1,0,1,-0.408722449219603,1,0,1,-0.196897467616092,0,1,0,3,Short-Tenure Higher-Charge
0,1,0,0.947505698099138,1,1,1,0.241139540319755,0,1,0,1,Long-Tenure Higher-Charge
1,0,0,-1.23067890214005,1,1,1,0.611786239342395,0,0,1,3,Short-Tenure Higher-Charge
0,0,0,0.906407875453115,1,0,0,-0.0284216953330735,0,0,1,1,Long-Tenure Higher-Charge
1,0,0,-1.18958107949403,1,1,0,-0.567544166638732,0,0,1,0,Short-Tenure Lower-Charge
0,0,1,1.6050708604355,0,1,1,-0.0284216953330735,0,0,0,2,Long-Tenure Lower-Charge
0,0,0,-0.655309385095738,1,0,1,-1.57839880033684,0,0,1,0,Short-Tenure Lower-Charge
0,0,1,1.31738610191334,1,0,0,1.11721355619145,0,0,0,1,Long-Tenure Higher-Charge
1,0,0,-1.3128745474321,1,1,1,-1.54470364588024,1,1,0,0,Short-Tenure Lower-Charge
0,0,0,0.783114407515048,1,0,1,0.477005621515981,0,0,0,1,Long-Tenure Higher-Charge
1,0,0,-0.326526803927558,1,1,1,-1.54470364588024,0,1,0,0,Short-Tenure Lower-Charge
0,0,0,1.02970134339118,1,1,0,0.948737783908432,0,0,0,1,Long-Tenure Higher-Charge
0,0,0,1.56397303778947,0,0,1,-0.601239321095335,0,1,0,2,Long-Tenure Lower-Charge
1,0,0,-1.23067890214005,1,0,0,0.274834694776359,0,0,1,3,Short-Tenure Higher-Charge
1,0,1,-0.655309385095738,1,1,1,0.0389686135801337,0,0,0,3,Short-Tenure Higher-Charge
1,0,0,-1.3128745474321,1,1,1,0.140054076949945,0,0,1,3,Short-Tenure Higher-Charge
1,0,0,-0.655309385095738,1,1,1,0.477005621515981,0,0,1,3,Short-Tenure Higher-Charge
0,0,1,-0.819700675679827,1,0,0,-0.399068394355713,0,0,1,0,Short-Tenure Lower-Charge
0,1,0,-1.3128745474321,1,0,0,0.140054076949945,1,0,1,3,Short-Tenure Higher-Charge
1,0,0,-0.162135513343468,1,0,1,-0.230592622072695,0,0,0,3,Short-Tenure Higher-Charge
0,0,0,0.98860352074516,1,1,1,1.5889457185839,1,0,1,1,Long-Tenure Higher-Charge
0,0,0,-0.86079849832585,1,1,1,-0.500153857725524,0,0,0,0,Short-Tenure Lower-Charge
1,1,0,-0.819700675679827,1,1,0,0.813957166082017,1,0,1,3,Short-Tenure Higher-Charge
1,0,0,0.82421223016107,1,1,1,-1.37622787359722,0,0,0,2,Long-Tenure Lower-Charge
1,0,0,0.98860352074516,1,0,1,-0.196897467616092,0,0,0,2,Long-Tenure Lower-Charge
0,1,0,1.31738610191334,1,1,0,1.35307963738768,1,0,1,1,Long-Tenure Higher-Charge
0,0,0,-1.18958107949403,1,1,0,-0.196897467616092,1,0,0,3,Short-Tenure Higher-Charge
0,1,0,-0.819700675679827,1,0,0,-0.36537323989911,0,1,0,3,Short-Tenure Higher-Charge
0,0,1,-1.02518978890994,1,0,0,-1.57839880033684,0,0,0,0,Short-Tenure Lower-Charge
0,0,0,1.11189698868323,1,0,1,1.35307963738768,0,1,0,1,Long-Tenure Higher-Charge
0,0,0,-0.737505030387783,1,1,1,0.74656685716881,1,0,0,3,Short-Tenure Higher-Charge
0,0,0,-1.3128745474321,1,0,1,0.140054076949945,1,1,0,3,Short-Tenure Higher-Charge
1,0,1,0.0433535998866439,0,1,0,-1.2077521013142,0,0,0,2,Long-Tenure Lower-Charge
1,0,1,-1.3128745474321,1,0,1,-0.702324784465146,0,0,0,0,Short-Tenure Lower-Charge
0,1,0,0.0844514225326663,1,1,1,1.42046994630088,0,0,0,1,Long-Tenure Higher-Charge
1,0,1,-1.27177672478607,1,0,0,-0.36537323989911,0,0,0,0,Short-Tenure Lower-Charge
0,0,1,0.0433535998866439,1,1,0,-1.51100849142363,0,0,1,2,Long-Tenure Lower-Charge
1,0,0,-0.737505030387783,1,1,0,-1.54470364588024,0,0,1,0,Short-Tenure Lower-Charge
0,0,0,0.372136181054823,1,0,0,0.00527345912353,0,0,0,1,Long-Tenure Higher-Charge
0,0,0,1.52287521514345,1,1,1,-1.54470364588024,0,0,0,2,Long-Tenure Lower-Charge
1,0,1,0.0433535998866439,1,1,1,0.443310467059377,0,0,1,3,Short-Tenure Higher-Charge
1,1,0,0.372136181054823,1,0,0,0.443310467059377,0,0,0,1,Long-Tenure Higher-Charge
0,0,0,-1.3128745474321,1,1,1,-1.57839880033684,0,1,0,0,Short-Tenure Lower-Charge
0,0,1,0.98860352074516,1,0,1,-0.432763548812317,0,0,1,2,Long-Tenure Lower-Charge
0,0,0,-0.778602853033805,1,1,1,-0.0284216953330735,1,0,0,3,Short-Tenure Higher-Charge
1,0,0,-0.942994143617895,1,1,1,-0.297982930985903,0,1,0,0,Short-Tenure Lower-Charge
0,0,0,-0.449820271865625,1,0,0,-0.0284216953330735,0,1,0,3,Short-Tenure Higher-Charge
0,0,0,-0.737505030387783,1,0,0,-1.54470364588024,1,0,1,0,Short-Tenure Lower-Charge
1,0,0,1.11189698868323,1,0,1,-1.40992302805382,0,0,0,2,Long-Tenure Lower-Charge
1,1,0,-0.984091966263917,1,0,0,1.11721355619145,1,0,0,3,Short-Tenure Higher-Charge
1,0,0,1.07079916603721,1,0,0,-0.163202313159488,0,0,0,2,Long-Tenure Lower-Charge
1,0,0,0.0433535998866439,1,0,0,1.35307963738768,1,0,0,3,Short-Tenure Higher-Charge
0,0,0,-1.3128745474321,1,0,0,1.15090871064805,1,0,0,3,Short-Tenure Higher-Charge
0,0,0,0.618723116930958,1,0,1,1.04982324727824,0,0,0,1,Long-Tenure Higher-Charge
1,0,1,1.56397303778947,1,0,0,0.813957166082017,0,0,1,1,Long-Tenure Higher-Charge
0,0,1,1.56397303778947,0,0,0,-0.196897467616092,0,0,1,2,Long-Tenure Lower-Charge
0,0,0,-0.984091966263917,1,1,0,-0.73601993892175,1,1,0,0,Short-Tenure Lower-Charge
0,0,0,-0.942994143617895,1,0,0,-1.40992302805382,0,0,0,0,Short-Tenure Lower-Charge
0,0,0,1.6050708604355,1,0,0,1.65633602749711,0,0,1,1,Long-Tenure Higher-Charge
1,0,0,-1.23067890214005,0,0,0,-1.2077521013142,0,1,0,0,Short-Tenure Lower-Charge
1,0,0,0.98860352074516,0,0,0,-0.399068394355713,0,1,0,2,Long-Tenure Lower-Charge
0,0,0,0.0844514225326663,1,1,1,-0.297982930985903,0,1,0,2,Long-Tenure Lower-Charge
1,0,0,0.700918762223003,1,0,1,0.140054076949945,0,0,0,1,Long-Tenure Higher-Charge
1,0,0,-0.984091966263917,1,0,1,0.679176548255603,0,0,0,3,Short-Tenure Higher-Charge
1,0,1,-0.86079849832585,1,0,1,-0.567544166638732,0,0,1,0,Short-Tenure Lower-Charge
1,1,0,1.11189698868323,1,1,1,1.08351840173485,0,0,0,1,Long-Tenure Higher-Charge
1,0,0,0.536527471638913,0,1,0,-1.2077521013142,1,0,0,2,Long-Tenure Lower-Charge
0,0,0,-0.86079849832585,0,0,0,-1.07297148348779,0,0,0,0,Short-Tenure Lower-Charge
0,0,0,-0.901896320971872,1,1,1,-0.399068394355713,0,0,0,0,Short-Tenure Lower-Charge
1,0,0,0.248842713116756,0,1,0,-0.837105402291561,0,0,0,2,Long-Tenure Lower-Charge
1,0,1,0.700918762223003,1,0,1,1.28568932847447,1,0,0,1,Long-Tenure Higher-Charge
0,0,0,-0.573113739803693,1,1,0,0.712871702712206,0,0,1,3,Short-Tenure Higher-Charge
1,0,1,1.6050708604355,1,0,1,1.31938448293107,0,0,1,1,Long-Tenure Higher-Charge
1,1,0,-1.06628761155596,1,0,1,1.01612809282164,1,0,0,3,Short-Tenure Higher-Charge
1,0,0,0.166647067824711,1,0,0,0.0389686135801337,0,0,0,3,Short-Tenure Higher-Charge
1,0,1,-0.0799398680514234,1,1,1,-1.34253271914062,0,0,0,0,Short-Tenure Lower-Charge
0,0,0,-1.3128745474321,1,0,0,0.140054076949945,1,1,0,3,Short-Tenure Higher-Charge
0,1,0,1.6050708604355,1,1,1,1.5552505641273,0,0,0,1,Long-Tenure Higher-Charge
0,0,1,-0.038842045405401,1,1,1,-0.163202313159488,0,0,1,3,Short-Tenure Higher-Charge
1,0,0,0.536527471638913,1,0,0,0.241139540319755,0,0,0,1,Long-Tenure Higher-Charge
0,0,0,-0.244331158635513,1,1,0,1.01612809282164,0,0,1,3,Short-Tenure Higher-Charge
1,0,1,1.48177739249743,1,0,0,-1.51100849142363,0,1,0,2,Long-Tenure Lower-Charge
1,0,0,-0.778602853033805,1,0,0,0.915042629451828,0,0,0,3,Short-Tenure Higher-Charge
0,0,0,-0.038842045405401,1,0,0,-1.54470364588024,0,0,0,0,Short-Tenure Lower-Charge
1,0,0,1.39958174720538,1,0,0,-1.57839880033684,0,0,0,2,Long-Tenure Lower-Charge
0,0,0,-1.3128745474321,1,1,0,-1.54470364588024,0,0,1,0,Short-Tenure Lower-Charge
1,0,0,0.413234003700846,1,1,1,0.847652320538621,0,0,0,1,Long-Tenure Higher-Charge
1,0,0,-1.27177672478607,1,0,1,-0.567544166638732,0,0,0,0,Short-Tenure Lower-Charge
0,0,0,-0.86079849832585,0,1,0,-0.533849012182128,0,0,1,0,Short-Tenure Lower-Charge
0,0,0,-0.203233335989491,0,0,0,-1.00558117457458,0,1,0,0,Short-Tenure Lower-Charge
0,1,0,-0.121037690697446,1,0,0,1.28568932847447,0,0,0,3,Short-Tenure Higher-Charge
1,0,0,-0.69640720774176,1,0,1,0.780262011625413,1,0,0,3,Short-Tenure Higher-Charge
1,0,1,-0.0799398680514234,1,0,0,0.443310467059377,1,0,1,3,Short-Tenure Higher-Charge
0,0,1,-0.778602853033805,1,0,0,-0.230592622072695,0,0,0,0,Short-Tenure Lower-Charge
0,1,0,1.6050708604355,1,0,1,1.48786025521409,0,0,0,1,Long-Tenure Higher-Charge
0,0,1,0.82421223016107,1,0,0,-1.51100849142363,0,1,0,2,Long-Tenure Lower-Charge
1,0,0,1.44067956985141,0,1,1,-0.870800556748164,0,1,0,2,Long-Tenure Lower-Charge
0,0,0,0.700918762223003,1,0,0,0.813957166082017,0,1,0,1,Long-Tenure Higher-Charge
0,1,0,1.52287521514345,1,0,0,1.35307963738768,0,0,0,1,Long-Tenure Higher-Charge
0,0,0,0.125549245178689,1,0,0,0.982432938365035,0,0,0,3,Short-Tenure Higher-Charge
0,0,0,0.98860352074516,0,0,1,-0.230592622072695,0,0,0,2,Long-Tenure Lower-Charge
0,0,0,-0.984091966263917,1,1,0,0.74656685716881,0,0,1,3,Short-Tenure Higher-Charge
1,0,1,-1.23067890214005,1,1,0,-0.36537323989911,1,0,0,0,Short-Tenure Lower-Charge
0,0,1,-0.573113739803693,1,0,1,-1.37622787359722,0,0,1,0,Short-Tenure Lower-Charge
0,0,0,1.44067956985141,1,0,0,1.79111664532352,0,0,0,1,Long-Tenure Higher-Charge
1,1,0,-0.162135513343468,1,0,0,1.01612809282164,1,0,1,3,Short-Tenure Higher-Charge
0,1,0,-0.655309385095738,1,1,0,0.578091084885792,0,0,0,3,Short-Tenure Higher-Charge
1,1,0,1.56397303778947,1,0,1,1.65633602749711,0,1,0,1,Long-Tenure Higher-Charge
1,0,1,-1.3128745474321,1,1,1,0.780262011625413,1,0,0,3,Short-Tenure Higher-Charge
0,0,1,0.659820939576981,1,0,0,0.443310467059377,0,0,0,1,Long-Tenure Higher-Charge
0,0,0,-0.819700675679827,1,1,1,0.611786239342395,1,1,0,3,Short-Tenure Higher-Charge
1,0,0,0.248842713116756,1,0,0,1.15090871064805,0,0,0,1,Long-Tenure Higher-Charge
0,0,1,0.659820939576981,1,0,1,-1.54470364588024,0,0,0,2,Long-Tenure Lower-Charge
0,0,1,-0.449820271865625,1,0,1,0.645481393798999,0,0,0,3,Short-Tenure Higher-Charge
1,0,1,1.15299481132925,1,0,0,0.0726637680367373,0,0,1,1,Long-Tenure Higher-Charge
1,0,0,-1.3128745474321,1,1,0,-1.51100849142363,1,1,0,0,Short-Tenure Lower-Charge
0,0,0,-1.27177672478607,1,1,0,1.28568932847447,1,1,0,3,Short-Tenure Higher-Charge
0,0,1,-1.06628761155596,1,1,1,-1.54470364588024,0,1,0,0,Short-Tenure Lower-Charge
1,1,0,1.56397303778947,1,0,0,-1.37622787359722,0,1,0,2,Long-Tenure Lower-Charge
0,0,0,-1.23067890214005,1,1,1,0.342225003689566,1,1,0,3,Short-Tenure Higher-Charge
1,0,0,1.6050708604355,1,0,0,-1.37622787359722,0,1,0,2,Long-Tenure Lower-Charge
1,1,0,0.289940535762779,1,0,0,-0.331678085442506,0,0,1,2,Long-Tenure Lower-Charge
1,0,0,-0.778602853033805,1,1,1,-1.54470364588024,0,0,0,0,Short-Tenure Lower-Charge
0,0,0,1.31738610191334,1,1,1,1.42046994630088,0,0,0,1,Long-Tenure Higher-Charge
0,0,0,0.577625294284936,1,1,0,1.15090871064805,0,0,1,1,Long-Tenure Higher-Charge
1,0,0,-0.326526803927558,1,0,0,-1.54470364588024,0,0,0,0,Short-Tenure Lower-Charge
1,1,0,-1.27177672478607,1,1,1,0.241139540319755,0,0,1,3,Short-Tenure Higher-Charge
1,1,0,0.536527471638913,0,0,1,-0.196897467616092,1,0,0,2,Long-Tenure Lower-Charge
0,0,1,0.906407875453115,1,0,0,-1.51100849142363,0,1,0,2,Long-Tenure Lower-Charge
0,0,0,1.23519045662129,1,0,0,1.48786025521409,0,0,0,1,Long-Tenure Higher-Charge
1,0,1,1.19409263397527,1,1,1,0.679176548255603,0,0,1,1,Long-Tenure Higher-Charge
0,0,0,0.618723116930958,0,1,0,-0.702324784465146,1,0,1,2,Long-Tenure Lower-Charge
1,0,0,-0.614211562449715,1,0,1,0.409615312602774,0,0,0,3,Short-Tenure Higher-Charge
1,0,0,1.56397303778947,1,1,1,0.679176548255603,0,0,0,1,Long-Tenure Higher-Charge
1,0,1,0.0844514225326663,1,0,1,0.813957166082017,0,0,0,1,Long-Tenure Higher-Charge
0,0,0,-0.244331158635513,1,0,0,-0.297982930985903,0,0,0,3,Short-Tenure Higher-Charge
1,0,1,1.44067956985141,1,0,1,0.881347474995224,0,0,0,1,Long-Tenure Higher-Charge
0,0,0,-1.23067890214005,1,1,0,-1.54470364588024,0,0,1,0,Short-Tenure Lower-Charge
0,0,0,0.248842713116756,1,0,1,-1.51100849142363,0,0,0,2,Long-Tenure Lower-Charge
0,0,0,0.82421223016107,1,0,0,0.948737783908432,0,1,0,1,Long-Tenure Higher-Charge
0,0,1,-0.203233335989491,1,0,0,0.813957166082017,1,0,0,3,Short-Tenure Higher-Charge
1,0,0,-1.14848325684801,1,0,0,0.308529849232963,0,1,0,3,Short-Tenure Higher-Charge
1,0,0,0.700918762223003,0,0,0,-1.03927632903118,0,0,1,2,Long-Tenure Lower-Charge
1,0,0,-0.573113739803693,1,0,0,0.443310467059377,0,0,1,3,Short-Tenure Higher-Charge
1,0,1,-0.655309385095738,1,0,1,0.140054076949945,0,0,0,3,Short-Tenure Higher-Charge
1,0,0,-0.53201591715767,1,0,1,-0.466458703268921,0,0,0,0,Short-Tenure Lower-Charge
0,0,1,1.23519045662129,1,1,1,-1.54470364588024,0,0,1,2,Long-Tenure Lower-Charge
1,0,0,1.6050708604355,1,0,0,0.712871702712206,0,0,0,1,Long-Tenure Higher-Charge
1,0,0,0.783114407515048,1,0,1,0.881347474995224,0,0,0,1,Long-Tenure Higher-Charge
0,0,1,1.07079916603721,1,0,0,-1.54470364588024,0,0,0,2,Long-Tenure Lower-Charge
1,0,1,-0.121037690697446,1,1,1,-0.0621168497896772,0,0,0,3,Short-Tenure Higher-Charge
0,1,0,-0.573113739803693,1,0,0,0.982432938365035,0,0,0,3,Short-Tenure Higher-Charge
1,0,1,0.577625294284936,1,1,0,1.5889457185839,0,0,1,1,Long-Tenure Higher-Charge
1,0,0,0.413234003700846,0,0,0,-0.73601993892175,0,0,0,2,Long-Tenure Lower-Charge
1,0,0,0.98860352074516,0,1,0,-0.264287776529299,0,0,1,2,Long-Tenure Lower-Charge
1,0,0,1.07079916603721,1,1,1,-0.399068394355713,0,1,0,2,Long-Tenure Lower-Charge
0,0,0,-0.86079849832585,1,1,1,0.645481393798999,0,0,0,3,Short-Tenure Higher-Charge
1,0,0,0.413234003700846,1,0,1,-0.331678085442506,0,0,0,2,Long-Tenure Lower-Charge
1,0,0,1.27628827926732,1,1,1,0.712871702712206,0,0,0,1,Long-Tenure Higher-Charge
1,0,1,-1.10738543420198,1,1,0,-1.54470364588024,0,1,0,0,Short-Tenure Lower-Charge
1,1,0,-1.3128745474321,1,1,0,0.140054076949945,1,0,1,3,Short-Tenure Higher-Charge
1,0,1,-0.655309385095738,1,0,1,-1.37622787359722,0,0,0,0,Short-Tenure Lower-Charge
0,1,0,1.11189698868323,1,0,0,1.35307963738768,1,0,0,1,Long-Tenure Higher-Charge
1,0,1,1.6050708604355,1,1,0,1.6226408730405,0,1,0,1,Long-Tenure Higher-Charge
1,0,0,-1.14848325684801,0,0,0,-0.769715093378353,1,0,0,0,Short-Tenure Lower-Charge
0,0,1,1.31738610191334,1,0,0,1.45416510075749,0,1,0,1,Long-Tenure Higher-Charge
1,0,0,-1.10738543420198,1,0,0,-0.230592622072695,0,0,1,3,Short-Tenure Higher-Charge
1,0,0,-1.18958107949403,1,1,1,0.274834694776359,1,0,1,3,Short-Tenure Higher-Charge
0,0,1,-0.53201591715767,1,0,0,1.35307963738768,1,1,0,3,Short-Tenure Higher-Charge
0,0,0,1.15299481132925,1,1,1,-1.40992302805382,0,0,1,2,Long-Tenure Lower-Charge
0,1,0,1.31738610191334,1,1,0,1.31938448293107,1,0,1,1,Long-Tenure Higher-Charge
0,0,0,1.6050708604355,1,0,1,1.69003118195371,0,0,0,1,Long-Tenure Higher-Charge
0,1,0,-1.02518978890994,1,1,1,1.35307963738768,1,0,0,3,Short-Tenure Higher-Charge
0,0,0,-0.86079849832585,1,0,0,0.274834694776359,1,0,0,3,Short-Tenure Higher-Charge
0,1,0,0.413234003700846,1,0,0,1.42046994630088,1,1,0,1,Long-Tenure Higher-Charge
0,1,0,-0.121037690697446,0,0,1,-0.870800556748164,1,1,0,0,Short-Tenure Lower-Charge
1,0,0,1.02970134339118,1,0,0,0.510700775972585,0,0,0,1,Long-Tenure Higher-Charge
0,0,0,0.536527471638913,1,0,0,0.173749231406548,0,0,1,1,Long-Tenure Higher-Charge
1,0,0,-0.367624626573581,1,0,0,0.948737783908432,0,0,0,3,Short-Tenure Higher-Charge
1,0,1,0.659820939576981,0,0,1,-0.466458703268921,1,0,0,2,Long-Tenure Lower-Charge
1,1,0,-1.18958107949403,1,0,0,0.173749231406548,0,0,1,3,Short-Tenure Higher-Charge
1,0,1,-0.942994143617895,1,0,0,-0.533849012182128,0,1,0,0,Short-Tenure Lower-Charge
1,0,1,0.865310052807093,1,1,1,-0.36537323989911,1,0,0,2,Long-Tenure Lower-Charge
0,0,0,0.700918762223003,0,0,0,-0.870800556748164,0,0,0,2,Long-Tenure Lower-Charge
0,0,1,0.618723116930958,1,1,0,0.544395930429188,1,0,1,1,Long-Tenure Higher-Charge
0,0,0,-0.121037690697446,1,1,1,0.645481393798999,1,0,0,3,Short-Tenure Higher-Charge
0,0,1,-1.23067890214005,1,0,0,-0.0621168497896772,0,1,0,3,Short-Tenure Higher-Charge
0,0,1,-1.3128745474321,1,0,1,-1.54470364588024,1,0,0,0,Short-Tenure Lower-Charge
0,0,1,0.618723116930958,0,0,1,-0.668629630008542,0,0,0,2,Long-Tenure Lower-Charge
0,0,0,-0.162135513343468,1,0,0,0.00527345912353,0,1,0,3,Short-Tenure Higher-Charge
0,0,0,-0.778602853033805,1,0,0,-0.230592622072695,0,0,0,3,Short-Tenure Higher-Charge
0,1,0,0.659820939576981,1,0,1,1.21829901956126,0,0,0,1,Long-Tenure Higher-Charge
0,0,1,1.48177739249743,1,0,0,-1.57839880033684,0,0,0,2,Long-Tenure Lower-Charge
0,0,1,1.6050708604355,0,0,0,-0.399068394355713,0,1,0,2,Long-Tenure Lower-Charge
0,0,1,1.35848392455936,1,0,0,-0.264287776529299,0,0,0,2,Long-Tenure Lower-Charge
1,0,1,0.82421223016107,1,0,0,1.01612809282164,0,1,0,1,Long-Tenure Higher-Charge
1,1,0,-0.737505030387783,1,1,1,0.679176548255603,1,0,0,3,Short-Tenure Higher-Charge
1,0,0,-0.244331158635513,1,1,1,-0.533849012182128,0,0,0,0,Short-Tenure Lower-Charge
0,0,0,1.6050708604355,1,0,0,0.241139540319755,0,1,0,1,Long-Tenure Higher-Charge
1,0,0,-0.490918094511648,1,1,0,-0.36537323989911,0,0,1,0,Short-Tenure Lower-Charge
1,0,0,0.906407875453115,1,0,0,-0.230592622072695,0,0,0,2,Long-Tenure Lower-Charge
0,1,0,-1.10738543420198,1,0,0,0.274834694776359,1,0,0,3,Short-Tenure Higher-Charge
0,0,0,-0.614211562449715,0,0,1,-0.870800556748164,0,1,0,0,Short-Tenure Lower-Charge
1,0,0,-1.23067890214005,1,1,1,0.140054076949945,0,0,1,3,Short-Tenure Higher-Charge
1,0,1,0.906407875453115,1,1,1,-0.230592622072695,0,0,0,2,Long-Tenure Lower-Charge
1,0,0,-1.18958107949403,1,1,1,0.308529849232963,1,0,0,3,Short-Tenure Higher-Charge
0,1,0,-0.942994143617895,0,0,0,-1.03927632903118,1,0,0,0,Short-Tenure Lower-Charge
0,1,0,1.52287521514345,1,1,1,0.847652320538621,0,0,0,1,Long-Tenure Higher-Charge
0,0,0,0.700918762223003,1,0,0,-1.54470364588024,0,0,0,2,Long-Tenure Lower-Charge
1,0,1,1.6050708604355,1,0,0,-1.40992302805382,0,0,0,2,Long-Tenure Lower-Charge
0,0,1,0.454331826346868,1,0,0,0.409615312602774,0,0,0,1,Long-Tenure Higher-Charge
1,0,0,-1.10738543420198,1,0,0,-0.533849012182128,0,0,0,0,Short-Tenure Lower-Charge
1,0,0,-0.326526803927558,1,0,0,-1.51100849142363,0,0,1,0,Short-Tenure Lower-Charge
1,0,0,-1.10738543420198,1,1,0,-1.51100849142363,0,0,0,0,Short-Tenure Lower-Charge
1,0,0,-1.3128745474321,1,0,0,-0.702324784465146,1,0,0,0,Short-Tenure Lower-Charge
0,0,0,0.82421223016107,1,0,0,1.35307963738768,1,0,0,1,Long-Tenure Higher-Charge
0,0,0,-0.778602853033805,1,0,0,1.35307963738768,1,0,0,3,Short-Tenure Higher-Charge
1,0,1,1.35848392455936,0,1,1,-0.36537323989911,0,1,0,2,Long-Tenure Lower-Charge
1,0,0,1.44067956985141,1,0,0,1.15090871064805,0,0,0,1,Long-Tenure Higher-Charge
0,0,0,-0.203233335989491,1,0,0,-0.36537323989911,0,0,0,3,Short-Tenure Higher-Charge
0,0,1,-1.23067890214005,0,0,1,-1.2077521013142,1,0,0,0,Short-Tenure Lower-Charge
0,0,0,-0.367624626573581,1,1,0,0.982432938365035,0,1,0,3,Short-Tenure Higher-Charge
0,0,0,-0.984091966263917,0,0,0,-0.837105402291561,0,1,0,0,Short-Tenure Lower-Charge
0,0,0,0.947505698099138,1,0,1,1.31938448293107,0,0,0,1,Long-Tenure Higher-Charge
1,0,1,-0.490918094511648,1,1,0,-0.668629630008542,0,1,0,0,Short-Tenure Lower-Charge
1,1,0,-0.69640720774176,1,0,0,0.712871702712206,1,0,0,3,Short-Tenure Higher-Charge
1,0,1,1.6050708604355,1,0,0,-1.37622787359722,0,0,0,2,Long-Tenure Lower-Charge
1,0,0,-1.3128745474321,1,0,0,-0.702324784465146,0,1,0,0,Short-Tenure Lower-Charge
0,0,1,-0.038842045405401,1,0,0,1.11721355619145,0,0,0,3,Short-Tenure Higher-Charge
0,0,0,-1.3128745474321,1,0,0,-1.54470364588024,0,1,0,0,Short-Tenure Lower-Charge
0,0,0,-0.326526803927558,1,1,1,-1.57839880033684,0,0,0,0,Short-Tenure Lower-Charge
0,0,1,-0.655309385095738,1,0,0,-0.129507158702884,0,0,0,3,Short-Tenure Higher-Charge
1,0,0,0.0022557772406214,1,0,1,1.01612809282164,1,0,0,3,Short-Tenure Higher-Charge
1,0,1,-0.778602853033805,1,0,1,0.106358922493341,0,0,1,3,Short-Tenure Higher-Charge
0,0,0,1.6050708604355,0,1,0,0.00527345912353,0,0,1,1,Long-Tenure Higher-Charge
1,0,0,0.577625294284936,1,0,0,1.25199417401786,0,0,0,1,Long-Tenure Higher-Charge
0,0,0,0.248842713116756,1,1,1,1.31938448293107,1,0,0,1,Long-Tenure Higher-Charge
0,0,0,-1.10738543420198,1,1,1,-1.51100849142363,0,0,0,0,Short-Tenure Lower-Charge
0,0,1,-0.901896320971872,1,1,0,-1.51100849142363,0,0,1,0,Short-Tenure Lower-Charge
0,1,0,-0.53201591715767,1,1,0,0.847652320538621,0,1,0,3,Short-Tenure Higher-Charge
1,0,1,1.19409263397527,1,0,0,1.35307963738768,0,0,0,1,Long-Tenure Higher-Charge
1,0,0,-1.3128745474321,0,0,1,-1.40992302805382,1,0,0,0,Short-Tenure Lower-Charge
1,0,1,0.0433535998866439,0,1,1,-0.837105402291561,0,0,0,2,Long-Tenure Lower-Charge
1,0,1,-0.203233335989491,1,0,1,0.645481393798999,0,0,0,3,Short-Tenure Higher-Charge
1,0,1,0.372136181054823,0,0,0,-0.702324784465146,0,0,0,2,Long-Tenure Lower-Charge
0,1,0,-0.367624626573581,0,0,0,-0.837105402291561,1,1,0,0,Short-Tenure Lower-Charge
0,0,0,0.906407875453115,1,0,0,0.241139540319755,0,0,0,1,Long-Tenure Higher-Charge
1,0,0,0.125549245178689,1,1,1,0.645481393798999,1,0,0,3,Short-Tenure Higher-Charge
1,0,0,-0.367624626573581,1,0,1,-0.331678085442506,1,1,0,0,Short-Tenure Lower-Charge
0,0,0,-0.326526803927558,1,1,0,0.00527345912353,0,0,0,3,Short-Tenure Higher-Charge
0,0,1,0.0022557772406214,1,1,0,-1.54470364588024,0,0,1,2,Long-Tenure Lower-Charge
0,1,0,-1.3128745474321,1,1,0,0.409615312602774,1,1,0,3,Short-Tenure Higher-Charge
1,0,1,0.248842713116756,1,0,0,1.18460386510466,0,0,1,1,Long-Tenure Higher-Charge
1,0,0,0.906407875453115,0,0,1,-0.36537323989911,1,0,0,2,Long-Tenure Lower-Charge
0,0,1,1.52287521514345,1,0,1,0.274834694776359,0,1,0,1,Long-Tenure Higher-Charge
0,0,0,-1.18958107949403,1,0,0,0.106358922493341,1,0,0,3,Short-Tenure Higher-Charge
1,0,0,-1.06628761155596,1,1,1,0.645481393798999,1,0,0,3,Short-Tenure Higher-Charge
0,0,1,0.865310052807093,1,0,0,-1.54470364588024,0,0,0,2,Long-Tenure Lower-Charge
0,0,1,-0.0799398680514234,1,0,0,1.28568932847447,1,1,0,3,Short-Tenure Higher-Charge
0,1,1,1.11189698868323,1,0,0,0.308529849232963,0,0,0,1,Long-Tenure Higher-Charge
1,1,0,1.31738610191334,1,0,1,0.173749231406548,0,1,0,1,Long-Tenure Higher-Charge
0,0,0,-0.86079849832585,1,0,0,-1.54470364588024,0,0,1,0,Short-Tenure Lower-Charge
0,0,0,-1.06628761155596,1,0,1,-1.57839880033684,0,1,0,0,Short-Tenure Lower-Charge
0,1,0,0.454331826346868,1,0,0,0.645481393798999,0,0,1,1,Long-Tenure Higher-Charge
1,1,0,-1.06628761155596,1,0,1,0.780262011625413,0,0,0,3,Short-Tenure Higher-Charge
1,0,0,-0.86079849832585,1,0,0,-1.37622787359722,0,0,1,0,Short-Tenure Lower-Charge
1,0,0,1.19409263397527,1,0,0,-0.196897467616092,0,1,0,2,Long-Tenure Lower-Charge
1,0,1,-1.18958107949403,1,0,0,-1.54470364588024,0,0,0,0,Short-Tenure Lower-Charge
0,0,0,-1.14848325684801,1,1,0,-0.0621168497896772,0,0,1,3,Short-Tenure Higher-Charge
0,0,0,-1.27177672478607,1,0,0,0.342225003689566,1,1,0,3,Short-Tenure Higher-Charge
1,0,0,-1.3128745474321,1,1,1,0.140054076949945,1,0,1,3,Short-Tenure Higher-Charge
0,0,1,0.289940535762779,1,0,0,0.173749231406548,0,0,0,1,Long-Tenure Higher-Charge
0,0,0,-1.3128745474321,0,1,1,-1.00558117457458,0,1,0,0,Short-Tenure Lower-Charge
1,0,1,-0.326526803927558,1,1,1,-1.54470364588024,0,0,0,0,Short-Tenure Lower-Charge
1,0,0,-1.10738543420198,1,0,1,-0.331678085442506,0,0,0,0,Short-Tenure Lower-Charge
1,0,0,0.331038358408801,1,1,1,0.274834694776359,0,0,0,1,Long-Tenure Higher-Charge
1,0,1,-0.984091966263917,1,0,0,-0.533849012182128,0,0,0,0,Short-Tenure Lower-Charge
1,1,0,-1.3128745474321,1,1,1,0.308529849232963,1,0,0,3,Short-Tenure Higher-Charge
0,0,0,-0.449820271865625,1,1,0,0.342225003689566,0,0,1,3,Short-Tenure Higher-Charge
0,0,0,0.207744890470734,1,1,1,0.780262011625413,0,0,0,1,Long-Tenure Higher-Charge
1,0,0,-0.408722449219603,1,0,0,1.11721355619145,1,0,0,3,Short-Tenure Higher-Charge
1,0,1,1.11189698868323,1,0,1,0.37592015814617,0,0,0,1,Long-Tenure Higher-Charge
0,0,0,0.577625294284936,1,0,0,0.00527345912353,0,0,0,1,Long-Tenure Higher-Charge
0,0,1,1.6050708604355,1,1,1,0.915042629451828,0,0,0,1,Long-Tenure Higher-Charge
1,0,1,1.52287521514345,1,0,0,1.35307963738768,0,1,0,1,Long-Tenure Higher-Charge
1,0,0,-1.3128745474321,1,1,1,0.173749231406548,0,0,1,3,Short-Tenure Higher-Charge
0,0,1,-1.18958107949403,1,1,1,0.679176548255603,1,0,0,3,Short-Tenure Higher-Charge
0,0,0,-1.02518978890994,1,0,0,0.342225003689566,0,0,0,3,Short-Tenure Higher-Charge
1,0,1,1.56397303778947,1,1,0,1.6226408730405,0,0,1,1,Long-Tenure Higher-Charge
0,0,0,-1.27177672478607,1,1,1,0.477005621515981,1,0,0,3,Short-Tenure Higher-Charge
1,0,1,0.0433535998866439,1,1,1,-1.54470364588024,0,0,0,2,Long-Tenure Lower-Charge
1,0,0,0.289940535762779,1,0,0,0.477005621515981,0,0,0,1,Long-Tenure Higher-Charge
1,0,0,-0.53201591715767,1,0,0,-1.57839880033684,0,0,1,0,Short-Tenure Lower-Charge
0,0,0,-0.244331158635513,1,0,1,0.780262011625413,0,0,0,3,Short-Tenure Higher-Charge
1,0,0,-0.121037690697446,1,0,0,1.04982324727824,0,0,1,3,Short-Tenure Higher-Charge
0,0,0,-0.984091966263917,1,1,1,0.106358922493341,0,1,0,3,Short-Tenure Higher-Charge
0,0,0,-1.23067890214005,1,0,0,0.982432938365035,0,0,1,3,Short-Tenure Higher-Charge
1,0,0,-0.86079849832585,1,1,1,-1.37622787359722,0,0,0,0,Short-Tenure Lower-Charge
0,0,0,1.56397303778947,1,1,1,0.679176548255603,0,0,0,1,Long-Tenure Higher-Charge
0,0,1,-0.244331158635513,1,0,1,-1.40992302805382,0,0,0,0,Short-Tenure Lower-Charge
0,0,1,0.289940535762779,1,1,0,-0.0621168497896772,0,0,1,2,Long-Tenure Lower-Charge
1,0,0,0.783114407515048,0,0,0,-1.2077521013142,0,0,1,2,Long-Tenure Lower-Charge
0,0,0,1.52287521514345,1,1,1,0.982432938365035,0,0,1,1,Long-Tenure Higher-Charge
1,0,1,-1.23067890214005,1,1,1,0.173749231406548,0,0,0,3,Short-Tenure Higher-Charge
1,0,1,-0.942994143617895,1,0,0,-1.40992302805382,0,0,0,0,Short-Tenure Lower-Charge
1,0,0,-1.06628761155596,1,0,0,-1.57839880033684,1,0,1,0,Short-Tenure Lower-Charge
1,0,0,1.15299481132925,1,0,0,1.01612809282164,0,0,0,1,Long-Tenure Higher-Charge
0,0,0,-1.06628761155596,1,0,1,-0.0958120042462808,0,0,0,3,Short-Tenure Higher-Charge
1,0,1,1.6050708604355,1,0,0,1.31938448293107,0,0,1,1,Long-Tenure Higher-Charge
1,0,0,-1.3128745474321,1,0,0,-0.196897467616092,1,0,1,3,Short-Tenure Higher-Charge
1,1,0,-1.23067890214005,1,0,0,0.37592015814617,1,0,0,3,Short-Tenure Higher-Charge
1,0,1,-0.326526803927558,1,0,0,-1.34253271914062,0,0,0,0,Short-Tenure Lower-Charge
0,0,1,-1.3128745474321,0,0,0,-1.2077521013142,1,0,0,0,Short-Tenure Lower-Charge
0,0,1,0.0022557772406214,1,1,1,0.443310467059377,0,0,1,3,Short-Tenure Higher-Charge
0,1,0,-0.038842045405401,1,0,0,0.477005621515981,0,0,1,3,Short-Tenure Higher-Charge
1,0,1,0.783114407515048,1,1,1,-1.37622787359722,0,0,0,2,Long-Tenure Lower-Charge
0,1,0,-0.203233335989491,1,1,1,1.18460386510466,1,0,1,3,Short-Tenure Higher-Charge
0,1,0,-0.69640720774176,1,0,0,0.645481393798999,1,0,1,3,Short-Tenure Higher-Charge
1,0,1,-0.285428981281536,1,0,0,0.443310467059377,0,1,0,3,Short-Tenure Higher-Charge
1,0,0,-1.3128745474321,1,1,0,0.443310467059377,1,0,1,3,Short-Tenure Higher-Charge
1,0,1,1.02970134339118,1,1,1,0.544395930429188,0,0,0,1,Long-Tenure Higher-Charge
0,1,0,1.11189698868323,1,1,0,1.35307963738768,0,1,0,1,Long-Tenure Higher-Charge
1,0,0,-0.038842045405401,1,1,1,0.847652320538621,0,0,0,3,Short-Tenure Higher-Charge
0,0,0,-0.614211562449715,1,1,1,-1.54470364588024,0,1,0,0,Short-Tenure Lower-Charge
1,0,0,-1.3128745474321,1,0,1,0.982432938365035,1,0,0,3,Short-Tenure Higher-Charge
0,1,1,0.618723116930958,0,0,0,-1.2077521013142,0,0,1,2,Long-Tenure Lower-Charge
1,1,1,0.742016584869025,1,1,0,0.611786239342395,1,0,1,1,Long-Tenure Higher-Charge
0,0,0,1.6050708604355,0,0,0,-0.399068394355713,1,0,0,2,Long-Tenure Lower-Charge
1,0,0,-0.408722449219603,1,0,0,0.510700775972585,1,0,0,3,Short-Tenure Higher-Charge
1,1,0,-0.901896320971872,1,0,0,-1.54470364588024,1,0,1,0,Short-Tenure Lower-Charge
1,1,0,0.783114407515048,1,1,0,1.28568932847447,1,0,0,1,Long-Tenure Higher-Charge
0,0,0,0.331038358408801,1,0,0,-0.533849012182128,0,1,0,2,Long-Tenure Lower-Charge
0,0,0,1.23519045662129,1,0,1,0.544395930429188,0,0,0,1,Long-Tenure Higher-Charge
1,0,0,1.15299481132925,1,0,1,1.35307963738768,0,0,0,1,Long-Tenure Higher-Charge
0,0,0,-0.86079849832585,1,0,0,0.780262011625413,0,0,1,3,Short-Tenure Higher-Charge
0,0,0,-1.3128745474321,1,1,1,0.847652320538621,1,0,0,3,Short-Tenure Higher-Charge
0,0,0,-0.778602853033805,1,1,1,0.477005621515981,0,0,1,3,Short-Tenure Higher-Charge
1,0,0,1.48177739249743,1,1,1,-1.40992302805382,0,1,0,2,Long-Tenure Lower-Charge
0,1,0,-0.819700675679827,1,0,0,1.18460386510466,1,0,1,3,Short-Tenure Higher-Charge
1,0,1,-0.984091966263917,1,0,1,1.21829901956126,0,1,0,3,Short-Tenure Higher-Charge
1,0,1,-0.449820271865625,1,1,1,-1.54470364588024,0,0,1,0,Short-Tenure Lower-Charge
0,0,1,-1.3128745474321,1,1,0,-1.54470364588024,1,1,0,0,Short-Tenure Lower-Charge
1,1,0,-1.3128745474321,0,0,0,-0.769715093378353,1,0,0,0,Short-Tenure Lower-Charge
0,0,0,1.56397303778947,1,1,0,0.948737783908432,1,0,1,1,Long-Tenure Higher-Charge
0,0,1,0.372136181054823,1,0,0,-1.44361818251043,0,0,0,2,Long-Tenure Lower-Charge
1,0,0,-1.3128745474321,1,1,1,0.308529849232963,1,0,1,3,Short-Tenure Higher-Charge
0,1,0,0.372136181054823,1,1,0,0.645481393798999,1,0,1,1,Long-Tenure Higher-Charge
0,0,1,-1.02518978890994,1,1,0,-0.331678085442506,0,0,1,0,Short-Tenure Lower-Charge
1,1,0,1.31738610191334,1,0,0,1.18460386510466,0,0,0,1,Long-Tenure Higher-Charge
1,0,0,-0.53201591715767,1,0,1,0.106358922493341,0,1,0,3,Short-Tenure Higher-Charge
0,0,0,-1.3128745474321,1,0,0,0.544395930429188,1,1,0,3,Short-Tenure Higher-Charge
1,0,1,0.372136181054823,1,0,1,0.106358922493341,0,0,0,1,Long-Tenure Higher-Charge
1,0,1,0.742016584869025,1,0,1,-1.40992302805382,0,0,0,2,Long-Tenure Lower-Charge
1,0,0,0.413234003700846,1,0,1,0.477005621515981,0,0,0,1,Long-Tenure Higher-Charge
0,0,0,0.536527471638913,1,0,1,0.948737783908432,0,0,0,1,Long-Tenure Higher-Charge
1,0,0,0.783114407515048,1,0,0,0.780262011625413,0,0,1,1,Long-Tenure Higher-Charge
0,0,0,-0.942994143617895,1,1,0,-1.54470364588024,0,0,1,0,Short-Tenure Lower-Charge
1,1,0,0.0844514225326663,1,0,1,0.847652320538621,0,0,0,3,Short-Tenure Higher-Charge
1,0,1,1.35848392455936,1,0,0,0.00527345912353,0,0,0,1,Long-Tenure Higher-Charge
0,0,1,0.783114407515048,1,0,0,1.01612809282164,0,0,1,1,Long-Tenure Higher-Charge
1,0,0,0.536527471638913,1,0,0,1.45416510075749,0,0,0,1,Long-Tenure Higher-Charge
1,0,1,0.700918762223003,1,1,1,0.140054076949945,0,0,0,1,Long-Tenure Higher-Charge
1,0,0,-0.819700675679827,1,0,1,1.21829901956126,1,0,0,3,Short-Tenure Higher-Charge
0,1,0,-0.244331158635513,1,1,0,0.409615312602774,1,0,0,3,Short-Tenure Higher-Charge
1,0,0,-0.449820271865625,1,1,1,1.18460386510466,0,0,1,3,Short-Tenure Higher-Charge
1,0,0,-0.285428981281536,1,0,0,-0.702324784465146,0,0,1,0,Short-Tenure Lower-Charge
1,1,0,0.495429648992891,1,1,1,0.948737783908432,0,0,0,1,Long-Tenure Higher-Charge
0,0,0,-0.69640720774176,1,1,1,-1.57839880033684,0,0,0,0,Short-Tenure Lower-Charge
1,0,0,0.659820939576981,1,0,0,1.38677479184428,0,0,0,1,Long-Tenure Higher-Charge
0,0,1,-0.778602853033805,1,1,1,-1.34253271914062,0,0,0,0,Short-Tenure Lower-Charge
1,1,0,-0.655309385095738,1,1,1,-0.702324784465146,1,0,0,0,Short-Tenure Lower-Charge
0,0,1,1.6050708604355,1,0,0,-1.40992302805382,0,0,0,2,Long-Tenure Lower-Charge
1,0,0,0.659820939576981,1,1,1,0.982432938365035,0,0,0,1,Long-Tenure Higher-Charge
0,0,0,1.39958174720538,1,1,0,-1.51100849142363,0,0,1,2,Long-Tenure Lower-Charge
0,0,0,-0.162135513343468,0,0,0,-1.1740569468576,0,0,0,0,Short-Tenure Lower-Charge
1,0,1,-0.819700675679827,1,0,0,1.04982324727824,0,0,0,3,Short-Tenure Higher-Charge
0,0,1,1.6050708604355,1,0,0,1.48786025521409,0,0,1,1,Long-Tenure Higher-Charge
1,0,0,1.02970134339118,1,1,1,-0.533849012182128,0,0,1,2,Long-Tenure Lower-Charge
0,1,0,-1.3128745474321,1,1,1,0.207444385863152,0,0,0,3,Short-Tenure Higher-Charge
1,1,0,-1.14848325684801,1,1,0,-1.54470364588024,0,0,1,0,Short-Tenure Lower-Charge
0,0,1,0.0433535998866439,1,0,1,1.69003118195371,0,0,0,1,Long-Tenure Higher-Charge
0,0,1,1.6050708604355,1,1,1,1.75742149086692,0,0,1,1,Long-Tenure Higher-Charge
1,1,0,0.742016584869025,1,0,0,0.948737783908432,0,0,0,1,Long-Tenure Higher-Charge
0,0,1,-1.18958107949403,1,1,1,-0.331678085442506,1,0,0,0,Short-Tenure Lower-Charge
1,0,0,-1.18958107949403,1,0,0,0.679176548255603,1,0,0,3,Short-Tenure Higher-Charge
0,1,0,-0.367624626573581,1,0,0,0.948737783908432,1,0,0,3,Short-Tenure Higher-Charge
0,1,0,-0.0799398680514234,0,1,1,-0.533849012182128,0,0,1,0,Short-Tenure Lower-Charge
1,0,0,-1.3128745474321,1,1,1,-0.399068394355713,1,0,1,0,Short-Tenure Lower-Charge
1,1,0,-1.3128745474321,1,0,0,-0.702324784465146,1,1,0,0,Short-Tenure Lower-Charge
0,0,1,0.0433535998866439,1,1,0,0.0726637680367373,0,1,0,3,Short-Tenure Higher-Charge
0,1,0,-0.449820271865625,1,0,1,0.274834694776359,1,0,0,3,Short-Tenure Higher-Charge
0,1,0,-1.18958107949403,1,0,0,-1.54470364588024,0,0,0,0,Short-Tenure Lower-Charge
1,0,0,1.6050708604355,1,1,0,1.18460386510466,0,0,1,1,Long-Tenure Higher-Charge
1,0,0,-1.02518978890994,1,0,1,-1.54470364588024,0,0,0,0,Short-Tenure Lower-Charge
0,0,0,-1.3128745474321,1,1,1,0.477005621515981,1,0,0,3,Short-Tenure Higher-Charge
0,0,0,-1.3128745474321,1,1,0,-1.34253271914062,0,0,1,0,Short-Tenure Lower-Charge
0,0,0,-0.984091966263917,1,0,0,0.847652320538621,1,1,0,3,Short-Tenure Higher-Charge
1,1,0,0.0022557772406214,1,1,0,1.18460386510466,0,1,0,3,Short-Tenure Higher-Charge
1,0,1,0.82421223016107,1,0,1,1.31938448293107,0,0,0,1,Long-Tenure Higher-Charge
1,0,0,0.98860352074516,1,0,1,0.712871702712206,0,0,0,1,Long-Tenure Higher-Charge
0,0,0,1.11189698868323,1,0,0,0.443310467059377,0,0,0,1,Long-Tenure Higher-Charge
1,0,0,1.6050708604355,0,1,1,-0.0284216953330735,0,0,0,2,Long-Tenure Lower-Charge
1,1,0,-0.038842045405401,1,0,0,0.948737783908432,0,0,1,3,Short-Tenure Higher-Charge
1,1,0,0.618723116930958,1,0,0,1.11721355619145,0,1,0,1,Long-Tenure Higher-Charge
0,0,1,-0.449820271865625,1,0,0,-1.57839880033684,0,0,0,0,Short-Tenure Lower-Charge
0,0,1,1.31738610191334,0,1,0,-0.702324784465146,0,0,0,2,Long-Tenure Lower-Charge
0,0,0,1.31738610191334,1,1,1,-0.230592622072695,0,0,0,2,Long-Tenure Lower-Charge
0,1,0,1.35848392455936,1,0,0,1.18460386510466,0,1,0,1,Long-Tenure Higher-Charge
1,0,0,1.56397303778947,1,1,0,1.31938448293107,0,0,0,1,Long-Tenure Higher-Charge
1,0,0,-0.655309385095738,1,1,1,0.140054076949945,1,1,0,3,Short-Tenure Higher-Charge
1,1,0,-1.27177672478607,1,0,1,-0.702324784465146,1,0,0,0,Short-Tenure Lower-Charge
1,0,0,0.742016584869025,1,1,1,1.01612809282164,0,0,0,1,Long-Tenure Higher-Charge
1,0,0,-0.53201591715767,1,1,1,0.173749231406548,0,0,0,3,Short-Tenure Higher-Charge
1,0,0,1.56397303778947,1,1,1,1.48786025521409,0,1,0,1,Long-Tenure Higher-Charge
1,0,1,1.39958174720538,1,1,1,1.52155540967069,1,0,1,1,Long-Tenure Higher-Charge
0,1,0,-1.3128745474321,1,0,0,0.308529849232963,1,0,1,3,Short-Tenure Higher-Charge
1,0,0,-0.69640720774176,1,0,1,0.308529849232963,0,0,0,3,Short-Tenure Higher-Charge
0,1,0,0.906407875453115,1,1,1,0.780262011625413,0,1,0,1,Long-Tenure Higher-Charge
0,0,1,-1.06628761155596,1,0,1,0.342225003689566,0,0,0,3,Short-Tenure Higher-Charge
0,0,1,0.413234003700846,1,1,1,-0.0621168497896772,0,1,0,2,Long-Tenure Lower-Charge
0,0,0,-1.3128745474321,1,1,0,-0.36537323989911,1,0,0,0,Short-Tenure Lower-Charge
0,0,0,-1.18958107949403,0,0,0,-1.37622787359722,0,0,0,0,Short-Tenure Lower-Charge
1,1,0,1.6050708604355,1,0,0,1.6226408730405,0,0,0,1,Long-Tenure Higher-Charge
0,1,0,0.659820939576981,1,1,1,1.25199417401786,0,0,0,1,Long-Tenure Higher-Charge
1,0,0,0.82421223016107,1,0,0,0.948737783908432,1,1,0,1,Long-Tenure Higher-Charge
0,0,0,1.11189698868323,0,1,0,-0.533849012182128,0,0,1,2,Long-Tenure Lower-Charge
0,1,0,1.44067956985141,1,0,1,1.04982324727824,1,0,0,1,Long-Tenure Higher-Charge
1,1,0,0.98860352074516,1,0,0,0.477005621515981,0,0,1,1,Long-Tenure Higher-Charge
0,0,0,-1.06628761155596,1,0,1,0.510700775972585,1,0,0,3,Short-Tenure Higher-Charge
0,0,1,-1.06628761155596,1,0,0,0.106358922493341,0,0,1,3,Short-Tenure Higher-Charge
1,0,0,1.44067956985141,1,0,0,-1.40992302805382,0,0,0,2,Long-Tenure Lower-Charge
1,0,1,-0.573113739803693,1,0,0,1.15090871064805,1,0,0,3,Short-Tenure Higher-Charge
0,0,1,1.39958174720538,1,0,0,1.35307963738768,0,0,0,1,Long-Tenure Higher-Charge
1,0,1,1.39958174720538,1,1,1,-0.196897467616092,0,1,0,2,Long-Tenure Lower-Charge
1,0,0,0.0844514225326663,1,1,0,0.106358922493341,0,0,0,3,Short-Tenure Higher-Charge
0,0,1,1.39958174720538,1,1,0,1.38677479184428,0,0,0,1,Long-Tenure Higher-Charge
0,0,0,-0.901896320971872,1,0,1,0.813957166082017,1,0,0,3,Short-Tenure Higher-Charge
1,1,0,0.947505698099138,1,0,1,0.679176548255603,0,0,0,1,Long-Tenure Higher-Charge
1,0,0,-1.02518978890994,0,1,1,-1.2414472557708,0,0,0,0,Short-Tenure Lower-Charge
0,0,1,-0.449820271865625,1,0,0,-1.37622787359722,0,0,1,0,Short-Tenure Lower-Charge
1,0,0,1.56397303778947,1,0,1,0.611786239342395,0,0,0,1,Long-Tenure Higher-Charge
0,0,1,0.536527471638913,0,1,1,-1.03927632903118,0,1,0,2,Long-Tenure Lower-Charge
0,0,0,1.35848392455936,1,0,0,1.31938448293107,0,1,0,1,Long-Tenure Higher-Charge
1,0,0,-0.737505030387783,1,0,0,-0.567544166638732,0,0,1,0,Short-Tenure Lower-Charge
1,0,0,-0.326526803927558,1,0,0,1.01612809282164,0,0,0,3,Short-Tenure Higher-Charge
1,0,0,-0.038842045405401,1,0,0,-1.54470364588024,0,1,0,0,Short-Tenure Lower-Charge
1,0,0,-1.02518978890994,1,0,0,0.0389686135801337,0,0,1,3,Short-Tenure Higher-Charge
1,0,0,-1.10738543420198,1,0,0,-1.37622787359722,0,0,0,0,Short-Tenure Lower-Charge
0,0,0,-1.23067890214005,1,0,0,-0.668629630008542,0,1,0,0,Short-Tenure Lower-Charge
1,0,1,-0.901896320971872,1,1,0,-0.196897467616092,0,1,0,0,Short-Tenure Lower-Charge
1,0,1,-0.737505030387783,1,0,0,0.847652320538621,0,0,1,3,Short-Tenure Higher-Charge
0,0,0,-0.408722449219603,1,0,0,0.813957166082017,1,0,0,3,Short-Tenure Higher-Charge
0,0,0,-1.3128745474321,1,1,1,-0.73601993892175,0,0,0,0,Short-Tenure Lower-Charge
1,0,1,0.166647067824711,0,0,0,-0.870800556748164,0,0,0,2,Long-Tenure Lower-Charge
1,0,1,1.48177739249743,1,1,0,0.510700775972585,0,0,1,1,Long-Tenure Higher-Charge
0,0,1,-1.02518978890994,1,0,0,-0.36537323989911,0,0,0,0,Short-Tenure Lower-Charge
0,0,0,-1.10738543420198,0,1,0,-0.0958120042462808,0,0,1,3,Short-Tenure Higher-Charge
0,0,0,1.02970134339118,1,1,1,0.611786239342395,0,0,0,1,Long-Tenure Higher-Charge
0,0,1,0.248842713116756,1,0,0,0.813957166082017,1,0,0,1,Long-Tenure Higher-Charge
1,1,0,-0.408722449219603,1,1,0,0.813957166082017,0,0,1,3,Short-Tenure Higher-Charge
1,0,1,1.35848392455936,1,1,0,-1.54470364588024,0,0,1,2,Long-Tenure Lower-Charge
1,0,0,0.742016584869025,1,1,0,0.578091084885792,0,1,0,1,Long-Tenure Higher-Charge
1,0,1,-0.737505030387783,1,0,0,-1.54470364588024,0,0,0,0,Short-Tenure Lower-Charge
1,0,0,0.742016584869025,1,1,1,0.477005621515981,1,0,0,1,Long-Tenure Higher-Charge
1,0,0,-1.18958107949403,1,0,0,-1.57839880033684,0,0,0,0,Short-Tenure Lower-Charge
0,0,0,-0.614211562449715,1,1,1,-0.533849012182128,0,0,1,0,Short-Tenure Lower-Charge
1,0,0,0.536527471638913,1,1,1,0.948737783908432,1,1,0,1,Long-Tenure Higher-Charge
1,1,0,-1.23067890214005,1,0,1,1.35307963738768,1,0,0,3,Short-Tenure Higher-Charge
1,0,0,1.23519045662129,1,1,1,-1.37622787359722,0,0,0,2,Long-Tenure Lower-Charge
1,0,1,0.783114407515048,1,0,0,1.01612809282164,1,0,0,1,Long-Tenure Higher-Charge
0,0,0,-0.655309385095738,1,0,0,0.106358922493341,0,0,0,3,Short-Tenure Higher-Charge
0,0,0,0.413234003700846,1,1,1,0.645481393798999,0,1,0,1,Long-Tenure Higher-Charge
1,0,0,1.48177739249743,1,0,0,-1.54470364588024,0,0,0,2,Long-Tenure Lower-Charge
0,0,1,1.52287521514345,1,0,0,0.477005621515981,0,0,0,1,Long-Tenure Higher-Charge
0,0,0,-1.18958107949403,1,1,1,-1.40992302805382,0,0,0,0,Short-Tenure Lower-Charge
1,0,1,1.11189698868323,1,0,1,-1.51100849142363,0,1,0,2,Long-Tenure Lower-Charge
0,0,0,-0.53201591715767,0,0,0,-1.40992302805382,1,0,0,0,Short-Tenure Lower-Charge
1,0,1,1.48177739249743,1,0,0,1.01612809282164,0,0,1,1,Long-Tenure Higher-Charge
0,0,1,0.618723116930958,1,1,1,1.31938448293107,0,0,1,1,Long-Tenure Higher-Charge
0,0,0,-1.3128745474321,0,0,0,-1.1740569468576,0,0,0,0,Short-Tenure Lower-Charge
1,0,1,-1.02518978890994,1,0,0,-0.500153857725524,1,0,1,0,Short-Tenure Lower-Charge
1,1,0,-1.3128745474321,1,0,0,-0.668629630008542,0,0,1,0,Short-Tenure Lower-Charge
1,0,0,-0.449820271865625,1,0,0,-1.54470364588024,0,1,0,0,Short-Tenure Lower-Charge
1,1,0,-0.69640720774176,0,1,1,-0.904495711204768,1,0,1,0,Short-Tenure Lower-Charge
1,0,0,1.6050708604355,1,0,1,1.75742149086692,0,0,0,1,Long-Tenure Higher-Charge
1,0,0,-0.901896320971872,1,0,0,-0.163202313159488,0,0,1,3,Short-Tenure Higher-Charge
1,0,0,-1.18958107949403,1,1,0,0.847652320538621,0,1,0,3,Short-Tenure Higher-Charge
0,0,0,-1.02518978890994,1,0,0,-1.54470364588024,0,0,0,0,Short-Tenure Lower-Charge
0,1,0,0.865310052807093,1,1,0,0.544395930429188,1,0,1,1,Long-Tenure Higher-Charge
1,0,0,1.48177739249743,1,0,0,0.544395930429188,0,0,1,1,Long-Tenure Higher-Charge
1,1,0,0.536527471638913,1,1,1,0.477005621515981,1,0,0,1,Long-Tenure Higher-Charge
0,0,1,1.39958174720538,1,1,1,-0.500153857725524,0,0,1,2,Long-Tenure Lower-Charge
1,1,0,-0.53201591715767,1,0,1,0.813957166082017,0,0,0,3,Short-Tenure Higher-Charge
0,0,0,0.331038358408801,1,1,1,1.6226408730405,1,0,0,1,Long-Tenure Higher-Charge
1,1,0,-1.23067890214005,0,1,1,-0.837105402291561,1,0,0,0,Short-Tenure Lower-Charge
1,0,0,-0.737505030387783,0,0,0,-0.500153857725524,0,0,0,0,Short-Tenure Lower-Charge
1,0,0,-0.449820271865625,1,0,0,0.443310467059377,1,0,1,3,Short-Tenure Higher-Charge
1,0,0,-0.614211562449715,1,1,1,0.510700775972585,1,0,0,3,Short-Tenure Higher-Charge
0,0,0,-0.984091966263917,1,1,1,1.08351840173485,1,0,0,3,Short-Tenure Higher-Charge
1,0,0,-0.285428981281536,1,0,0,0.342225003689566,0,0,0,3,Short-Tenure Higher-Charge
1,1,0,1.56397303778947,1,0,1,1.35307963738768,0,1,0,1,Long-Tenure Higher-Charge
0,0,0,-0.69640720774176,1,0,0,-1.57839880033684,0,0,0,0,Short-Tenure Lower-Charge
0,1,0,1.6050708604355,1,0,0,0.780262011625413,0,0,0,1,Long-Tenure Higher-Charge
1,0,0,0.372136181054823,1,0,1,-1.37622787359722,0,0,0,2,Long-Tenure Lower-Charge
1,0,1,0.577625294284936,1,0,0,1.01612809282164,0,0,0,1,Long-Tenure Higher-Charge
1,0,0,1.35848392455936,1,0,1,0.00527345912353,0,0,0,1,Long-Tenure Higher-Charge
1,0,0,-1.14848325684801,1,0,0,-0.567544166638732,1,1,0,0,Short-Tenure Lower-Charge
1,0,0,-1.18958107949403,0,1,0,-1.2077521013142,1,0,1,0,Short-Tenure Lower-Charge
0,0,1,0.372136181054823,1,0,1,-1.57839880033684,0,0,1,2,Long-Tenure Lower-Charge
1,0,0,1.48177739249743,0,0,0,-0.163202313159488,0,0,0,2,Long-Tenure Lower-Charge
1,0,0,1.11189698868323,1,0,0,1.72372633641031,0,0,0,1,Long-Tenure Higher-Charge
0,0,0,-0.86079849832585,1,1,1,-1.57839880033684,0,0,0,0,Short-Tenure Lower-Charge
1,0,0,-1.23067890214005,1,1,0,-0.702324784465146,1,0,0,0,Short-Tenure Lower-Charge
1,0,0,0.865310052807093,1,0,0,1.31938448293107,1,0,0,1,Long-Tenure Higher-Charge
1,0,0,-1.27177672478607,1,0,0,-1.54470364588024,0,0,1,0,Short-Tenure Lower-Charge
1,1,0,0.98860352074516,1,1,1,0.948737783908432,0,0,0,1,Long-Tenure Higher-Charge
0,0,0,1.23519045662129,1,0,1,-1.51100849142363,0,0,0,2,Long-Tenure Lower-Charge
0,0,1,0.331038358408801,1,0,0,0.948737783908432,0,0,0,1,Long-Tenure Higher-Charge
1,0,0,-0.326526803927558,1,0,0,1.11721355619145,0,0,1,3,Short-Tenure Higher-Charge
0,0,0,1.31738610191334,1,1,1,0.645481393798999,0,1,0,1,Long-Tenure Higher-Charge
0,0,0,0.865310052807093,1,0,0,-1.54470364588024,0,0,0,2,Long-Tenure Lower-Charge
1,0,0,1.15299481132925,1,0,1,0.948737783908432,0,0,0,1,Long-Tenure Higher-Charge
1,0,1,-0.573113739803693,1,1,0,-1.54470364588024,0,1,0,0,Short-Tenure Lower-Charge
0,0,1,-0.614211562449715,1,0,0,-1.37622787359722,0,1,0,0,Short-Tenure Lower-Charge
1,0,1,1.44067956985141,1,1,1,0.982432938365035,0,0,0,1,Long-Tenure Higher-Charge
0,0,1,-0.942994143617895,1,0,0,1.15090871064805,1,0,0,3,Short-Tenure Higher-Charge
1,1,0,-0.53201591715767,1,1,0,0.982432938365035,1,1,0,3,Short-Tenure Higher-Charge
1,0,0,0.372136181054823,1,0,1,1.11721355619145,1,0,0,1,Long-Tenure Higher-Charge
1,0,0,0.495429648992891,0,1,1,-0.803410247834957,0,0,0,2,Long-Tenure Lower-Charge
1,0,0,1.6050708604355,1,0,0,1.65633602749711,0,0,1,1,Long-Tenure Higher-Charge
0,1,0,0.0844514225326663,1,1,0,1.52155540967069,0,0,0,1,Long-Tenure Higher-Charge
1,0,1,1.6050708604355,1,1,1,0.813957166082017,0,0,1,1,Long-Tenure Higher-Charge
0,0,0,-1.02518978890994,1,0,0,1.15090871064805,1,0,0,3,Short-Tenure Higher-Charge
0,0,0,0.166647067824711,1,0,1,-0.0284216953330735,1,0,0,3,Short-Tenure Higher-Charge
0,0,0,-0.490918094511648,1,0,0,1.31938448293107,0,0,0,3,Short-Tenure Higher-Charge
0,0,0,1.56397303778947,1,0,0,0.477005621515981,0,0,1,1,Long-Tenure Higher-Charge
1,0,0,0.289940535762779,1,1,1,0.0389686135801337,0,0,0,3,Short-Tenure Higher-Charge
1,0,0,-0.942994143617895,1,0,0,-0.129507158702884,0,0,1,3,Short-Tenure Higher-Charge
0,1,0,-0.326526803927558,1,0,0,0.74656685716881,0,1,0,3,Short-Tenure Higher-Charge
0,0,1,0.331038358408801,1,0,0,0.308529849232963,0,0,1,1,Long-Tenure Higher-Charge
1,1,0,-0.573113739803693,1,0,0,1.01612809282164,1,1,0,3,Short-Tenure Higher-Charge
0,1,0,-0.408722449219603,1,0,0,0.982432938365035,0,0,0,3,Short-Tenure Higher-Charge
1,0,0,0.98860352074516,1,1,1,1.42046994630088,0,0,0,1,Long-Tenure Higher-Charge
0,0,0,-1.27177672478607,1,1,0,0.611786239342395,0,1,0,3,Short-Tenure Higher-Charge
0,0,0,1.52287521514345,1,0,1,0.477005621515981,0,0,0,1,Long-Tenure Higher-Charge
1,0,0,-1.3128745474321,1,0,0,0.74656685716881,1,0,1,3,Short-Tenure Higher-Charge
1,0,0,1.52287521514345,1,0,0,1.48786025521409,1,0,1,1,Long-Tenure Higher-Charge
0,0,0,1.6050708604355,1,1,1,1.04982324727824,0,0,0,1,Long-Tenure Higher-Charge
1,1,0,-0.326526803927558,1,0,1,1.35307963738768,1,0,0,3,Short-Tenure Higher-Charge
1,0,0,-0.408722449219603,1,0,1,1.28568932847447,1,0,0,3,Short-Tenure Higher-Charge
1,0,0,1.31738610191334,1,1,0,-1.54470364588024,0,1,0,2,Long-Tenure Lower-Charge
1,0,1,-0.326526803927558,1,0,1,-1.51100849142363,0,0,0,0,Short-Tenure Lower-Charge
0,1,0,-0.737505030387783,1,1,1,0.578091084885792,1,0,0,3,Short-Tenure Higher-Charge
1,1,0,0.331038358408801,0,0,1,-0.399068394355713,0,0,1,2,Long-Tenure Lower-Charge
0,0,0,-1.3128745474321,1,0,0,-0.36537323989911,0,0,1,0,Short-Tenure Lower-Charge
1,0,0,0.618723116930958,1,1,1,0.173749231406548,0,0,0,1,Long-Tenure Higher-Charge
1,0,1,-1.18958107949403,1,0,0,-0.163202313159488,1,0,1,3,Short-Tenure Higher-Charge
1,0,0,-0.655309385095738,1,1,1,-1.54470364588024,0,0,1,0,Short-Tenure Lower-Charge
0,1,0,0.372136181054823,1,0,0,1.31938448293107,1,1,0,1,Long-Tenure Higher-Charge
1,0,1,0.659820939576981,0,0,0,-0.904495711204768,0,0,0,2,Long-Tenure Lower-Charge
1,0,0,-0.490918094511648,1,1,1,-1.54470364588024,0,0,0,0,Short-Tenure Lower-Charge
1,0,1,1.11189698868323,1,1,0,1.52155540967069,0,0,1,1,Long-Tenure Higher-Charge
1,0,0,1.02970134339118,1,0,1,-1.40992302805382,0,1,0,2,Long-Tenure Lower-Charge
1,0,0,-0.0799398680514234,1,1,0,-1.54470364588024,0,1,0,0,Short-Tenure Lower-Charge
0,0,0,1.15299481132925,1,0,0,1.18460386510466,0,0,0,1,Long-Tenure Higher-Charge
1,0,1,1.27628827926732,1,0,0,0.813957166082017,0,1,0,1,Long-Tenure Higher-Charge
0,0,1,1.15299481132925,0,0,0,-0.163202313159488,0,1,0,2,Long-Tenure Lower-Charge
1,0,0,1.39958174720538,1,1,1,0.173749231406548,0,0,0,1,Long-Tenure Higher-Charge
1,0,0,0.906407875453115,1,1,0,-1.34253271914062,0,0,1,2,Long-Tenure Lower-Charge
0,0,0,-0.53201591715767,1,0,0,-1.54470364588024,0,0,0,0,Short-Tenure Lower-Charge
1,0,0,-0.901896320971872,1,0,1,0.477005621515981,0,0,0,3,Short-Tenure Higher-Charge
0,0,1,1.6050708604355,1,1,1,1.72372633641031,0,1,0,1,Long-Tenure Higher-Charge
0,0,1,0.98860352074516,1,0,1,0.611786239342395,0,1,0,1,Long-Tenure Higher-Charge
1,1,0,1.52287521514345,0,0,1,-0.73601993892175,0,0,0,2,Long-Tenure Lower-Charge
0,0,0,1.44067956985141,1,1,1,1.48786025521409,0,1,0,1,Long-Tenure Higher-Charge
1,0,0,-1.3128745474321,1,0,0,0.645481393798999,1,0,0,3,Short-Tenure Higher-Charge
1,0,0,0.577625294284936,1,0,0,0.443310467059377,0,0,1,1,Long-Tenure Higher-Charge
0,0,0,-0.737505030387783,1,1,0,-0.0284216953330735,1,1,0,3,Short-Tenure Higher-Charge
0,0,1,1.48177739249743,1,0,0,-1.54470364588024,0,1,0,2,Long-Tenure Lower-Charge
0,0,0,-1.23067890214005,1,0,0,-0.36537323989911,1,0,0,0,Short-Tenure Lower-Charge
0,0,1,-1.3128745474321,1,0,0,-1.57839880033684,1,0,0,0,Short-Tenure Lower-Charge
1,0,0,0.0022557772406214,1,0,0,0.780262011625413,0,0,1,3,Short-Tenure Higher-Charge
1,0,1,0.82421223016107,1,1,1,0.140054076949945,0,0,0,1,Long-Tenure Higher-Charge
0,1,0,-0.53201591715767,1,0,0,0.510700775972585,0,0,0,3,Short-Tenure Higher-Charge
1,1,0,-1.3128745474321,1,0,0,0.948737783908432,1,0,0,3,Short-Tenure Higher-Charge
1,0,0,-0.942994143617895,1,1,0,1.11721355619145,0,0,1,3,Short-Tenure Higher-Charge
0,0,0,-0.038842045405401,1,0,1,-1.54470364588024,0,0,0,0,Short-Tenure Lower-Charge
1,1,0,0.947505698099138,1,0,1,1.18460386510466,0,0,0,1,Long-Tenure Higher-Charge
0,0,0,1.56397303778947,1,0,0,-1.57839880033684,0,0,0,2,Long-Tenure Lower-Charge
0,1,0,-0.819700675679827,1,0,0,0.140054076949945,1,0,0,3,Short-Tenure Higher-Charge
1,0,0,-0.655309385095738,1,1,1,1.01612809282164,0,0,0,3,Short-Tenure Higher-Charge
1,0,0,-1.27177672478607,1,0,0,-0.36537323989911,1,1,0,0,Short-Tenure Lower-Charge
0,0,0,1.6050708604355,1,1,1,1.18460386510466,0,1,0,1,Long-Tenure Higher-Charge
1,0,0,-0.285428981281536,0,0,1,-0.36537323989911,0,1,0,0,Short-Tenure Lower-Charge
1,0,1,-1.14848325684801,1,1,1,-1.34253271914062,1,0,0,0,Short-Tenure Lower-Charge
1,0,0,-1.23067890214005,1,1,1,1.18460386510466,1,0,1,3,Short-Tenure Higher-Charge
0,0,0,-0.285428981281536,1,0,0,0.510700775972585,0,0,0,3,Short-Tenure Higher-Charge
0,0,1,1.07079916603721,1,0,1,0.00527345912353,0,0,0,1,Long-Tenure Higher-Charge
0,0,1,-0.244331158635513,1,0,0,-0.533849012182128,0,0,0,0,Short-Tenure Lower-Charge
1,0,0,0.98860352074516,1,0,0,1.25199417401786,0,1,0,1,Long-Tenure Higher-Charge
0,0,0,0.166647067824711,1,1,1,-1.54470364588024,0,0,0,2,Long-Tenure Lower-Charge
0,0,0,-1.10738543420198,1,0,0,-0.567544166638732,0,1,0,0,Short-Tenure Lower-Charge
1,0,0,-0.614211562449715,1,0,1,0.342225003689566,0,0,0,3,Short-Tenure Higher-Charge
1,0,1,-0.573113739803693,1,1,0,1.18460386510466,1,0,0,3,Short-Tenure Higher-Charge
0,0,1,1.39958174720538,1,1,1,0.342225003689566,0,0,0,1,Long-Tenure Higher-Charge
1,1,0,0.0433535998866439,1,0,0,0.207444385863152,0,0,1,3,Short-Tenure Higher-Charge
0,0,0,-0.449820271865625,1,1,1,-0.567544166638732,1,0,0,0,Short-Tenure Lower-Charge
1,0,0,0.783114407515048,1,0,0,0.847652320538621,0,0,0,1,Long-Tenure Higher-Charge
1,0,0,0.947505698099138,0,0,0,-0.399068394355713,0,0,1,2,Long-Tenure Lower-Charge
1,1,0,-0.614211562449715,1,1,0,0.982432938365035,1,0,1,3,Short-Tenure Higher-Charge
1,1,1,0.947505698099138,1,1,1,1.31938448293107,1,0,0,1,Long-Tenure Higher-Charge
1,0,0,-1.18958107949403,1,0,0,0.813957166082017,0,0,0,3,Short-Tenure Higher-Charge
0,1,0,1.56397303778947,1,0,0,1.11721355619145,0,0,0,1,Long-Tenure Higher-Charge
1,0,0,-1.27177672478607,1,0,0,0.140054076949945,1,1,0,3,Short-Tenure Higher-Charge
1,1,0,1.27628827926732,1,0,1,1.21829901956126,0,0,0,1,Long-Tenure Higher-Charge
1,0,0,-0.614211562449715,1,0,1,-1.40992302805382,0,0,0,0,Short-Tenure Lower-Charge
1,0,1,1.35848392455936,1,0,0,-1.34253271914062,0,0,1,2,Long-Tenure Lower-Charge
1,0,0,0.166647067824711,0,0,0,-0.837105402291561,0,0,0,2,Long-Tenure Lower-Charge
1,0,1,0.248842713116756,1,1,0,-1.37622787359722,0,0,1,2,Long-Tenure Lower-Charge
1,0,0,-0.326526803927558,1,0,1,0.645481393798999,1,0,0,3,Short-Tenure Higher-Charge
1,0,0,-0.449820271865625,1,0,0,0.712871702712206,0,1,0,3,Short-Tenure Higher-Charge
0,0,0,-0.53201591715767,1,0,0,-1.54470364588024,0,1,0,0,Short-Tenure Lower-Charge
1,1,0,-1.02518978890994,1,1,0,-0.0621168497896772,0,0,1,3,Short-Tenure Higher-Charge
0,0,0,0.659820939576981,1,1,1,-0.466458703268921,0,0,1,2,Long-Tenure Lower-Charge
0,1,0,1.31738610191334,1,0,0,1.35307963738768,0,0,0,1,Long-Tenure Higher-Charge
1,1,0,-1.3128745474321,1,1,0,-0.702324784465146,0,1,0,0,Short-Tenure Lower-Charge
1,0,0,-1.14848325684801,1,0,0,0.948737783908432,1,0,0,3,Short-Tenure Higher-Charge
0,1,0,1.6050708604355,1,0,0,1.04982324727824,0,1,0,1,Long-Tenure Higher-Charge
0,0,0,1.6050708604355,1,0,0,1.48786025521409,0,1,0,1,Long-Tenure Higher-Charge
0,0,0,0.82421223016107,1,1,1,1.15090871064805,0,0,1,1,Long-Tenure Higher-Charge
1,0,0,-0.490918094511648,1,1,0,0.308529849232963,0,1,0,3,Short-Tenure Higher-Charge
0,1,1,1.52287521514345,1,1,0,1.42046994630088,0,0,0,1,Long-Tenure Higher-Charge
0,0,1,0.0022557772406214,1,0,0,1.28568932847447,1,0,0,1,Long-Tenure Higher-Charge
0,0,0,-0.408722449219603,1,0,0,0.342225003689566,1,0,0,3,Short-Tenure Higher-Charge
1,0,1,0.495429648992891,1,1,1,-0.36537323989911,0,0,0,2,Long-Tenure Lower-Charge
1,0,0,-0.69640720774176,1,1,1,-1.54470364588024,1,0,0,0,Short-Tenure Lower-Charge
0,0,0,0.659820939576981,1,1,0,1.38677479184428,0,0,0,1,Long-Tenure Higher-Charge
1,0,0,-1.3128745474321,1,1,0,-1.57839880033684,1,0,1,0,Short-Tenure Lower-Charge
1,0,0,1.15299481132925,1,0,0,0.510700775972585,0,1,0,1,Long-Tenure Higher-Charge
1,1,1,1.44067956985141,1,0,0,-1.54470364588024,0,0,0,2,Long-Tenure Lower-Charge
0,0,0,1.11189698868323,0,0,1,-0.399068394355713,0,0,1,2,Long-Tenure Lower-Charge
1,0,1,0.82421223016107,1,1,1,-1.34253271914062,0,0,0,2,Long-Tenure Lower-Charge
0,1,0,-0.203233335989491,1,1,1,1.25199417401786,1,0,1,3,Short-Tenure Higher-Charge
0,0,0,-1.27177672478607,1,0,0,0.140054076949945,1,0,1,3,Short-Tenure Higher-Charge
0,1,0,-1.3128745474321,1,0,0,0.140054076949945,0,0,1,3,Short-Tenure Higher-Charge
0,0,0,-0.69640720774176,1,0,0,0.241139540319755,1,0,0,3,Short-Tenure Higher-Charge
0,0,0,-1.10738543420198,1,1,0,-0.36537323989911,0,0,1,0,Short-Tenure Lower-Charge
1,0,0,-1.23067890214005,1,1,0,1.42046994630088,0,1,0,3,Short-Tenure Higher-Charge
1,0,1,0.659820939576981,1,1,0,0.813957166082017,0,0,1,1,Long-Tenure Higher-Charge
0,0,0,-1.3128745474321,1,1,1,-0.533849012182128,1,0,0,0,Short-Tenure Lower-Charge
1,0,0,0.700918762223003,1,1,1,0.948737783908432,0,0,1,1,Long-Tenure Higher-Charge
0,1,1,-0.86079849832585,0,1,0,-1.2414472557708,0,0,1,0,Short-Tenure Lower-Charge
1,1,0,-0.038842045405401,1,0,0,0.477005621515981,1,0,0,3,Short-Tenure Higher-Charge
1,0,1,1.44067956985141,1,1,0,1.25199417401786,0,1,0,1,Long-Tenure Higher-Charge
1,0,0,0.289940535762779,0,0,0,-1.00558117457458,0,0,0,2,Long-Tenure Lower-Charge
1,0,0,-1.14848325684801,1,0,0,-0.500153857725524,0,0,0,0,Short-Tenure Lower-Charge
1,0,0,1.6050708604355,1,0,0,0.443310467059377,0,0,0,1,Long-Tenure Higher-Charge
0,0,0,-1.3128745474321,1,1,0,0.645481393798999,1,0,0,3,Short-Tenure Higher-Charge
0,0,0,1.02970134339118,1,0,0,1.45416510075749,0,0,0,1,Long-Tenure Higher-Charge
0,0,0,-0.367624626573581,1,1,1,-1.37622787359722,0,0,0,0,Short-Tenure Lower-Charge
0,1,0,-1.23067890214005,1,1,1,0.611786239342395,1,1,0,3,Short-Tenure Higher-Charge
0,0,1,1.19409263397527,1,1,1,-1.54470364588024,0,0,0,2,Long-Tenure Lower-Charge
1,0,1,1.6050708604355,1,0,0,1.52155540967069,0,0,0,1,Long-Tenure Higher-Charge
0,1,0,0.700918762223003,1,0,1,0.173749231406548,1,0,1,1,Long-Tenure Higher-Charge
1,0,1,1.35848392455936,1,1,0,-1.54470364588024,0,1,0,2,Long-Tenure Lower-Charge
1,0,1,0.289940535762779,1,0,0,0.510700775972585,0,0,1,1,Long-Tenure Higher-Charge
1,0,0,0.289940535762779,1,1,1,0.173749231406548,0,0,1,3,Short-Tenure Higher-Charge
1,0,1,1.39958174720538,1,0,0,1.25199417401786,0,1,0,1,Long-Tenure Higher-Charge
0,1,0,0.947505698099138,1,0,0,1.31938448293107,0,0,0,1,Long-Tenure Higher-Charge
0,0,1,1.27628827926732,1,0,0,-1.54470364588024,0,0,1,2,Long-Tenure Lower-Charge
1,1,0,-0.53201591715767,1,0,0,0.611786239342395,0,1,0,3,Short-Tenure Higher-Charge
1,1,0,1.56397303778947,1,1,1,1.01612809282164,0,1,0,1,Long-Tenure Higher-Charge
1,0,1,0.331038358408801,1,0,0,0.308529849232963,0,1,0,1,Long-Tenure Higher-Charge
1,0,1,1.6050708604355,0,1,1,-0.567544166638732,0,0,0,2,Long-Tenure Lower-Charge
1,0,1,-0.614211562449715,0,0,1,-0.668629630008542,0,0,0,0,Short-Tenure Lower-Charge
1,1,0,1.56397303778947,1,1,1,0.173749231406548,0,1,0,1,Long-Tenure Higher-Charge
1,0,0,0.536527471638913,1,0,1,0.00527345912353,0,0,0,1,Long-Tenure Higher-Charge
0,0,1,0.536527471638913,1,0,0,-1.54470364588024,0,0,0,2,Long-Tenure Lower-Charge
1,0,0,0.98860352074516,1,0,0,-0.36537323989911,0,0,1,2,Long-Tenure Lower-Charge
0,0,0,1.44067956985141,1,1,1,0.510700775972585,0,0,0,1,Long-Tenure Higher-Charge
0,0,0,-1.3128745474321,0,0,0,-1.37622787359722,0,0,0,0,Short-Tenure Lower-Charge
1,0,0,0.207744890470734,1,0,0,-1.54470364588024,0,0,0,2,Long-Tenure Lower-Charge
0,1,0,-0.038842045405401,1,0,0,0.443310467059377,0,0,0,3,Short-Tenure Higher-Charge
0,0,0,-1.27177672478607,1,1,1,-0.702324784465146,0,0,1,0,Short-Tenure Lower-Charge
1,0,0,-0.942994143617895,1,0,0,0.140054076949945,0,0,1,3,Short-Tenure Higher-Charge
0,0,0,1.6050708604355,1,0,0,-1.57839880033684,0,0,0,2,Long-Tenure Lower-Charge
0,0,1,1.31738610191334,1,1,1,1.52155540967069,0,0,0,1,Long-Tenure Higher-Charge
1,0,0,-0.490918094511648,1,0,0,0.611786239342395,0,0,0,3,Short-Tenure Higher-Charge
0,0,0,1.39958174720538,1,0,0,-1.54470364588024,0,0,0,2,Long-Tenure Lower-Charge
0,0,0,-0.86079849832585,1,1,1,0.342225003689566,0,0,0,3,Short-Tenure Higher-Charge
0,1,0,-0.326526803927558,1,1,0,1.25199417401786,1,0,0,3,Short-Tenure Higher-Charge
0,1,0,-1.02518978890994,1,0,0,0.645481393798999,0,1,0,3,Short-Tenure Higher-Charge
1,0,0,-1.3128745474321,1,0,1,-1.57839880033684,0,0,0,0,Short-Tenure Lower-Charge
0,0,1,1.31738610191334,1,0,0,0.443310467059377,0,0,1,1,Long-Tenure Higher-Charge
0,1,0,-1.27177672478607,1,0,1,-0.36537323989911,1,0,0,0,Short-Tenure Lower-Charge
0,0,1,1.19409263397527,0,0,1,-0.567544166638732,0,1,0,2,Long-Tenure Lower-Charge
1,0,0,0.125549245178689,1,1,0,0.645481393798999,1,0,1,3,Short-Tenure Higher-Charge
0,0,0,0.207744890470734,1,0,0,-1.57839880033684,0,1,0,2,Long-Tenure Lower-Charge
1,0,1,0.98860352074516,1,0,1,-0.196897467616092,0,0,0,2,Long-Tenure Lower-Charge
1,0,0,-0.038842045405401,1,0,1,-1.54470364588024,0,0,0,0,Short-Tenure Lower-Charge
1,0,0,0.454331826346868,1,0,1,0.813957166082017,0,0,0,1,Long-Tenure Higher-Charge
0,0,0,0.331038358408801,1,1,1,1.6226408730405,1,0,1,1,Long-Tenure Higher-Charge
0,0,1,-0.778602853033805,1,0,0,0.847652320538621,1,0,0,3,Short-Tenure Higher-Charge
0,0,0,0.947505698099138,1,0,1,0.679176548255603,0,0,0,1,Long-Tenure Higher-Charge
0,1,0,-1.06628761155596,1,0,0,0.645481393798999,1,0,0,3,Short-Tenure Higher-Charge
0,0,0,1.56397303778947,1,1,0,1.31938448293107,0,1,0,1,Long-Tenure Higher-Charge
1,0,0,-0.449820271865625,1,0,1,-1.37622787359722,0,0,0,0,Short-Tenure Lower-Charge
1,0,0,0.372136181054823,1,0,0,1.11721355619145,0,0,1,1,Long-Tenure Higher-Charge
1,0,1,1.48177739249743,1,1,0,0.881347474995224,0,0,1,1,Long-Tenure Higher-Charge
0,0,1,-0.408722449219603,1,0,1,0.308529849232963,0,0,0,3,Short-Tenure Higher-Charge
1,0,0,-0.573113739803693,1,1,1,0.274834694776359,1,0,0,3,Short-Tenure Higher-Charge
0,0,1,1.23519045662129,1,0,1,-0.500153857725524,0,0,0,2,Long-Tenure Lower-Charge
1,0,1,1.44067956985141,1,0,1,0.241139540319755,0,0,0,1,Long-Tenure Higher-Charge
1,0,0,-1.3128745474321,1,0,0,0.510700775972585,1,0,0,3,Short-Tenure Higher-Charge
0,0,0,-0.614211562449715,0,0,0,-0.904495711204768,1,0,0,0,Short-Tenure Lower-Charge
0,0,0,1.56397303778947,0,1,1,-0.264287776529299,0,0,0,2,Long-Tenure Lower-Charge
0,0,1,-0.737505030387783,1,0,1,-1.54470364588024,0,0,0,0,Short-Tenure Lower-Charge
1,1,0,-0.490918094511648,1,0,0,1.04982324727824,1,0,0,3,Short-Tenure Higher-Charge
0,0,0,-1.10738543420198,1,0,1,0.813957166082017,0,1,0,3,Short-Tenure Higher-Charge
1,1,0,1.48177739249743,0,1,1,-1.2077521013142,0,0,0,2,Long-Tenure Lower-Charge
1,0,1,1.44067956985141,0,0,0,-0.331678085442506,0,0,0,2,Long-Tenure Lower-Charge
1,0,1,1.19409263397527,1,1,1,-1.54470364588024,0,0,0,2,Long-Tenure Lower-Charge
1,0,1,0.207744890470734,1,1,1,0.443310467059377,0,0,1,1,Long-Tenure Higher-Charge
1,0,0,-1.14848325684801,1,1,1,0.645481393798999,1,1,0,3,Short-Tenure Higher-Charge
1,1,0,-1.23067890214005,1,1,0,0.982432938365035,1,0,1,3,Short-Tenure Higher-Charge
0,0,0,0.495429648992891,1,0,0,1.69003118195371,0,1,0,1,Long-Tenure Higher-Charge
0,0,0,-1.3128745474321,1,1,0,-1.51100849142363,1,0,0,0,Short-Tenure Lower-Charge
0,1,0,-0.984091966263917,1,1,1,0.342225003689566,0,1,0,3,Short-Tenure Higher-Charge
0,0,0,-0.53201591715767,1,1,1,0.140054076949945,0,1,0,3,Short-Tenure Higher-Charge
0,1,0,0.865310052807093,1,0,0,0.477005621515981,1,0,1,1,Long-Tenure Higher-Charge
1,0,0,-0.53201591715767,1,0,0,-1.54470364588024,0,0,0,0,Short-Tenure Lower-Charge
1,0,0,0.618723116930958,1,1,0,1.42046994630088,0,0,1,1,Long-Tenure Higher-Charge
1,1,0,0.865310052807093,0,0,1,-1.37622787359722,0,0,0,2,Long-Tenure Lower-Charge
0,0,0,-1.3128745474321,1,1,0,-0.533849012182128,0,0,0,0,Short-Tenure Lower-Charge
1,0,0,0.618723116930958,1,1,1,-1.54470364588024,0,1,0,2,Long-Tenure Lower-Charge
0,0,0,0.166647067824711,1,1,1,0.207444385863152,0,0,1,3,Short-Tenure Higher-Charge
1,0,0,-1.3128745474321,1,0,0,-1.57839880033684,0,0,0,0,Short-Tenure Lower-Charge
0,0,0,-1.18958107949403,1,0,1,-0.331678085442506,0,0,0,0,Short-Tenure Lower-Charge
0,0,1,0.0022557772406214,1,0,0,-1.40992302805382,0,0,1,2,Long-Tenure Lower-Charge
1,0,0,-0.614211562449715,1,0,1,-1.57839880033684,0,0,0,0,Short-Tenure Lower-Charge
1,0,0,-1.18958107949403,1,1,0,-0.533849012182128,1,1,0,0,Short-Tenure Lower-Charge
1,0,1,0.947505698099138,1,1,1,-1.51100849142363,0,1,0,2,Long-Tenure Lower-Charge
0,0,0,-0.655309385095738,1,0,0,0.140054076949945,1,0,0,3,Short-Tenure Higher-Charge
1,0,0,0.700918762223003,1,1,1,0.813957166082017,0,0,0,1,Long-Tenure Higher-Charge
1,0,1,1.6050708604355,1,1,1,-1.54470364588024,0,0,0,2,Long-Tenure Lower-Charge
1,0,0,-0.942994143617895,1,0,1,0.308529849232963,0,0,0,3,Short-Tenure Higher-Charge
0,0,1,-0.326526803927558,1,1,0,-1.54470364588024,0,0,1,0,Short-Tenure Lower-Charge
0,0,1,-0.53201591715767,1,0,0,-1.34253271914062,0,1,0,0,Short-Tenure Lower-Charge
1,0,0,-0.778602853033805,1,0,1,0.679176548255603,1,0,0,3,Short-Tenure Higher-Charge
1,0,1,1.19409263397527,1,0,0,-0.331678085442506,0,1,0,2,Long-Tenure Lower-Charge
1,0,1,-1.02518978890994,0,0,0,-1.34253271914062,1,0,1,0,Short-Tenure Lower-Charge
1,1,0,0.865310052807093,1,0,0,0.813957166082017,0,0,1,1,Long-Tenure Higher-Charge
0,0,0,1.15299481132925,1,1,1,1.79111664532352,0,0,0,1,Long-Tenure Higher-Charge
0,0,1,1.39958174720538,0,1,0,-0.196897467616092,0,0,1,2,Long-Tenure Lower-Charge
1,1,0,0.659820939576981,1,0,1,0.510700775972585,0,1,0,1,Long-Tenure Higher-Charge
1,0,0,1.35848392455936,1,0,0,0.881347474995224,0,1,0,1,Long-Tenure Higher-Charge
1,0,0,0.577625294284936,1,0,0,1.28568932847447,0,0,0,1,Long-Tenure Higher-Charge
1,0,0,-0.490918094511648,0,0,0,-1.00558117457458,0,0,1,0,Short-Tenure Lower-Charge
1,0,0,0.742016584869025,1,0,0,1.11721355619145,0,1,0,1,Long-Tenure Higher-Charge
0,1,0,-0.449820271865625,1,1,1,0.544395930429188,0,0,0,3,Short-Tenure Higher-Charge
1,0,0,-1.23067890214005,1,0,1,-1.51100849142363,0,0,0,0,Short-Tenure Lower-Charge
0,0,0,1.27628827926732,1,1,1,1.48786025521409,0,1,0,1,Long-Tenure Higher-Charge
0,0,0,1.39958174720538,0,1,1,-0.432763548812317,0,0,1,2,Long-Tenure Lower-Charge
1,0,0,1.6050708604355,1,1,0,-1.37622787359722,0,0,1,2,Long-Tenure Lower-Charge
1,0,1,0.166647067824711,1,0,0,-0.163202313159488,0,0,0,2,Long-Tenure Lower-Charge
0,1,0,0.166647067824711,1,1,0,-1.54470364588024,0,1,0,2,Long-Tenure Lower-Charge
1,1,0,0.331038358408801,1,1,0,1.08351840173485,1,0,1,1,Long-Tenure Higher-Charge
1,0,0,1.31738610191334,1,0,0,1.28568932847447,0,0,0,1,Long-Tenure Higher-Charge
1,0,0,0.577625294284936,1,0,1,-1.54470364588024,0,0,0,2,Long-Tenure Lower-Charge
0,0,0,-0.285428981281536,1,1,1,0.308529849232963,1,0,0,3,Short-Tenure Higher-Charge
1,0,0,-0.984091966263917,1,0,0,0.645481393798999,1,0,0,3,Short-Tenure Higher-Charge
0,0,1,1.11189698868323,1,1,0,0.510700775972585,0,0,1,1,Long-Tenure Higher-Charge
1,1,0,-1.3128745474321,1,0,0,0.679176548255603,1,0,0,3,Short-Tenure Higher-Charge
0,0,0,1.19409263397527,0,1,1,-0.73601993892175,0,0,0,2,Long-Tenure Lower-Charge
0,0,0,-1.10738543420198,1,0,1,0.106358922493341,1,0,0,3,Short-Tenure Higher-Charge
0,0,0,0.82421223016107,1,1,1,1.11721355619145,0,0,0,1,Long-Tenure Higher-Charge
0,0,0,-0.038842045405401,1,1,1,0.342225003689566,0,0,1,3,Short-Tenure Higher-Charge
1,0,0,1.39958174720538,1,1,1,1.75742149086692,1,0,0,1,Long-Tenure Higher-Charge
0,0,0,-0.737505030387783,1,0,0,-1.37622787359722,1,0,0,0,Short-Tenure Lower-Charge
1,0,0,0.659820939576981,0,1,1,-1.2077521013142,0,0,1,2,Long-Tenure Lower-Charge
0,0,1,-0.449820271865625,1,1,0,-0.36537323989911,1,0,1,0,Short-Tenure Lower-Charge
1,0,0,1.27628827926732,1,1,1,1.31938448293107,0,0,0,1,Long-Tenure Higher-Charge
1,0,0,-0.490918094511648,1,1,0,0.544395930429188,1,1,0,3,Short-Tenure Higher-Charge
0,1,0,-0.86079849832585,1,0,0,1.08351840173485,1,0,1,3,Short-Tenure Higher-Charge
0,0,0,0.413234003700846,1,1,1,0.948737783908432,0,0,1,1,Long-Tenure Higher-Charge
1,0,1,1.35848392455936,1,0,0,-1.54470364588024,0,0,1,2,Long-Tenure Lower-Charge
0,0,0,0.454331826346868,1,1,1,1.01612809282164,1,0,0,1,Long-Tenure Higher-Charge
0,1,0,-0.655309385095738,1,1,1,-1.51100849142363,0,0,1,0,Short-Tenure Lower-Charge
0,0,0,-1.3128745474321,1,0,0,-0.533849012182128,1,0,0,0,Short-Tenure Lower-Charge
1,1,0,0.742016584869025,1,0,0,1.08351840173485,1,0,0,1,Long-Tenure Higher-Charge
1,0,0,-0.984091966263917,1,0,0,-1.54470364588024,1,0,0,0,Short-Tenure Lower-Charge
0,0,0,1.27628827926732,1,0,1,1.15090871064805,1,0,1,1,Long-Tenure Higher-Charge
1,0,0,-1.02518978890994,1,1,1,0.308529849232963,0,1,0,3,Short-Tenure Higher-Charge
1,0,1,0.98860352074516,1,0,0,0.274834694776359,0,0,0,1,Long-Tenure Higher-Charge
0,0,0,1.07079916603721,1,0,1,0.106358922493341,0,0,0,1,Long-Tenure Higher-Charge
1,0,0,1.27628827926732,1,0,0,0.00527345912353,0,0,0,1,Long-Tenure Higher-Charge
0,0,1,-1.3128745474321,1,0,0,-1.57839880033684,0,0,1,0,Short-Tenure Lower-Charge
0,0,1,1.6050708604355,1,0,0,0.679176548255603,0,0,1,1,Long-Tenure Higher-Charge
1,0,0,-1.3128745474321,1,0,0,0.477005621515981,1,0,1,3,Short-Tenure Higher-Charge
1,1,0,0.742016584869025,1,1,1,-1.37622787359722,0,1,0,2,Long-Tenure Lower-Charge
0,0,0,0.372136181054823,1,0,0,0.611786239342395,1,1,0,1,Long-Tenure Higher-Charge
0,0,0,-1.3128745474321,1,0,1,-1.54470364588024,0,0,1,0,Short-Tenure Lower-Charge
0,0,0,0.947505698099138,1,0,0,1.25199417401786,0,0,0,1,Long-Tenure Higher-Charge
1,0,0,0.248842713116756,1,1,1,1.35307963738768,0,0,0,1,Long-Tenure Higher-Charge
1,0,1,-0.326526803927558,0,0,1,-0.837105402291561,0,0,0,0,Short-Tenure Lower-Charge
1,1,1,1.56397303778947,1,0,0,0.241139540319755,0,1,0,1,Long-Tenure Higher-Charge
1,0,0,-0.942994143617895,1,0,0,-0.668629630008542,0,0,0,0,Short-Tenure Lower-Charge
1,0,0,0.289940535762779,1,0,0,0.645481393798999,0,0,1,1,Long-Tenure Higher-Charge
1,0,1,1.44067956985141,1,1,1,-1.40992302805382,0,1,0,2,Long-Tenure Lower-Charge
1,0,1,1.15299481132925,1,0,0,-1.54470364588024,0,1,0,2,Long-Tenure Lower-Charge
1,0,1,1.48177739249743,1,0,1,0.712871702712206,0,0,0,1,Long-Tenure Higher-Charge
0,0,0,-0.121037690697446,1,1,1,0.645481393798999,1,1,0,3,Short-Tenure Higher-Charge
1,0,0,-1.3128745474321,1,1,0,-0.668629630008542,1,0,1,0,Short-Tenure Lower-Charge
0,0,0,-0.449820271865625,1,0,0,-1.57839880033684,0,1,0,0,Short-Tenure Lower-Charge
1,0,1,0.207744890470734,1,0,0,0.982432938365035,0,0,0,1,Long-Tenure Higher-Charge
0,0,0,-1.23067890214005,1,1,1,0.308529849232963,1,0,1,3,Short-Tenure Higher-Charge
1,0,0,-1.3128745474321,0,0,0,-1.03927632903118,1,0,0,0,Short-Tenure Lower-Charge
1,0,0,0.331038358408801,1,0,0,0.813957166082017,0,1,0,1,Long-Tenure Higher-Charge
0,0,0,-1.06628761155596,1,0,0,-0.533849012182128,0,1,0,0,Short-Tenure Lower-Charge
0,0,1,1.44067956985141,1,0,0,1.28568932847447,0,0,1,1,Long-Tenure Higher-Charge
1,0,0,-1.14848325684801,1,0,1,-0.0621168497896772,0,0,0,3,Short-Tenure Higher-Charge
1,0,1,0.331038358408801,1,1,1,1.25199417401786,1,0,0,1,Long-Tenure Higher-Charge
0,0,1,0.0844514225326663,1,0,0,-1.34253271914062,0,1,0,2,Long-Tenure Lower-Charge
1,0,0,-0.573113739803693,1,0,0,0.679176548255603,1,0,0,3,Short-Tenure Higher-Charge
1,0,1,1.48177739249743,1,1,1,0.443310467059377,0,0,0,1,Long-Tenure Higher-Charge
1,0,1,0.495429648992891,1,1,1,0.274834694776359,0,0,0,1,Long-Tenure Higher-Charge
1,0,1,1.39958174720538,1,1,1,0.0726637680367373,0,0,1,1,Long-Tenure Higher-Charge
0,0,1,1.15299481132925,1,1,1,0.443310467059377,0,0,1,1,Long-Tenure Higher-Charge
1,0,0,-0.367624626573581,1,1,0,0.645481393798999,0,1,0,3,Short-Tenure Higher-Charge
0,0,0,-0.449820271865625,1,1,1,0.106358922493341,1,1,0,3,Short-Tenure Higher-Charge
0,0,0,1.23519045662129,1,0,0,0.510700775972585,0,0,1,1,Long-Tenure Higher-Charge
0,0,0,-1.3128745474321,0,0,0,-1.00558117457458,1,0,0,0,Short-Tenure Lower-Charge
0,0,0,-0.367624626573581,1,0,0,1.28568932847447,0,0,1,3,Short-Tenure Higher-Charge
0,0,0,0.248842713116756,1,0,0,1.01612809282164,1,1,0,1,Long-Tenure Higher-Charge
1,0,1,1.23519045662129,1,1,1,0.847652320538621,0,1,0,1,Long-Tenure Higher-Charge
1,0,0,-1.3128745474321,1,1,1,-0.500153857725524,0,0,0,0,Short-Tenure Lower-Charge
0,0,1,-0.285428981281536,0,1,0,-1.2077521013142,0,0,1,0,Short-Tenure Lower-Charge
1,0,0,0.331038358408801,0,1,0,-0.500153857725524,0,0,1,2,Long-Tenure Lower-Charge
1,0,0,-0.449820271865625,1,1,0,-1.54470364588024,0,0,0,0,Short-Tenure Lower-Charge
1,0,1,0.0844514225326663,1,1,1,0.813957166082017,0,0,0,1,Long-Tenure Higher-Charge
1,0,1,0.166647067824711,1,1,1,-1.54470364588024,0,0,1,2,Long-Tenure Lower-Charge
0,0,0,0.906407875453115,1,0,1,1.28568932847447,0,0,0,1,Long-Tenure Higher-Charge
0,0,0,0.207744890470734,1,1,1,0.00527345912353,0,0,0,3,Short-Tenure Higher-Charge
0,0,1,-0.038842045405401,0,1,1,-1.03927632903118,0,1,0,2,Long-Tenure Lower-Charge
0,0,1,-0.778602853033805,1,0,0,0.679176548255603,0,0,0,3,Short-Tenure Higher-Charge
1,0,1,1.19409263397527,1,0,1,1.28568932847447,0,0,0,1,Long-Tenure Higher-Charge
0,0,0,-0.778602853033805,1,1,0,0.679176548255603,1,0,1,3,Short-Tenure Higher-Charge
1,0,1,-0.162135513343468,1,0,0,0.780262011625413,1,1,0,3,Short-Tenure Higher-Charge
1,0,0,0.865310052807093,1,1,1,0.813957166082017,0,1,0,1,Long-Tenure Higher-Charge
0,0,1,1.56397303778947,1,0,1,0.982432938365035,0,1,0,1,Long-Tenure Higher-Charge
1,0,0,0.577625294284936,1,0,1,0.982432938365035,0,0,0,1,Long-Tenure Higher-Charge
1,1,0,-1.27177672478607,1,1,1,0.982432938365035,1,0,0,3,Short-Tenure Higher-Charge
0,0,1,0.495429648992891,0,0,0,-0.500153857725524,0,0,1,2,Long-Tenure Lower-Charge
1,0,0,1.52287521514345,1,1,0,0.342225003689566,0,0,1,1,Long-Tenure Higher-Charge
0,0,1,-1.18958107949403,1,1,1,-1.54470364588024,1,0,0,0,Short-Tenure Lower-Charge
1,0,1,0.0022557772406214,1,0,0,0.544395930429188,0,0,0,3,Short-Tenure Higher-Charge
1,1,1,-0.53201591715767,1,0,0,0.948737783908432,0,0,0,3,Short-Tenure Higher-Charge
1,0,1,0.947505698099138,1,0,0,-1.40992302805382,0,1,0,2,Long-Tenure Lower-Charge
0,0,0,-0.86079849832585,1,0,0,1.15090871064805,1,0,0,3,Short-Tenure Higher-Charge
1,0,1,-1.3128745474321,1,0,1,-1.54470364588024,0,0,0,0,Short-Tenure Lower-Charge
0,1,0,0.207744890470734,1,1,1,-0.297982930985903,1,1,0,2,Long-Tenure Lower-Charge
0,0,1,-0.86079849832585,1,0,1,-0.264287776529299,0,0,0,0,Short-Tenure Lower-Charge
1,0,0,-1.3128745474321,1,0,1,-1.54470364588024,1,0,0,0,Short-Tenure Lower-Charge
1,0,0,-0.203233335989491,1,0,0,-1.61209395479344,0,0,1,0,Short-Tenure Lower-Charge
0,0,1,0.413234003700846,1,0,1,-0.533849012182128,0,1,0,2,Long-Tenure Lower-Charge
0,0,0,1.15299481132925,1,1,0,1.38677479184428,1,0,1,1,Long-Tenure Higher-Charge
1,0,0,-0.69640720774176,1,0,1,-0.36537323989911,0,0,1,0,Short-Tenure Lower-Charge
1,0,0,-0.942994143617895,1,1,1,0.140054076949945,1,0,0,3,Short-Tenure Higher-Charge
1,0,1,1.23519045662129,1,0,0,0.477005621515981,0,1,0,1,Long-Tenure Higher-Charge
1,0,0,1.19409263397527,1,0,1,-1.40992302805382,0,0,1,2,Long-Tenure Lower-Charge
1,0,0,0.536527471638913,0,1,1,-0.870800556748164,0,1,0,2,Long-Tenure Lower-Charge
1,0,1,-1.3128745474321,1,1,1,-1.54470364588024,0,0,1,0,Short-Tenure Lower-Charge
0,0,1,-0.984091966263917,1,0,0,-0.36537323989911,0,0,0,0,Short-Tenure Lower-Charge
1,0,0,-1.27177672478607,1,1,1,1.01612809282164,1,0,0,3,Short-Tenure Higher-Charge
1,0,1,0.0844514225326663,1,1,1,0.106358922493341,0,1,0,3,Short-Tenure Higher-Charge
1,0,1,1.48177739249743,1,0,0,0.544395930429188,0,0,0,1,Long-Tenure Higher-Charge
1,0,0,0.0022557772406214,1,0,0,0.477005621515981,0,0,0,3,Short-Tenure Higher-Charge
0,0,0,0.536527471638913,1,1,1,-1.51100849142363,0,0,0,2,Long-Tenure Lower-Charge
0,0,0,-1.3128745474321,1,1,1,0.342225003689566,0,0,0,3,Short-Tenure Higher-Charge
0,0,1,1.31738610191334,1,0,0,-1.34253271914062,0,1,0,2,Long-Tenure Lower-Charge
0,0,0,-0.737505030387783,1,1,1,-0.230592622072695,0,0,0,3,Short-Tenure Higher-Charge
1,0,0,-1.06628761155596,1,1,0,0.106358922493341,0,0,0,3,Short-Tenure Higher-Charge
1,0,0,-0.573113739803693,1,0,0,0.409615312602774,1,0,0,3,Short-Tenure Higher-Charge
1,0,1,-0.326526803927558,1,0,1,0.342225003689566,0,0,0,3,Short-Tenure Higher-Charge
1,0,0,0.207744890470734,1,0,1,0.140054076949945,0,0,0,3,Short-Tenure Higher-Charge
0,0,0,0.82421223016107,1,0,0,-1.57839880033684,0,0,1,2,Long-Tenure Lower-Charge
0,0,1,-1.3128745474321,1,1,1,0.106358922493341,1,0,0,3,Short-Tenure Higher-Charge
1,0,1,0.783114407515048,1,1,1,-1.51100849142363,0,0,0,2,Long-Tenure Lower-Charge
0,0,0,0.413234003700846,1,0,0,0.443310467059377,0,0,0,1,Long-Tenure Higher-Charge
1,0,1,-0.408722449219603,1,0,1,-0.399068394355713,0,1,0,0,Short-Tenure Lower-Charge
0,0,0,-1.27177672478607,1,1,1,0.510700775972585,1,0,1,3,Short-Tenure Higher-Charge
0,0,0,0.0433535998866439,1,0,1,-0.533849012182128,0,1,0,2,Long-Tenure Lower-Charge
1,0,1,-1.10738543420198,1,1,1,-0.702324784465146,1,1,0,0,Short-Tenure Lower-Charge
1,0,0,-0.285428981281536,1,0,0,-0.466458703268921,0,0,1,0,Short-Tenure Lower-Charge
1,0,0,-1.27177672478607,1,0,1,-0.702324784465146,0,0,0,0,Short-Tenure Lower-Charge
0,0,1,-0.901896320971872,1,0,0,-1.54470364588024,0,0,0,0,Short-Tenure Lower-Charge
1,0,0,-1.3128745474321,1,0,0,-0.533849012182128,1,0,0,0,Short-Tenure Lower-Charge
1,0,0,0.82421223016107,1,1,1,1.08351840173485,0,0,0,1,Long-Tenure Higher-Charge
1,0,0,-0.778602853033805,1,1,0,0.342225003689566,0,0,1,3,Short-Tenure Higher-Charge
0,1,0,-0.449820271865625,1,1,1,-1.34253271914062,0,0,0,0,Short-Tenure Lower-Charge
1,0,0,1.27628827926732,1,0,0,0.611786239342395,0,0,1,1,Long-Tenure Higher-Charge
0,0,0,1.19409263397527,1,0,0,0.207444385863152,0,0,1,1,Long-Tenure Higher-Charge
1,0,0,0.125549245178689,1,1,1,-0.0284216953330735,1,0,0,3,Short-Tenure Higher-Charge
1,0,0,-1.18958107949403,1,0,1,0.510700775972585,1,0,1,3,Short-Tenure Higher-Charge
1,0,1,0.207744890470734,1,1,1,0.645481393798999,0,0,0,1,Long-Tenure Higher-Charge
1,0,0,-0.038842045405401,1,1,0,0.679176548255603,0,0,1,3,Short-Tenure Higher-Charge
0,0,1,1.15299481132925,0,0,0,-0.500153857725524,0,0,1,2,Long-Tenure Lower-Charge
0,0,0,1.52287521514345,1,0,1,-1.34253271914062,0,0,0,2,Long-Tenure Lower-Charge
1,1,0,-0.0799398680514234,1,0,0,0.780262011625413,0,0,1,3,Short-Tenure Higher-Charge
1,0,0,-0.984091966263917,1,0,1,-1.57839880033684,1,0,0,0,Short-Tenure Lower-Charge
0,0,0,1.35848392455936,1,0,0,0.813957166082017,0,0,1,1,Long-Tenure Higher-Charge
0,0,0,-0.942994143617895,1,0,0,-1.54470364588024,0,0,0,0,Short-Tenure Lower-Charge
0,0,1,-0.121037690697446,1,0,1,-0.0621168497896772,0,0,0,3,Short-Tenure Higher-Charge
1,0,1,-1.14848325684801,1,1,1,0.813957166082017,0,0,0,3,Short-Tenure Higher-Charge
1,0,1,0.865310052807093,1,1,1,-1.40992302805382,0,0,0,2,Long-Tenure Lower-Charge
1,0,0,1.07079916603721,0,0,0,-0.837105402291561,1,0,0,2,Long-Tenure Lower-Charge
1,0,1,0.289940535762779,1,0,0,-1.37622787359722,0,1,0,2,Long-Tenure Lower-Charge
1,0,0,0.0844514225326663,1,0,0,1.45416510075749,0,0,1,1,Long-Tenure Higher-Charge
0,0,0,-0.86079849832585,1,0,0,-0.129507158702884,1,1,0,3,Short-Tenure Higher-Charge
1,0,0,0.372136181054823,1,1,1,0.982432938365035,1,0,0,1,Long-Tenure Higher-Charge
0,0,0,1.6050708604355,1,1,0,1.42046994630088,0,0,1,1,Long-Tenure Higher-Charge
1,0,1,1.23519045662129,0,0,0,-0.904495711204768,0,0,0,2,Long-Tenure Lower-Charge
1,0,0,-1.18958107949403,1,0,0,-1.54470364588024,0,0,0,0,Short-Tenure Lower-Charge
0,1,1,1.44067956985141,0,0,0,-0.432763548812317,0,0,1,2,Long-Tenure Lower-Charge
1,0,0,-0.038842045405401,1,0,1,-0.0284216953330735,0,1,0,3,Short-Tenure Higher-Charge
1,0,1,-1.14848325684801,1,1,0,0.477005621515981,1,1,0,3,Short-Tenure Higher-Charge
0,0,0,1.6050708604355,1,0,0,1.45416510075749,0,0,0,1,Long-Tenure Higher-Charge
1,0,0,-1.3128745474321,1,1,1,0.342225003689566,1,0,0,3,Short-Tenure Higher-Charge
0,1,0,-1.3128745474321,1,0,0,-0.331678085442506,1,1,0,3,Short-Tenure Higher-Charge
0,0,1,1.56397303778947,1,1,1,0.847652320538621,0,1,0,1,Long-Tenure Higher-Charge
0,0,0,-0.819700675679827,0,0,0,-1.40992302805382,1,1,0,0,Short-Tenure Lower-Charge
0,0,0,0.331038358408801,1,1,1,0.510700775972585,0,0,1,1,Long-Tenure Higher-Charge
1,1,0,-0.121037690697446,1,1,1,0.308529849232963,0,0,0,3,Short-Tenure Higher-Charge
0,0,0,-1.3128745474321,1,1,0,0.106358922493341,1,0,1,3,Short-Tenure Higher-Charge
0,0,1,-0.449820271865625,0,0,0,-0.567544166638732,0,0,0,0,Short-Tenure Lower-Charge
1,0,1,-1.3128745474321,1,1,0,-1.54470364588024,0,0,1,0,Short-Tenure Lower-Charge
0,0,0,-0.942994143617895,1,1,1,0.409615312602774,0,0,1,3,Short-Tenure Higher-Charge
0,0,0,-0.573113739803693,0,1,1,-0.702324784465146,1,0,1,0,Short-Tenure Lower-Charge
1,0,1,-0.244331158635513,1,1,1,-0.331678085442506,0,1,0,0,Short-Tenure Lower-Charge
0,0,0,-0.778602853033805,1,0,0,0.140054076949945,0,0,0,3,Short-Tenure Higher-Charge
1,0,0,1.07079916603721,1,0,0,1.6226408730405,0,1,0,1,Long-Tenure Higher-Charge
1,0,0,-1.27177672478607,1,1,1,0.342225003689566,1,0,1,3,Short-Tenure Higher-Charge
1,0,1,-0.86079849832585,1,0,0,-1.51100849142363,0,1,0,0,Short-Tenure Lower-Charge
1,0,0,-1.18958107949403,1,1,0,-0.668629630008542,0,1,0,0,Short-Tenure Lower-Charge
1,1,0,1.31738610191334,1,0,1,1.48786025521409,0,0,0,1,Long-Tenure Higher-Charge
1,0,1,-1.27177672478607,1,0,1,1.04982324727824,0,0,1,3,Short-Tenure Higher-Charge
0,1,0,1.56397303778947,1,1,1,1.35307963738768,0,0,0,1,Long-Tenure Higher-Charge
0,1,0,-0.121037690697446,1,1,0,0.881347474995224,1,0,1,3,Short-Tenure Higher-Charge
0,0,0,-0.162135513343468,1,0,0,0.308529849232963,0,1,0,3,Short-Tenure Higher-Charge
0,0,1,-1.14848325684801,1,0,0,1.11721355619145,1,0,1,3,Short-Tenure Higher-Charge
0,0,0,-0.655309385095738,1,1,1,0.915042629451828,0,0,0,3,Short-Tenure Higher-Charge
0,0,1,1.15299481132925,1,1,0,-1.40992302805382,0,1,0,2,Long-Tenure Lower-Charge
0,0,1,-0.69640720774176,1,1,1,0.780262011625413,1,0,0,3,Short-Tenure Higher-Charge
1,0,1,0.577625294284936,1,1,1,-1.54470364588024,0,1,0,2,Long-Tenure Lower-Charge
1,0,0,0.166647067824711,1,0,0,0.443310467059377,0,0,1,3,Short-Tenure Higher-Charge
1,0,0,-1.02518978890994,0,0,0,-1.37622787359722,0,1,0,0,Short-Tenure Lower-Charge
0,0,1,1.27628827926732,0,1,0,-0.36537323989911,0,0,1,2,Long-Tenure Lower-Charge
0,0,1,0.289940535762779,1,0,0,-1.37622787359722,0,0,1,2,Long-Tenure Lower-Charge
0,0,0,-0.942994143617895,1,0,0,-1.51100849142363,0,1,0,0,Short-Tenure Lower-Charge
0,0,0,-0.984091966263917,1,0,0,0.342225003689566,1,1,0,3,Short-Tenure Higher-Charge
0,1,0,0.82421223016107,1,0,0,0.948737783908432,0,0,1,1,Long-Tenure Higher-Charge
0,0,0,-1.3128745474321,1,0,1,-1.51100849142363,0,0,0,0,Short-Tenure Lower-Charge
1,0,0,-0.819700675679827,1,1,0,-1.54470364588024,0,1,0,0,Short-Tenure Lower-Charge
0,0,0,0.0433535998866439,1,0,0,-0.36537323989911,0,0,0,2,Long-Tenure Lower-Charge
1,0,1,-0.490918094511648,1,0,0,-1.37622787359722,0,0,1,0,Short-Tenure Lower-Charge
1,0,1,-1.35397237007812,1,0,0,-1.54470364588024,0,0,0,0,Short-Tenure Lower-Charge
0,0,0,-0.326526803927558,1,0,0,0.342225003689566,0,0,1,3,Short-Tenure Higher-Charge
1,0,1,-1.3128745474321,1,0,0,0.140054076949945,0,0,0,3,Short-Tenure Higher-Charge
0,1,0,-1.27177672478607,1,0,0,0.308529849232963,1,0,1,3,Short-Tenure Higher-Charge
0,0,1,0.577625294284936,1,0,0,-1.51100849142363,0,0,1,2,Long-Tenure Lower-Charge
0,1,0,-0.0799398680514234,1,1,1,1.15090871064805,1,0,0,3,Short-Tenure Higher-Charge
0,0,1,-1.35397237007812,1,0,1,-1.54470364588024,0,0,0,0,Short-Tenure Lower-Charge
1,0,0,0.577625294284936,1,1,1,-1.54470364588024,0,0,0,2,Long-Tenure Lower-Charge
1,0,0,-1.3128745474321,1,0,0,-1.51100849142363,0,1,0,0,Short-Tenure Lower-Charge
1,0,0,-0.984091966263917,0,0,0,-1.03927632903118,1,0,0,0,Short-Tenure Lower-Charge
1,0,0,-1.18958107949403,0,1,0,-1.2077521013142,0,1,0,0,Short-Tenure Lower-Charge
1,1,0,-0.573113739803693,1,1,1,0.712871702712206,0,0,0,3,Short-Tenure Higher-Charge
1,0,0,0.413234003700846,1,1,1,0.308529849232963,1,1,0,1,Long-Tenure Higher-Charge
0,0,1,0.413234003700846,1,0,0,0.308529849232963,0,1,0,1,Long-Tenure Higher-Charge
1,0,1,-0.614211562449715,1,1,1,-0.668629630008542,0,1,0,0,Short-Tenure Lower-Charge
0,1,0,0.248842713116756,1,0,0,1.15090871064805,0,0,0,1,Long-Tenure Higher-Charge
1,1,0,-0.901896320971872,1,0,0,1.52155540967069,0,0,1,3,Short-Tenure Higher-Charge
1,0,0,-1.3128745474321,0,1,1,-1.00558117457458,1,1,0,0,Short-Tenure Lower-Charge
0,0,0,-1.3128745474321,1,1,1,0.106358922493341,1,0,0,3,Short-Tenure Higher-Charge
0,0,0,0.413234003700846,0,1,1,-1.07297148348779,0,0,0,2,Long-Tenure Lower-Charge
1,0,1,-0.86079849832585,1,1,1,-1.34253271914062,0,0,0,0,Short-Tenure Lower-Charge
1,0,1,0.783114407515048,1,0,0,0.645481393798999,0,0,0,1,Long-Tenure Higher-Charge
1,0,0,1.56397303778947,1,0,1,0.578091084885792,0,0,1,1,Long-Tenure Higher-Charge
0,0,0,1.56397303778947,1,0,0,1.45416510075749,0,1,0,1,Long-Tenure Higher-Charge
1,0,0,-0.121037690697446,1,0,0,0.948737783908432,0,0,0,3,Short-Tenure Higher-Charge
0,0,1,0.248842713116756,1,0,0,-1.40992302805382,0,0,0,2,Long-Tenure Lower-Charge
0,0,1,-1.23067890214005,1,0,1,-0.36537323989911,1,0,0,0,Short-Tenure Lower-Charge
1,0,1,1.44067956985141,1,0,1,0.342225003689566,1,0,0,1,Long-Tenure Higher-Charge
0,0,1,0.331038358408801,1,1,0,-1.57839880033684,0,1,0,2,Long-Tenure Lower-Charge
0,0,0,-1.02518978890994,1,1,0,0.712871702712206,1,0,0,3,Short-Tenure Higher-Charge
0,0,0,1.6050708604355,1,0,0,-1.40992302805382,0,0,1,2,Long-Tenure Lower-Charge
1,0,0,-0.942994143617895,1,1,1,0.477005621515981,1,0,0,3,Short-Tenure Higher-Charge
1,0,1,-0.86079849832585,1,1,1,-0.399068394355713,1,0,0,0,Short-Tenure Lower-Charge
0,1,0,-0.655309385095738,1,0,0,0.645481393798999,1,0,1,3,Short-Tenure Higher-Charge
0,0,1,1.44067956985141,1,0,0,0.409615312602774,0,1,0,1,Long-Tenure Higher-Charge
0,0,0,0.98860352074516,1,0,0,1.28568932847447,1,1,0,1,Long-Tenure Higher-Charge
0,1,0,0.166647067824711,1,1,1,1.38677479184428,1,1,0,1,Long-Tenure Higher-Charge
1,0,1,-1.3128745474321,1,0,1,-0.567544166638732,1,0,0,0,Short-Tenure Lower-Charge
0,0,0,0.82421223016107,1,0,0,1.38677479184428,1,0,1,1,Long-Tenure Higher-Charge
0,0,0,0.0433535998866439,1,1,0,0.477005621515981,0,0,0,3,Short-Tenure Higher-Charge
0,0,0,0.659820939576981,1,1,0,-0.196897467616092,1,1,0,2,Long-Tenure Lower-Charge
0,0,0,1.52287521514345,1,1,1,0.679176548255603,0,0,1,1,Long-Tenure Higher-Charge
1,1,0,1.39958174720538,1,1,1,-0.0284216953330735,0,0,1,1,Long-Tenure Higher-Charge
0,0,0,0.742016584869025,1,0,0,-1.37622787359722,0,0,0,2,Long-Tenure Lower-Charge
0,0,0,-1.23067890214005,1,0,0,0.140054076949945,0,0,0,3,Short-Tenure Higher-Charge
0,0,0,-1.3128745474321,1,0,1,0.173749231406548,0,0,0,3,Short-Tenure Higher-Charge
1,0,1,0.947505698099138,1,1,1,0.342225003689566,0,0,0,1,Long-Tenure Higher-Charge
1,0,0,-0.86079849832585,1,0,1,1.5889457185839,1,0,0,3,Short-Tenure Higher-Charge
1,0,1,-0.244331158635513,1,1,0,1.18460386510466,0,1,0,3,Short-Tenure Higher-Charge
0,0,1,1.02970134339118,1,0,1,1.31938448293107,0,0,0,1,Long-Tenure Higher-Charge
0,0,0,-1.10738543420198,1,1,0,-1.54470364588024,0,0,0,0,Short-Tenure Lower-Charge
0,0,1,1.27628827926732,1,1,1,-1.40992302805382,0,0,1,2,Long-Tenure Lower-Charge
0,0,1,-0.69640720774176,1,0,1,0.477005621515981,0,0,0,3,Short-Tenure Higher-Charge
0,0,1,0.454331826346868,1,0,0,0.948737783908432,0,0,0,1,Long-Tenure Higher-Charge
1,0,1,-0.69640720774176,1,0,0,-1.54470364588024,0,1,0,0,Short-Tenure Lower-Charge
1,0,0,0.454331826346868,1,0,0,-1.54470364588024,0,0,1,2,Long-Tenure Lower-Charge
1,1,0,-0.121037690697446,1,0,0,1.21829901956126,0,1,0,3,Short-Tenure Higher-Charge
1,0,0,-0.326526803927558,1,0,0,0.443310467059377,0,0,0,3,Short-Tenure Higher-Charge
0,0,0,-0.778602853033805,1,0,1,0.173749231406548,1,0,0,3,Short-Tenure Higher-Charge
0,0,1,-1.18958107949403,1,1,1,-0.500153857725524,1,0,0,0,Short-Tenure Lower-Charge
0,0,0,0.372136181054823,1,1,1,1.11721355619145,0,0,0,1,Long-Tenure Higher-Charge
1,0,0,-0.573113739803693,1,0,0,0.645481393798999,0,0,0,3,Short-Tenure Higher-Charge
1,1,1,-1.06628761155596,1,0,0,-0.668629630008542,0,0,1,0,Short-Tenure Lower-Charge
0,0,1,-0.942994143617895,1,1,1,0.00527345912353,0,1,0,3,Short-Tenure Higher-Charge
0,0,0,-0.737505030387783,1,0,0,1.21829901956126,0,0,0,3,Short-Tenure Higher-Charge
1,0,0,-0.86079849832585,1,0,0,1.38677479184428,1,1,0,3,Short-Tenure Higher-Charge
0,0,1,-0.86079849832585,1,0,1,-1.57839880033684,1,0,0,0,Short-Tenure Lower-Charge
0,0,0,-1.02518978890994,1,0,0,-1.57839880033684,0,0,1,0,Short-Tenure Lower-Charge
0,0,1,-0.942994143617895,1,1,1,-1.54470364588024,0,0,0,0,Short-Tenure Lower-Charge
1,1,0,0.906407875453115,1,1,1,0.274834694776359,0,0,0,1,Long-Tenure Higher-Charge
0,0,0,1.48177739249743,1,1,1,0.544395930429188,0,0,0,1,Long-Tenure Higher-Charge
0,0,0,-0.69640720774176,1,0,0,-1.54470364588024,0,0,0,0,Short-Tenure Lower-Charge
1,0,0,0.742016584869025,0,1,1,-1.2077521013142,0,0,1,2,Long-Tenure Lower-Charge
0,0,0,1.56397303778947,1,0,0,0.813957166082017,0,0,1,1,Long-Tenure Higher-Charge
0,0,0,0.865310052807093,1,0,0,0.140054076949945,1,0,0,1,Long-Tenure Higher-Charge
1,0,0,-1.3128745474321,1,1,0,-0.567544166638732,0,0,0,0,Short-Tenure Lower-Charge
0,0,0,-0.285428981281536,1,0,0,-0.36537323989911,0,0,1,3,Short-Tenure Higher-Charge
0,0,0,-1.02518978890994,1,0,0,-1.54470364588024,1,0,0,0,Short-Tenure Lower-Charge
0,1,0,-1.14848325684801,1,0,0,0.274834694776359,1,0,0,3,Short-Tenure Higher-Charge
0,0,1,1.48177739249743,0,0,0,-0.36537323989911,0,0,0,2,Long-Tenure Lower-Charge
1,1,0,0.536527471638913,1,1,1,1.11721355619145,0,1,0,1,Long-Tenure Higher-Charge
0,0,0,0.536527471638913,1,0,1,1.01612809282164,1,0,0,1,Long-Tenure Higher-Charge
1,0,0,-0.984091966263917,1,1,0,1.01612809282164,0,0,1,3,Short-Tenure Higher-Charge
0,0,0,0.82421223016107,1,0,0,1.5552505641273,0,0,0,1,Long-Tenure Higher-Charge
0,0,0,0.331038358408801,0,0,0,-0.870800556748164,0,1,0,2,Long-Tenure Lower-Charge
0,0,0,0.331038358408801,1,1,1,-1.54470364588024,0,0,0,2,Long-Tenure Lower-Charge
0,0,0,1.44067956985141,0,0,0,-0.702324784465146,0,0,1,2,Long-Tenure Lower-Charge
0,0,0,0.125549245178689,0,1,1,-1.1740569468576,0,1,0,2,Long-Tenure Lower-Charge
0,0,0,0.577625294284936,1,0,0,-0.0284216953330735,0,0,0,1,Long-Tenure Higher-Charge
1,0,1,-1.18958107949403,1,0,0,-0.567544166638732,1,0,1,0,Short-Tenure Lower-Charge
1,0,1,1.15299481132925,1,1,1,0.510700775972585,0,0,0,1,Long-Tenure Higher-Charge
1,1,0,0.125549245178689,1,0,0,0.611786239342395,1,1,0,3,Short-Tenure Higher-Charge
0,1,0,-0.778602853033805,1,0,0,0.443310467059377,1,1,0,3,Short-Tenure Higher-Charge
0,0,0,0.700918762223003,1,1,1,1.45416510075749,1,0,0,1,Long-Tenure Higher-Charge
1,0,1,-0.244331158635513,1,0,1,0.645481393798999,0,1,0,3,Short-Tenure Higher-Charge
1,0,0,-0.408722449219603,1,0,1,-1.54470364588024,0,1,0,0,Short-Tenure Lower-Charge
1,0,0,-1.23067890214005,1,0,0,0.308529849232963,1,0,0,3,Short-Tenure Higher-Charge
0,0,0,0.125549245178689,1,1,1,1.31938448293107,0,1,0,1,Long-Tenure Higher-Charge
0,0,0,-0.367624626573581,1,0,1,0.308529849232963,1,0,0,3,Short-Tenure Higher-Charge
0,0,1,1.31738610191334,1,0,0,1.35307963738768,1,0,0,1,Long-Tenure Higher-Charge
1,0,0,-0.0799398680514234,0,0,0,-0.533849012182128,0,1,0,0,Short-Tenure Lower-Charge
0,0,0,1.23519045662129,1,0,0,0.477005621515981,0,0,1,1,Long-Tenure Higher-Charge
0,0,0,1.39958174720538,1,1,1,-0.196897467616092,0,0,0,2,Long-Tenure Lower-Charge
0,0,0,1.02970134339118,1,0,0,-1.40992302805382,0,1,0,2,Long-Tenure Lower-Charge
0,0,0,-0.737505030387783,1,1,1,1.31938448293107,1,0,0,3,Short-Tenure Higher-Charge
1,0,0,-0.69640720774176,1,0,0,0.510700775972585,0,0,0,3,Short-Tenure Higher-Charge
0,0,0,-1.02518978890994,1,0,0,0.00527345912353,0,0,1,3,Short-Tenure Higher-Charge
0,0,1,1.56397303778947,1,0,0,0.813957166082017,0,0,0,1,Long-Tenure Higher-Charge
1,0,0,-1.18958107949403,1,1,1,-1.54470364588024,0,0,0,0,Short-Tenure Lower-Charge
1,0,1,1.44067956985141,1,0,1,0.578091084885792,0,1,0,1,Long-Tenure Higher-Charge
0,0,0,-0.737505030387783,1,0,1,-0.331678085442506,0,0,0,0,Short-Tenure Lower-Charge
1,0,1,-0.819700675679827,1,0,0,-0.466458703268921,0,0,1,0,Short-Tenure Lower-Charge
0,0,0,0.372136181054823,1,0,1,-1.54470364588024,0,0,0,2,Long-Tenure Lower-Charge
1,0,1,-1.18958107949403,1,0,0,-0.702324784465146,0,1,0,0,Short-Tenure Lower-Charge
0,0,0,0.700918762223003,1,0,0,1.48786025521409,0,1,0,1,Long-Tenure Higher-Charge
0,0,1,-1.18958107949403,0,1,1,-0.297982930985903,0,0,0,0,Short-Tenure Lower-Charge
0,0,1,-1.27177672478607,1,0,0,-0.466458703268921,0,0,0,0,Short-Tenure Lower-Charge
0,0,1,0.536527471638913,1,0,1,-1.57839880033684,0,0,0,2,Long-Tenure Lower-Charge
1,0,0,1.02970134339118,1,0,0,1.31938448293107,1,1,0,1,Long-Tenure Higher-Charge
1,0,1,-0.655309385095738,0,0,1,-0.73601993892175,0,0,0,0,Short-Tenure Lower-Charge
0,0,0,-1.27177672478607,1,1,1,0.982432938365035,1,0,0,3,Short-Tenure Higher-Charge
0,0,1,1.44067956985141,1,0,0,0.645481393798999,0,0,0,1,Long-Tenure Higher-Charge
0,1,0,-0.203233335989491,1,1,1,1.52155540967069,0,0,0,3,Short-Tenure Higher-Charge
0,0,1,0.289940535762779,1,1,1,-1.34253271914062,0,0,1,2,Long-Tenure Lower-Charge
1,0,0,0.0844514225326663,1,0,0,0.308529849232963,1,0,1,3,Short-Tenure Higher-Charge
0,0,0,-1.14848325684801,1,0,0,-0.0621168497896772,0,0,1,3,Short-Tenure Higher-Charge
1,0,1,-0.778602853033805,1,0,0,-1.54470364588024,0,0,0,0,Short-Tenure Lower-Charge
1,0,0,-1.10738543420198,1,0,0,-0.533849012182128,0,1,0,0,Short-Tenure Lower-Charge
1,0,0,1.39958174720538,1,1,0,0.00527345912353,0,0,1,1,Long-Tenure Higher-Charge
1,1,0,1.23519045662129,1,0,0,0.611786239342395,0,1,0,1,Long-Tenure Higher-Charge
0,0,0,-1.14848325684801,1,1,0,-0.399068394355713,0,0,0,0,Short-Tenure Lower-Charge
1,0,0,-1.10738543420198,1,0,0,0.578091084885792,1,0,0,3,Short-Tenure Higher-Charge
1,0,0,0.659820939576981,1,1,0,0.948737783908432,0,0,1,1,Long-Tenure Higher-Charge
0,0,1,1.15299481132925,1,1,0,-1.57839880033684,0,1,0,2,Long-Tenure Lower-Charge
1,0,0,-0.942994143617895,1,0,0,-1.54470364588024,0,1,0,0,Short-Tenure Lower-Charge
0,0,0,1.6050708604355,1,1,0,1.72372633641031,0,1,0,1,Long-Tenure Higher-Charge
1,0,0,0.82421223016107,1,1,1,0.37592015814617,0,0,1,1,Long-Tenure Higher-Charge
0,0,0,-1.3128745474321,1,0,0,-1.54470364588024,1,0,1,0,Short-Tenure Lower-Charge
0,0,1,-0.449820271865625,1,1,0,-1.51100849142363,0,0,1,0,Short-Tenure Lower-Charge
1,0,0,0.0433535998866439,1,1,1,1.15090871064805,1,0,0,3,Short-Tenure Higher-Charge
0,0,0,-1.14848325684801,1,1,0,0.780262011625413,1,0,1,3,Short-Tenure Higher-Charge
0,0,0,-1.14848325684801,1,1,0,-1.54470364588024,1,0,1,0,Short-Tenure Lower-Charge
0,0,0,0.947505698099138,1,0,1,-1.40992302805382,0,0,0,2,Long-Tenure Lower-Charge
1,1,0,-0.901896320971872,1,0,1,0.443310467059377,0,0,0,3,Short-Tenure Higher-Charge
0,0,1,0.0022557772406214,1,0,0,-0.264287776529299,0,1,0,2,Long-Tenure Lower-Charge
1,0,0,1.02970134339118,1,0,0,0.679176548255603,0,0,0,1,Long-Tenure Higher-Charge
1,1,0,0.0433535998866439,1,0,0,0.342225003689566,0,0,0,3,Short-Tenure Higher-Charge
0,0,0,1.31738610191334,1,0,0,-1.34253271914062,0,0,1,2,Long-Tenure Lower-Charge
1,1,0,-1.27177672478607,1,1,0,-0.73601993892175,1,1,0,0,Short-Tenure Lower-Charge
1,1,0,-0.655309385095738,1,0,0,0.544395930429188,1,0,0,3,Short-Tenure Higher-Charge
1,0,1,1.23519045662129,0,0,0,-0.837105402291561,0,0,1,2,Long-Tenure Lower-Charge
0,0,1,1.6050708604355,1,1,1,-1.37622787359722,0,0,0,2,Long-Tenure Lower-Charge
0,0,1,0.413234003700846,1,0,0,0.915042629451828,0,0,0,1,Long-Tenure Higher-Charge
1,0,0,1.6050708604355,1,1,1,1.5889457185839,0,0,1,1,Long-Tenure Higher-Charge
0,0,1,-1.10738543420198,1,1,1,-1.54470364588024,0,0,0,0,Short-Tenure Lower-Charge
1,0,0,-1.3128745474321,1,1,0,-1.37622787359722,0,0,0,0,Short-Tenure Lower-Charge
0,0,1,-0.285428981281536,1,0,0,-0.196897467616092,1,0,0,3,Short-Tenure Higher-Charge
0,0,1,1.6050708604355,1,1,1,0.982432938365035,0,1,0,1,Long-Tenure Higher-Charge
0,1,0,0.947505698099138,1,1,1,1.5552505641273,1,0,0,1,Long-Tenure Higher-Charge
1,0,0,-0.655309385095738,1,0,0,1.25199417401786,0,1,0,3,Short-Tenure Higher-Charge
0,0,0,-1.3128745474321,1,0,0,-0.36537323989911,0,0,0,0,Short-Tenure Lower-Charge
1,0,1,1.44067956985141,1,0,1,0.679176548255603,0,0,0,1,Long-Tenure Higher-Charge
0,0,1,1.15299481132925,1,1,0,-1.37622787359722,0,1,0,2,Long-Tenure Lower-Charge
0,0,0,-0.901896320971872,0,0,1,-0.870800556748164,0,0,0,0,Short-Tenure Lower-Charge
0,0,0,0.0433535998866439,1,0,0,0.645481393798999,0,0,0,3,Short-Tenure Higher-Charge
1,0,0,1.6050708604355,1,1,1,-1.40992302805382,0,0,0,2,Long-Tenure Lower-Charge
1,0,0,-0.285428981281536,1,1,0,-0.129507158702884,0,1,0,3,Short-Tenure Higher-Charge
1,0,0,1.35848392455936,1,1,1,0.982432938365035,0,0,0,1,Long-Tenure Higher-Charge
0,0,0,1.27628827926732,1,0,1,0.645481393798999,0,0,0,1,Long-Tenure Higher-Charge
1,0,0,-1.23067890214005,1,0,0,-0.163202313159488,0,0,1,3,Short-Tenure Higher-Charge
0,0,0,-0.53201591715767,1,1,0,-1.54470364588024,0,0,0,0,Short-Tenure Lower-Charge
0,0,1,0.618723116930958,1,1,1,1.25199417401786,1,0,0,1,Long-Tenure Higher-Charge
1,0,1,0.413234003700846,1,0,0,0.207444385863152,0,0,1,1,Long-Tenure Higher-Charge
1,1,0,-0.778602853033805,1,1,1,-1.54470364588024,0,0,0,0,Short-Tenure Lower-Charge
0,0,1,0.98860352074516,1,0,1,-1.54470364588024,0,0,0,2,Long-Tenure Lower-Charge
1,0,1,1.6050708604355,1,0,0,0.00527345912353,0,1,0,1,Long-Tenure Higher-Charge
1,0,0,1.6050708604355,1,0,1,-1.34253271914062,0,1,0,2,Long-Tenure Lower-Charge
1,0,1,0.207744890470734,1,1,0,0.510700775972585,0,0,1,1,Long-Tenure Higher-Charge
0,0,0,-1.27177672478607,1,0,1,-0.533849012182128,1,0,0,0,Short-Tenure Lower-Charge
0,1,0,-1.18958107949403,1,1,0,0.982432938365035,1,0,0,3,Short-Tenure Higher-Charge
0,0,0,-0.285428981281536,1,1,0,0.140054076949945,0,0,0,3,Short-Tenure Higher-Charge
1,0,1,-0.285428981281536,1,1,1,-1.54470364588024,0,0,0,0,Short-Tenure Lower-Charge
0,0,0,-0.737505030387783,0,0,0,-0.904495711204768,0,1,0,0,Short-Tenure Lower-Charge
1,0,1,-0.449820271865625,1,1,0,1.15090871064805,0,1,0,3,Short-Tenure Higher-Charge
0,0,1,-0.819700675679827,1,0,0,-1.37622787359722,0,1,0,0,Short-Tenure Lower-Charge
0,1,0,-1.10738543420198,0,0,0,-0.73601993892175,0,0,1,0,Short-Tenure Lower-Charge
1,1,0,-0.53201591715767,1,0,1,-0.399068394355713,0,1,0,0,Short-Tenure Lower-Charge
1,0,1,1.6050708604355,1,0,0,-1.54470364588024,0,1,0,2,Long-Tenure Lower-Charge
1,1,0,0.0433535998866439,1,0,0,1.15090871064805,0,0,0,3,Short-Tenure Higher-Charge
0,0,0,0.783114407515048,1,0,1,-1.51100849142363,0,0,0,2,Long-Tenure Lower-Charge
0,0,0,1.48177739249743,1,1,1,-1.37622787359722,0,1,0,2,Long-Tenure Lower-Charge
0,0,0,0.248842713116756,1,0,0,-1.54470364588024,0,0,0,2,Long-Tenure Lower-Charge
1,0,1,1.31738610191334,1,0,0,0.308529849232963,1,1,0,1,Long-Tenure Higher-Charge
1,0,0,1.44067956985141,1,0,0,-1.37622787359722,0,0,1,2,Long-Tenure Lower-Charge
0,0,0,-0.326526803927558,1,0,0,0.645481393798999,0,0,0,3,Short-Tenure Higher-Charge
1,0,0,-1.10738543420198,1,0,0,0.611786239342395,1,0,0,3,Short-Tenure Higher-Charge
0,1,0,1.27628827926732,1,0,0,0.140054076949945,1,0,0,1,Long-Tenure Higher-Charge
1,0,1,-1.06628761155596,1,1,0,0.140054076949945,1,0,0,3,Short-Tenure Higher-Charge
0,0,1,-0.038842045405401,1,0,0,0.679176548255603,0,0,1,3,Short-Tenure Higher-Charge
1,0,0,0.331038358408801,1,0,0,-1.54470364588024,0,0,0,2,Long-Tenure Lower-Charge
1,0,0,-1.27177672478607,1,1,1,-0.702324784465146,1,0,0,0,Short-Tenure Lower-Charge
1,0,0,-0.367624626573581,0,1,0,-0.500153857725524,0,0,1,0,Short-Tenure Lower-Charge
0,0,0,-1.3128745474321,1,1,0,-1.57839880033684,0,0,1,0,Short-Tenure Lower-Charge
0,0,0,0.865310052807093,0,0,0,-0.73601993892175,0,1,0,2,Long-Tenure Lower-Charge
0,0,1,0.248842713116756,1,1,1,-0.196897467616092,0,0,0,2,Long-Tenure Lower-Charge
0,0,0,-0.778602853033805,1,1,0,0.477005621515981,1,0,1,3,Short-Tenure Higher-Charge
1,0,1,-1.06628761155596,1,0,1,0.140054076949945,0,0,0,3,Short-Tenure Higher-Charge
1,0,0,-0.326526803927558,1,0,0,-1.54470364588024,0,0,1,0,Short-Tenure Lower-Charge
1,0,1,0.454331826346868,1,0,0,0.915042629451828,0,1,0,1,Long-Tenure Higher-Charge
1,0,1,1.15299481132925,1,0,0,1.15090871064805,0,0,0,1,Long-Tenure Higher-Charge
1,0,0,1.6050708604355,1,1,1,1.6226408730405,0,1,0,1,Long-Tenure Higher-Charge
0,0,1,0.413234003700846,1,0,0,1.11721355619145,0,0,0,1,Long-Tenure Higher-Charge
0,0,0,1.02970134339118,1,1,0,1.42046994630088,0,0,0,1,Long-Tenure Higher-Charge
0,0,0,1.56397303778947,0,0,1,0.0389686135801337,0,0,0,1,Long-Tenure Higher-Charge
1,1,0,0.0433535998866439,1,1,1,0.645481393798999,0,0,0,3,Short-Tenure Higher-Charge
1,1,0,0.783114407515048,1,1,0,0.241139540319755,0,0,1,1,Long-Tenure Higher-Charge
0,1,0,1.27628827926732,0,0,1,-0.73601993892175,0,0,1,2,Long-Tenure Lower-Charge
1,0,0,0.454331826346868,1,0,0,0.645481393798999,0,0,1,1,Long-Tenure Higher-Charge
1,0,1,-0.819700675679827,1,0,0,-0.702324784465146,0,0,0,0,Short-Tenure Lower-Charge
1,0,0,-0.367624626573581,1,1,0,0.847652320538621,1,0,0,3,Short-Tenure Higher-Charge
1,0,1,1.52287521514345,1,1,0,1.65633602749711,0,1,0,1,Long-Tenure Higher-Charge
0,1,0,-1.3128745474321,1,0,0,0.645481393798999,1,0,0,3,Short-Tenure Higher-Charge
0,0,0,-0.901896320971872,1,0,0,0.342225003689566,1,0,1,3,Short-Tenure Higher-Charge
1,0,0,-0.86079849832585,1,0,1,-0.196897467616092,1,0,1,3,Short-Tenure Higher-Charge
1,0,0,1.6050708604355,1,1,1,1.52155540967069,0,0,0,1,Long-Tenure Higher-Charge
0,1,0,-1.02518978890994,1,1,1,1.18460386510466,1,0,1,3,Short-Tenure Higher-Charge
1,0,0,-0.737505030387783,1,0,0,0.645481393798999,0,1,0,3,Short-Tenure Higher-Charge
0,0,1,-0.819700675679827,1,0,0,-0.331678085442506,0,1,0,0,Short-Tenure Lower-Charge
0,0,0,1.44067956985141,1,0,0,0.477005621515981,0,0,0,1,Long-Tenure Higher-Charge
0,0,0,-0.655309385095738,1,1,1,0.477005621515981,0,0,1,3,Short-Tenure Higher-Charge
0,0,1,1.56397303778947,1,1,1,-1.37622787359722,0,0,0,2,Long-Tenure Lower-Charge
1,0,0,-1.10738543420198,1,0,0,0.106358922493341,0,0,1,3,Short-Tenure Higher-Charge
0,0,0,-1.10738543420198,1,1,1,0.847652320538621,1,0,1,3,Short-Tenure Higher-Charge
0,0,1,0.577625294284936,1,0,0,-1.57839880033684,0,1,0,2,Long-Tenure Lower-Charge
0,0,0,-1.18958107949403,1,1,0,0.342225003689566,0,0,0,3,Short-Tenure Higher-Charge
1,1,0,-0.819700675679827,1,0,0,0.948737783908432,0,0,0,3,Short-Tenure Higher-Charge
0,0,0,-1.23067890214005,1,1,0,0.308529849232963,0,0,1,3,Short-Tenure Higher-Charge
1,0,0,-0.86079849832585,1,1,0,-0.399068394355713,0,0,1,0,Short-Tenure Lower-Charge
0,0,0,-0.655309385095738,1,1,1,0.477005621515981,0,0,0,3,Short-Tenure Higher-Charge
0,0,0,-0.573113739803693,1,1,0,-0.264287776529299,0,1,0,3,Short-Tenure Higher-Charge
1,0,0,0.783114407515048,1,0,1,-1.51100849142363,0,1,0,2,Long-Tenure Lower-Charge
1,0,0,-0.162135513343468,1,0,0,0.813957166082017,0,0,1,3,Short-Tenure Higher-Charge
1,0,0,-1.23067890214005,1,1,1,-0.702324784465146,0,0,1,0,Short-Tenure Lower-Charge
1,1,0,-1.23067890214005,0,0,1,-1.00558117457458,1,1,0,0,Short-Tenure Lower-Charge
1,0,1,-0.038842045405401,1,0,1,0.611786239342395,0,0,0,3,Short-Tenure Higher-Charge
1,0,0,0.906407875453115,1,1,1,1.28568932847447,1,1,0,1,Long-Tenure Higher-Charge
1,0,0,-0.53201591715767,1,0,0,1.11721355619145,0,0,0,3,Short-Tenure Higher-Charge
1,0,1,-0.449820271865625,1,0,0,-1.54470364588024,0,0,0,0,Short-Tenure Lower-Charge
1,1,1,1.11189698868323,1,1,0,0.510700775972585,0,0,1,1,Long-Tenure Higher-Charge
0,1,0,-0.244331158635513,1,1,1,0.74656685716881,1,0,0,3,Short-Tenure Higher-Charge
0,0,0,-1.18958107949403,1,0,0,0.948737783908432,1,1,0,3,Short-Tenure Higher-Charge
1,0,0,-1.23067890214005,1,1,1,0.645481393798999,1,0,0,3,Short-Tenure Higher-Charge
1,1,0,-0.86079849832585,0,0,1,-1.2414472557708,0,0,0,0,Short-Tenure Lower-Charge
1,0,0,-0.655309385095738,1,1,1,-0.466458703268921,1,0,0,0,Short-Tenure Lower-Charge
0,0,1,-0.86079849832585,1,1,1,0.409615312602774,1,0,0,3,Short-Tenure Higher-Charge
0,0,1,0.495429648992891,1,1,1,-1.37622787359722,0,0,0,2,Long-Tenure Lower-Charge
0,0,1,-1.3128745474321,1,1,1,-0.500153857725524,0,0,0,0,Short-Tenure Lower-Charge
1,0,0,1.6050708604355,1,1,1,0.645481393798999,0,0,0,1,Long-Tenure Higher-Charge
1,0,0,-0.203233335989491,1,1,0,1.15090871064805,0,0,1,3,Short-Tenure Higher-Charge
1,0,0,0.742016584869025,1,1,0,0.510700775972585,0,0,1,1,Long-Tenure Higher-Charge
0,0,1,-1.3128745474321,1,1,0,-0.533849012182128,0,0,1,0,Short-Tenure Lower-Charge
0,0,0,-1.02518978890994,1,1,1,0.00527345912353,0,1,0,3,Short-Tenure Higher-Charge
0,0,1,0.413234003700846,1,0,0,1.35307963738768,0,0,1,1,Long-Tenure Higher-Charge
0,0,0,-0.449820271865625,1,0,0,0.611786239342395,1,0,1,3,Short-Tenure Higher-Charge
0,0,1,-0.614211562449715,1,0,0,-1.54470364588024,0,0,0,0,Short-Tenure Lower-Charge
1,1,0,0.865310052807093,1,0,1,-0.0284216953330735,0,0,0,1,Long-Tenure Higher-Charge
1,0,0,-0.819700675679827,1,0,0,0.510700775972585,1,0,0,3,Short-Tenure Higher-Charge
0,0,0,1.48177739249743,1,1,1,0.645481393798999,0,0,1,1,Long-Tenure Higher-Charge
1,0,1,1.35848392455936,0,0,0,-0.297982930985903,0,0,1,2,Long-Tenure Lower-Charge
0,0,0,0.82421223016107,1,0,0,-1.57839880033684,0,1,0,2,Long-Tenure Lower-Charge
1,0,0,-1.23067890214005,1,0,0,-1.57839880033684,0,0,1,0,Short-Tenure Lower-Charge
0,0,0,-0.53201591715767,1,1,1,-1.54470364588024,0,0,0,0,Short-Tenure Lower-Charge
1,0,0,-1.3128745474321,1,0,0,-1.57839880033684,1,0,0,0,Short-Tenure Lower-Charge
1,0,0,0.207744890470734,1,0,0,-0.129507158702884,1,0,0,3,Short-Tenure Higher-Charge
0,0,0,-0.819700675679827,1,0,0,-1.54470364588024,0,0,1,0,Short-Tenure Lower-Charge
1,1,0,0.98860352074516,1,0,0,0.813957166082017,0,0,1,1,Long-Tenure Higher-Charge
1,0,0,1.39958174720538,1,1,1,-1.54470364588024,0,0,1,2,Long-Tenure Lower-Charge
0,1,0,-0.901896320971872,1,0,0,-0.331678085442506,0,0,0,3,Short-Tenure Higher-Charge
0,0,0,-0.778602853033805,1,0,0,-0.533849012182128,0,0,0,0,Short-Tenure Lower-Charge
1,0,1,-0.490918094511648,1,0,1,0.477005621515981,0,0,0,3,Short-Tenure Higher-Charge
1,0,0,1.07079916603721,1,0,0,-1.37622787359722,0,0,1,2,Long-Tenure Lower-Charge
1,0,0,0.413234003700846,1,1,0,1.18460386510466,1,0,0,1,Long-Tenure Higher-Charge
1,0,1,-1.06628761155596,0,1,1,-0.904495711204768,0,1,0,0,Short-Tenure Lower-Charge
0,0,1,0.947505698099138,1,1,1,0.510700775972585,0,0,0,1,Long-Tenure Higher-Charge
1,0,0,-0.819700675679827,1,0,0,0.241139540319755,0,0,0,3,Short-Tenure Higher-Charge
0,0,1,-1.23067890214005,0,0,0,-1.2077521013142,0,1,0,0,Short-Tenure Lower-Charge
1,0,1,-1.02518978890994,1,0,1,0.342225003689566,0,0,0,3,Short-Tenure Higher-Charge
0,0,1,-1.14848325684801,0,0,0,-1.07297148348779,0,1,0,0,Short-Tenure Lower-Charge
1,0,1,-0.573113739803693,1,0,0,-1.40992302805382,0,0,1,0,Short-Tenure Lower-Charge
0,0,1,-1.35397237007812,0,0,0,-0.432763548812317,0,0,1,0,Short-Tenure Lower-Charge
0,0,1,1.56397303778947,1,1,0,-1.54470364588024,0,1,0,2,Long-Tenure Lower-Charge
1,0,0,-0.984091966263917,0,1,0,-0.702324784465146,1,0,1,0,Short-Tenure Lower-Charge
0,0,0,-1.3128745474321,1,1,1,0.274834694776359,1,0,0,3,Short-Tenure Higher-Charge
0,0,1,-0.367624626573581,1,0,1,-1.37622787359722,0,0,0,0,Short-Tenure Lower-Charge
1,0,0,-1.23067890214005,1,0,0,-1.54470364588024,0,1,0,0,Short-Tenure Lower-Charge
0,0,0,0.248842713116756,1,0,0,1.25199417401786,1,0,0,1,Long-Tenure Higher-Charge
0,0,1,1.48177739249743,1,1,1,0.915042629451828,0,1,0,1,Long-Tenure Higher-Charge
0,0,0,0.0022557772406214,1,0,0,-0.163202313159488,0,0,0,3,Short-Tenure Higher-Charge
1,0,0,-0.367624626573581,1,0,0,-0.500153857725524,0,0,0,0,Short-Tenure Lower-Charge
0,0,1,0.248842713116756,1,1,0,-1.54470364588024,0,1,0,2,Long-Tenure Lower-Charge
1,0,0,0.166647067824711,1,0,1,-1.54470364588024,0,0,0,2,Long-Tenure Lower-Charge
0,0,1,1.56397303778947,1,1,0,0.847652320538621,0,0,1,1,Long-Tenure Higher-Charge
1,1,0,-0.162135513343468,1,0,0,0.813957166082017,0,1,0,3,Short-Tenure Higher-Charge
0,0,0,1.44067956985141,1,0,0,0.881347474995224,0,0,0,1,Long-Tenure Higher-Charge
0,0,1,0.783114407515048,1,1,1,1.18460386510466,0,0,1,1,Long-Tenure Higher-Charge
0,0,0,-1.23067890214005,1,0,0,-0.196897467616092,0,0,1,3,Short-Tenure Higher-Charge
1,0,0,-1.3128745474321,1,0,1,0.544395930429188,1,0,0,3,Short-Tenure Higher-Charge
1,0,1,1.6050708604355,1,0,0,1.65633602749711,0,0,0,1,Long-Tenure Higher-Charge
1,0,0,-0.285428981281536,1,0,0,0.611786239342395,1,1,0,3,Short-Tenure Higher-Charge
0,0,0,-1.23067890214005,1,1,1,0.477005621515981,0,0,0,3,Short-Tenure Higher-Charge
1,0,0,-1.23067890214005,1,0,0,-1.54470364588024,0,0,0,0,Short-Tenure Lower-Charge
1,0,0,1.07079916603721,1,1,0,1.52155540967069,0,0,1,1,Long-Tenure Higher-Charge
0,1,1,0.0022557772406214,1,0,0,1.31938448293107,0,0,1,3,Short-Tenure Higher-Charge
0,1,0,-0.285428981281536,1,0,0,0.679176548255603,0,0,0,3,Short-Tenure Higher-Charge
1,0,0,-0.121037690697446,1,0,0,1.15090871064805,0,0,1,3,Short-Tenure Higher-Charge
1,0,0,-0.449820271865625,1,0,0,0.443310467059377,0,0,0,3,Short-Tenure Higher-Charge
1,0,0,-1.06628761155596,1,0,1,-1.37622787359722,0,0,0,0,Short-Tenure Lower-Charge
0,1,1,1.35848392455936,1,0,0,1.52155540967069,0,0,0,1,Long-Tenure Higher-Charge
1,0,1,1.56397303778947,1,0,0,1.35307963738768,0,0,1,1,Long-Tenure Higher-Charge
0,0,0,-1.02518978890994,1,1,0,0.308529849232963,0,0,0,3,Short-Tenure Higher-Charge
1,0,0,-0.737505030387783,1,1,1,1.25199417401786,0,0,1,3,Short-Tenure Higher-Charge
1,0,1,1.52287521514345,1,0,0,1.35307963738768,0,0,0,1,Long-Tenure Higher-Charge
0,0,1,0.906407875453115,1,1,1,0.645481393798999,0,0,0,1,Long-Tenure Higher-Charge
1,0,0,1.23519045662129,1,0,0,1.21829901956126,0,0,0,1,Long-Tenure Higher-Charge
1,0,0,-0.942994143617895,1,1,0,-1.54470364588024,0,0,1,0,Short-Tenure Lower-Charge
0,1,0,-1.23067890214005,1,0,0,0.274834694776359,0,0,0,3,Short-Tenure Higher-Charge
1,0,0,0.865310052807093,1,1,0,-1.54470364588024,0,1,0,2,Long-Tenure Lower-Charge
1,0,1,1.6050708604355,0,1,1,0.0389686135801337,0,0,1,1,Long-Tenure Higher-Charge
0,1,0,-0.203233335989491,1,0,0,-1.34253271914062,0,0,1,0,Short-Tenure Lower-Charge
1,1,1,1.31738610191334,1,1,1,0.679176548255603,0,0,0,1,Long-Tenure Higher-Charge
1,0,1,1.52287521514345,1,1,0,-1.54470364588024,0,0,0,2,Long-Tenure Lower-Charge
0,0,0,0.906407875453115,1,0,1,-0.500153857725524,0,0,0,2,Long-Tenure Lower-Charge
0,0,0,1.44067956985141,1,0,1,-1.54470364588024,0,0,0,2,Long-Tenure Lower-Charge
1,0,1,0.495429648992891,1,1,1,-1.57839880033684,0,0,1,2,Long-Tenure Lower-Charge
0,0,0,-0.984091966263917,1,0,1,0.308529849232963,0,1,0,3,Short-Tenure Higher-Charge
0,0,0,1.6050708604355,1,1,1,1.69003118195371,0,1,0,1,Long-Tenure Higher-Charge
1,0,1,1.27628827926732,1,1,1,1.11721355619145,0,0,0,1,Long-Tenure Higher-Charge
0,0,1,1.6050708604355,1,1,1,0.611786239342395,0,1,0,1,Long-Tenure Higher-Charge
1,1,1,0.577625294284936,1,0,1,0.645481393798999,0,0,0,1,Long-Tenure Higher-Charge
0,0,0,-1.10738543420198,1,0,0,-0.567544166638732,1,0,1,0,Short-Tenure Lower-Charge
0,0,0,0.618723116930958,1,0,1,-1.40992302805382,0,0,1,2,Long-Tenure Lower-Charge
1,0,1,1.23519045662129,1,0,0,0.274834694776359,0,0,0,1,Long-Tenure Higher-Charge
1,0,0,-1.02518978890994,1,0,0,0.308529849232963,1,0,0,3,Short-Tenure Higher-Charge
0,0,1,1.31738610191334,1,0,1,1.28568932847447,0,0,0,1,Long-Tenure Higher-Charge
0,0,1,0.413234003700846,1,0,0,-1.54470364588024,0,0,1,2,Long-Tenure Lower-Charge
0,0,1,0.207744890470734,1,1,1,-0.399068394355713,0,0,0,2,Long-Tenure Lower-Charge
0,0,0,-1.3128745474321,1,1,0,-0.702324784465146,1,0,1,0,Short-Tenure Lower-Charge
1,0,1,-1.27177672478607,1,0,1,-1.54470364588024,0,0,0,0,Short-Tenure Lower-Charge
1,0,0,-1.18958107949403,1,1,0,0.477005621515981,1,0,1,3,Short-Tenure Higher-Charge
1,1,0,1.48177739249743,1,0,0,1.48786025521409,0,0,1,1,Long-Tenure Higher-Charge
1,0,0,-1.23067890214005,1,1,1,0.274834694776359,0,0,0,3,Short-Tenure Higher-Charge
0,0,1,1.52287521514345,1,1,1,1.48786025521409,0,0,0,1,Long-Tenure Higher-Charge
1,0,1,-1.18958107949403,1,1,1,-0.567544166638732,1,0,0,0,Short-Tenure Lower-Charge
0,0,0,0.536527471638913,1,0,1,1.25199417401786,0,0,0,1,Long-Tenure Higher-Charge
1,0,1,1.31738610191334,1,1,1,0.140054076949945,0,0,0,1,Long-Tenure Higher-Charge
0,0,0,-0.573113739803693,1,1,1,1.04982324727824,0,0,0,3,Short-Tenure Higher-Charge
1,0,0,-0.490918094511648,1,0,0,-0.129507158702884,0,0,0,3,Short-Tenure Higher-Charge
1,0,0,0.618723116930958,1,0,0,0.443310467059377,0,0,0,1,Long-Tenure Higher-Charge
0,1,0,-0.655309385095738,1,0,0,0.780262011625413,1,0,1,3,Short-Tenure Higher-Charge
1,1,0,1.27628827926732,1,0,0,-1.54470364588024,0,0,1,2,Long-Tenure Lower-Charge
0,0,0,1.35848392455936,1,0,0,0.881347474995224,0,0,1,1,Long-Tenure Higher-Charge
1,0,1,1.52287521514345,1,1,1,0.409615312602774,0,0,0,1,Long-Tenure Higher-Charge
1,0,1,-0.162135513343468,1,0,0,0.477005621515981,0,0,1,3,Short-Tenure Higher-Charge
1,0,0,-1.3128745474321,1,1,1,-0.0958120042462808,0,0,0,3,Short-Tenure Higher-Charge
0,0,0,0.577625294284936,1,0,0,-1.54470364588024,0,0,1,2,Long-Tenure Lower-Charge
0,0,0,1.56397303778947,1,1,1,-1.51100849142363,0,1,0,2,Long-Tenure Lower-Charge
1,0,1,0.372136181054823,1,0,1,-1.51100849142363,0,0,0,2,Long-Tenure Lower-Charge
0,1,0,1.19409263397527,1,0,1,0.477005621515981,0,0,0,1,Long-Tenure Higher-Charge
0,0,0,0.947505698099138,0,1,1,-0.702324784465146,0,0,0,2,Long-Tenure Lower-Charge
0,0,0,1.52287521514345,1,1,1,1.69003118195371,1,0,0,1,Long-Tenure Higher-Charge
1,0,1,0.413234003700846,1,0,0,-1.40992302805382,0,0,0,2,Long-Tenure Lower-Charge
1,1,0,0.454331826346868,1,0,0,0.74656685716881,1,0,0,1,Long-Tenure Higher-Charge
1,0,1,-0.244331158635513,0,0,0,-0.668629630008542,0,1,0,0,Short-Tenure Lower-Charge
1,0,0,-0.0799398680514234,1,1,1,1.25199417401786,1,0,0,3,Short-Tenure Higher-Charge
1,0,0,-0.819700675679827,1,0,1,-1.54470364588024,0,0,0,0,Short-Tenure Lower-Charge
0,0,1,-0.285428981281536,1,0,0,0.847652320538621,1,0,0,3,Short-Tenure Higher-Charge
0,0,0,1.07079916603721,1,1,1,-1.61209395479344,0,0,0,2,Long-Tenure Lower-Charge
1,0,0,0.742016584869025,1,0,0,0.982432938365035,1,0,0,1,Long-Tenure Higher-Charge
0,0,0,0.618723116930958,1,1,1,1.38677479184428,1,0,0,1,Long-Tenure Higher-Charge
0,0,1,1.52287521514345,1,1,0,0.510700775972585,0,0,1,1,Long-Tenure Higher-Charge
0,0,0,-0.69640720774176,1,1,1,-1.54470364588024,0,0,1,0,Short-Tenure Lower-Charge
1,1,0,1.39958174720538,1,0,0,1.25199417401786,0,0,0,1,Long-Tenure Higher-Charge
1,0,0,-0.203233335989491,0,1,1,-1.2077521013142,0,0,0,0,Short-Tenure Lower-Charge
1,0,0,-1.18958107949403,1,0,0,0.00527345912353,0,0,0,3,Short-Tenure Higher-Charge
1,0,0,1.6050708604355,1,0,0,-1.57839880033684,0,1,0,2,Long-Tenure Lower-Charge
1,0,0,-0.326526803927558,0,1,0,-0.938190865661371,0,0,1,0,Short-Tenure Lower-Charge
1,0,0,0.618723116930958,1,0,1,1.04982324727824,0,0,0,1,Long-Tenure Higher-Charge
1,0,0,1.6050708604355,1,1,1,1.35307963738768,0,0,0,1,Long-Tenure Higher-Charge
0,0,0,-1.27177672478607,1,1,1,0.679176548255603,1,0,1,3,Short-Tenure Higher-Charge
1,0,0,0.947505698099138,1,1,1,0.679176548255603,0,0,0,1,Long-Tenure Higher-Charge
1,0,0,-0.984091966263917,1,1,1,-0.702324784465146,1,0,0,0,Short-Tenure Lower-Charge
0,0,0,0.166647067824711,1,1,0,0.477005621515981,0,1,0,3,Short-Tenure Higher-Charge
0,0,0,0.742016584869025,0,0,0,-0.331678085442506,0,0,0,2,Long-Tenure Lower-Charge
1,0,1,1.52287521514345,1,0,0,-1.37622787359722,0,0,1,2,Long-Tenure Lower-Charge
0,0,0,0.207744890470734,1,1,1,1.28568932847447,0,0,0,1,Long-Tenure Higher-Charge
1,0,0,-0.408722449219603,1,0,0,0.847652320538621,1,0,1,3,Short-Tenure Higher-Charge
1,0,1,0.454331826346868,1,0,1,-1.54470364588024,0,0,0,2,Long-Tenure Lower-Charge
1,0,1,-1.14848325684801,1,0,0,-1.54470364588024,0,1,0,0,Short-Tenure Lower-Charge
0,1,0,1.39958174720538,1,1,1,1.31938448293107,0,0,0,1,Long-Tenure Higher-Charge
0,0,1,1.6050708604355,1,1,1,-1.51100849142363,0,0,0,2,Long-Tenure Lower-Charge
0,0,0,-1.06628761155596,1,0,1,0.948737783908432,0,1,0,3,Short-Tenure Higher-Charge
1,0,1,0.865310052807093,1,1,0,0.477005621515981,0,0,1,1,Long-Tenure Higher-Charge
0,0,0,0.331038358408801,1,0,0,0.510700775972585,0,0,0,1,Long-Tenure Higher-Charge
1,0,0,-1.3128745474321,1,0,1,0.140054076949945,1,1,0,3,Short-Tenure Higher-Charge
1,0,1,1.07079916603721,1,0,1,1.15090871064805,0,0,0,1,Long-Tenure Higher-Charge
0,0,0,0.700918762223003,1,0,1,1.48786025521409,1,0,0,1,Long-Tenure Higher-Charge
0,0,0,-1.23067890214005,1,0,1,0.982432938365035,1,0,0,3,Short-Tenure Higher-Charge
0,1,0,1.56397303778947,1,1,0,1.11721355619145,0,0,1,1,Long-Tenure Higher-Charge
1,0,0,0.98860352074516,1,0,0,-1.51100849142363,0,0,0,2,Long-Tenure Lower-Charge
1,1,0,-0.737505030387783,1,1,1,0.477005621515981,1,1,0,3,Short-Tenure Higher-Charge
1,0,1,1.6050708604355,0,0,1,-0.36537323989911,0,0,0,2,Long-Tenure Lower-Charge
0,1,0,0.372136181054823,1,0,0,0.274834694776359,1,0,0,1,Long-Tenure Higher-Charge
0,0,0,1.6050708604355,1,1,1,1.08351840173485,0,0,0,1,Long-Tenure Higher-Charge
0,0,1,-0.614211562449715,1,1,1,-1.37622787359722,0,0,0,0,Short-Tenure Lower-Charge
0,0,1,1.52287521514345,1,1,0,-0.0284216953330735,0,0,1,1,Long-Tenure Higher-Charge
1,0,1,-0.285428981281536,1,0,1,0.611786239342395,1,0,0,3,Short-Tenure Higher-Charge
1,1,0,1.27628827926732,1,0,1,-1.34253271914062,0,0,0,2,Long-Tenure Lower-Charge
1,1,1,-1.02518978890994,1,0,0,0.477005621515981,1,1,0,3,Short-Tenure Higher-Charge
1,0,1,1.44067956985141,1,0,0,1.5889457185839,1,0,0,1,Long-Tenure Higher-Charge
1,1,0,-0.449820271865625,1,0,1,0.813957166082017,0,1,0,3,Short-Tenure Higher-Charge
0,0,1,1.6050708604355,1,0,0,0.645481393798999,0,0,0,1,Long-Tenure Higher-Charge
0,0,1,-0.408722449219603,1,1,1,-1.54470364588024,0,0,0,0,Short-Tenure Lower-Charge
1,0,0,-0.367624626573581,0,0,0,-1.2414472557708,0,0,1,0,Short-Tenure Lower-Charge
1,0,0,-0.69640720774176,1,0,0,0.948737783908432,1,0,0,3,Short-Tenure Higher-Charge
0,0,0,1.23519045662129,1,0,0,1.42046994630088,0,0,0,1,Long-Tenure Higher-Charge
0,0,1,1.6050708604355,1,0,1,1.38677479184428,0,1,0,1,Long-Tenure Higher-Charge
1,0,0,-1.10738543420198,1,0,0,0.645481393798999,1,0,0,3,Short-Tenure Higher-Charge
0,0,0,1.19409263397527,1,0,1,0.948737783908432,0,1,0,1,Long-Tenure Higher-Charge
0,0,0,-0.984091966263917,1,1,0,-1.57839880033684,0,1,0,0,Short-Tenure Lower-Charge
0,0,0,1.56397303778947,1,1,0,-1.37622787359722,0,1,0,2,Long-Tenure Lower-Charge
1,0,0,-0.614211562449715,1,1,0,-0.331678085442506,0,1,0,0,Short-Tenure Lower-Charge
1,1,0,-0.984091966263917,1,0,0,0.274834694776359,0,0,0,3,Short-Tenure Higher-Charge
0,1,0,0.618723116930958,1,0,0,1.72372633641031,1,0,0,1,Long-Tenure Higher-Charge
0,0,0,-0.244331158635513,1,0,1,1.21829901956126,0,0,0,3,Short-Tenure Higher-Charge
0,0,0,1.52287521514345,1,0,0,1.28568932847447,0,0,0,1,Long-Tenure Higher-Charge
0,0,0,-0.655309385095738,1,0,0,-1.54470364588024,0,0,0,0,Short-Tenure Lower-Charge
1,0,0,0.331038358408801,1,1,1,-0.331678085442506,0,0,1,2,Long-Tenure Lower-Charge
0,1,0,-1.06628761155596,1,0,0,-0.601239321095335,0,0,1,0,Short-Tenure Lower-Charge
1,0,0,-0.285428981281536,1,1,1,0.477005621515981,1,0,0,3,Short-Tenure Higher-Charge
1,0,0,-0.942994143617895,1,1,1,-0.466458703268921,0,1,0,0,Short-Tenure Lower-Charge
1,0,0,0.98860352074516,0,1,1,-0.432763548812317,0,0,0,2,Long-Tenure Lower-Charge
1,0,0,0.0844514225326663,1,1,1,-0.163202313159488,0,0,1,3,Short-Tenure Higher-Charge
0,0,0,-0.203233335989491,1,0,0,0.510700775972585,0,0,1,3,Short-Tenure Higher-Charge
1,1,0,1.6050708604355,1,1,1,1.48786025521409,0,0,1,1,Long-Tenure Higher-Charge
1,1,0,-0.244331158635513,1,0,1,0.645481393798999,0,1,0,3,Short-Tenure Higher-Charge
1,0,1,1.39958174720538,1,1,1,-1.51100849142363,0,0,0,2,Long-Tenure Lower-Charge
1,0,0,-0.901896320971872,1,0,0,-1.54470364588024,0,0,1,0,Short-Tenure Lower-Charge
1,0,0,1.48177739249743,1,1,1,1.31938448293107,1,0,0,1,Long-Tenure Higher-Charge
0,0,1,0.783114407515048,1,0,1,1.08351840173485,0,0,0,1,Long-Tenure Higher-Charge
1,0,0,0.783114407515048,1,1,0,0.510700775972585,0,1,0,1,Long-Tenure Higher-Charge
0,0,0,-0.86079849832585,1,0,0,-1.54470364588024,0,1,0,0,Short-Tenure Lower-Charge
0,0,1,-1.3128745474321,1,0,1,-0.73601993892175,1,0,0,0,Short-Tenure Lower-Charge
1,0,1,-0.737505030387783,1,1,0,-1.57839880033684,0,0,0,0,Short-Tenure Lower-Charge
0,0,0,-0.984091966263917,1,0,0,0.948737783908432,1,1,0,3,Short-Tenure Higher-Charge
0,0,0,-0.614211562449715,1,0,0,0.780262011625413,0,0,0,3,Short-Tenure Higher-Charge
0,0,0,1.35848392455936,1,1,1,-1.37622787359722,0,0,0,2,Long-Tenure Lower-Charge
1,0,1,0.536527471638913,1,0,1,-0.297982930985903,0,1,0,2,Long-Tenure Lower-Charge
0,0,0,-1.27177672478607,1,0,0,0.274834694776359,1,0,0,3,Short-Tenure Higher-Charge
1,0,0,-0.655309385095738,1,0,1,0.712871702712206,0,0,0,3,Short-Tenure Higher-Charge
1,0,1,0.577625294284936,0,1,1,-0.870800556748164,0,0,1,2,Long-Tenure Lower-Charge
1,1,0,1.23519045662129,1,1,1,1.42046994630088,0,0,1,1,Long-Tenure Higher-Charge
0,0,1,1.52287521514345,1,0,0,0.00527345912353,0,0,0,1,Long-Tenure Higher-Charge
0,0,1,1.02970134339118,1,0,1,-1.40992302805382,0,1,0,2,Long-Tenure Lower-Charge
0,0,0,1.11189698868323,1,0,0,-0.0284216953330735,0,0,1,1,Long-Tenure Higher-Charge
0,0,0,1.44067956985141,1,0,0,0.74656685716881,0,1,0,1,Long-Tenure Higher-Charge
0,0,0,0.618723116930958,1,0,0,-0.163202313159488,0,0,1,2,Long-Tenure Lower-Charge
0,0,1,0.0844514225326663,1,0,0,1.38677479184428,0,0,0,1,Long-Tenure Higher-Charge
1,0,0,1.56397303778947,1,0,0,0.477005621515981,0,0,0,1,Long-Tenure Higher-Charge
0,0,0,0.906407875453115,1,1,1,-0.297982930985903,0,0,1,2,Long-Tenure Lower-Charge
1,0,0,0.372136181054823,1,0,0,1.15090871064805,0,0,0,1,Long-Tenure Higher-Charge
1,0,1,0.947505698099138,1,1,1,1.04982324727824,0,1,0,1,Long-Tenure Higher-Charge
1,0,0,0.289940535762779,0,0,1,-0.129507158702884,0,1,0,2,Long-Tenure Lower-Charge
1,1,0,1.6050708604355,1,0,0,0.645481393798999,0,1,0,1,Long-Tenure Higher-Charge
0,0,1,-0.038842045405401,1,0,0,0.847652320538621,1,0,0,3,Short-Tenure Higher-Charge
0,0,0,0.0844514225326663,1,0,0,0.645481393798999,1,0,1,3,Short-Tenure Higher-Charge
0,0,0,1.02970134339118,1,1,1,1.21829901956126,1,0,0,1,Long-Tenure Higher-Charge
0,0,0,0.495429648992891,1,1,1,0.274834694776359,0,0,0,1,Long-Tenure Higher-Charge
0,0,0,-0.53201591715767,1,0,0,0.544395930429188,1,0,0,3,Short-Tenure Higher-Charge
1,0,0,-1.23067890214005,1,0,0,0.140054076949945,0,0,0,3,Short-Tenure Higher-Charge
0,0,1,1.44067956985141,1,1,0,0.780262011625413,0,0,1,1,Long-Tenure Higher-Charge
0,0,0,-0.984091966263917,1,0,1,0.308529849232963,1,0,0,3,Short-Tenure Higher-Charge
0,1,0,0.125549245178689,1,0,0,0.308529849232963,0,0,1,3,Short-Tenure Higher-Charge
0,0,0,0.166647067824711,0,0,1,-0.870800556748164,0,1,0,2,Long-Tenure Lower-Charge
1,1,0,-1.3128745474321,1,1,1,0.173749231406548,1,0,0,3,Short-Tenure Higher-Charge
1,0,1,1.6050708604355,1,1,1,1.28568932847447,0,0,0,1,Long-Tenure Higher-Charge
0,0,0,-1.3128745474321,1,0,1,0.477005621515981,1,0,0,3,Short-Tenure Higher-Charge
0,0,1,0.906407875453115,1,1,1,-0.331678085442506,0,0,0,2,Long-Tenure Lower-Charge
1,0,0,-0.203233335989491,1,0,0,-0.399068394355713,0,1,0,0,Short-Tenure Lower-Charge
0,0,0,0.783114407515048,0,1,1,-0.230592622072695,0,0,0,2,Long-Tenure Lower-Charge
1,1,0,-1.3128745474321,1,0,0,-0.73601993892175,0,1,0,0,Short-Tenure Lower-Charge
1,0,0,0.372136181054823,1,1,1,0.477005621515981,0,0,0,1,Long-Tenure Higher-Charge
0,0,1,0.659820939576981,1,1,1,0.982432938365035,0,0,0,1,Long-Tenure Higher-Charge
0,0,0,-0.285428981281536,1,0,0,1.01612809282164,0,0,0,3,Short-Tenure Higher-Charge
0,0,1,0.0844514225326663,1,1,1,-1.54470364588024,0,0,0,2,Long-Tenure Lower-Charge
1,1,0,-1.3128745474321,1,1,1,-0.702324784465146,0,0,0,0,Short-Tenure Lower-Charge
0,1,0,0.783114407515048,1,1,1,1.42046994630088,0,1,0,1,Long-Tenure Higher-Charge
0,0,0,1.6050708604355,1,0,1,1.52155540967069,0,1,0,1,Long-Tenure Higher-Charge
1,0,0,0.495429648992891,1,1,1,0.645481393798999,0,1,0,1,Long-Tenure Higher-Charge
1,0,0,0.331038358408801,1,1,0,1.31938448293107,1,0,1,1,Long-Tenure Higher-Charge
1,0,0,0.865310052807093,1,0,0,0.712871702712206,0,0,1,1,Long-Tenure Higher-Charge
1,1,1,-0.449820271865625,0,0,0,-0.870800556748164,1,0,0,0,Short-Tenure Lower-Charge
0,0,0,1.6050708604355,1,1,0,0.881347474995224,0,0,1,1,Long-Tenure Higher-Charge
0,0,1,-0.778602853033805,1,0,0,0.477005621515981,0,0,0,3,Short-Tenure Higher-Charge
1,0,0,1.23519045662129,1,0,0,-1.57839880033684,0,0,0,2,Long-Tenure Lower-Charge
1,0,0,-1.06628761155596,1,0,0,-1.57839880033684,0,0,0,0,Short-Tenure Lower-Charge
1,0,0,1.6050708604355,1,0,0,1.45416510075749,0,0,1,1,Long-Tenure Higher-Charge
1,0,1,-1.06628761155596,1,0,1,-0.567544166638732,1,0,0,0,Short-Tenure Lower-Charge
1,0,0,-0.69640720774176,1,0,0,0.308529849232963,0,1,0,3,Short-Tenure Higher-Charge
0,0,1,-0.778602853033805,1,1,1,-0.196897467616092,0,0,0,3,Short-Tenure Higher-Charge
0,0,0,-1.3128745474321,1,1,1,0.173749231406548,1,1,0,3,Short-Tenure Higher-Charge
0,0,0,1.11189698868323,0,1,0,-0.73601993892175,0,0,0,2,Long-Tenure Lower-Charge
0,1,1,-1.3128745474321,1,1,0,0.173749231406548,1,1,0,3,Short-Tenure Higher-Charge
1,1,0,0.495429648992891,1,0,1,0.308529849232963,0,0,0,1,Long-Tenure Higher-Charge
0,0,0,1.6050708604355,1,1,1,1.45416510075749,1,1,0,1,Long-Tenure Higher-Charge
1,0,1,-1.10738543420198,1,1,1,-1.57839880033684,0,0,0,0,Short-Tenure Lower-Charge
1,0,0,-1.3128745474321,1,1,0,-0.36537323989911,0,1,0,0,Short-Tenure Lower-Charge
0,0,0,-0.573113739803693,1,1,0,-0.331678085442506,0,0,1,3,Short-Tenure Higher-Charge
0,0,1,-0.367624626573581,1,0,0,-0.0621168497896772,0,1,0,3,Short-Tenure Higher-Charge
1,0,0,1.27628827926732,1,0,1,0.342225003689566,0,0,0,1,Long-Tenure Higher-Charge
1,0,0,-0.655309385095738,1,0,1,0.847652320538621,0,0,0,3,Short-Tenure Higher-Charge
0,0,0,-1.02518978890994,1,0,0,-0.73601993892175,0,0,0,0,Short-Tenure Lower-Charge
0,1,0,-0.367624626573581,1,0,0,-1.54470364588024,0,1,0,0,Short-Tenure Lower-Charge
0,0,0,0.289940535762779,1,1,1,-0.297982930985903,0,0,1,2,Long-Tenure Lower-Charge
1,0,1,0.125549245178689,1,0,0,-1.37622787359722,0,0,0,2,Long-Tenure Lower-Charge
1,0,0,1.56397303778947,1,1,1,1.42046994630088,1,0,0,1,Long-Tenure Higher-Charge
1,0,0,-1.23067890214005,1,1,1,0.37592015814617,0,0,0,3,Short-Tenure Higher-Charge
0,0,0,0.207744890470734,1,0,0,-1.54470364588024,0,0,1,2,Long-Tenure Lower-Charge
1,0,1,-1.35397237007812,1,1,1,-1.34253271914062,0,0,0,0,Short-Tenure Lower-Charge
0,0,1,-1.3128745474321,1,1,1,0.308529849232963,1,0,0,3,Short-Tenure Higher-Charge
1,0,0,-0.326526803927558,1,1,1,0.173749231406548,1,0,0,3,Short-Tenure Higher-Charge
1,0,1,1.48177739249743,1,0,0,-1.54470364588024,0,0,0,2,Long-Tenure Lower-Charge
0,1,0,0.125549245178689,1,1,0,0.881347474995224,0,0,1,3,Short-Tenure Higher-Charge
1,0,0,1.23519045662129,1,1,1,1.15090871064805,0,0,0,1,Long-Tenure Higher-Charge
1,0,0,-0.86079849832585,1,1,1,1.01612809282164,1,0,0,3,Short-Tenure Higher-Charge
1,0,1,-0.573113739803693,1,0,1,-1.54470364588024,0,0,0,0,Short-Tenure Lower-Charge
1,0,1,-0.614211562449715,1,0,0,0.74656685716881,0,0,0,3,Short-Tenure Higher-Charge
1,0,0,-0.038842045405401,1,0,0,0.443310467059377,0,0,1,3,Short-Tenure Higher-Charge
1,0,0,0.947505698099138,1,0,1,1.31938448293107,0,0,0,1,Long-Tenure Higher-Charge
0,0,0,-1.10738543420198,1,0,0,-1.54470364588024,1,0,1,0,Short-Tenure Lower-Charge
1,0,0,-0.984091966263917,0,0,0,-0.500153857725524,0,0,0,0,Short-Tenure Lower-Charge
1,0,1,-0.038842045405401,0,0,0,-1.00558117457458,0,1,0,2,Long-Tenure Lower-Charge
0,1,0,1.02970134339118,1,1,1,1.15090871064805,0,1,0,1,Long-Tenure Higher-Charge
1,0,0,-1.02518978890994,1,1,1,-0.230592622072695,0,0,0,3,Short-Tenure Higher-Charge
1,0,0,-0.655309385095738,1,1,1,-0.0284216953330735,0,0,0,3,Short-Tenure Higher-Charge
1,1,0,-0.244331158635513,1,1,1,0.173749231406548,0,0,0,3,Short-Tenure Higher-Charge
0,0,0,-0.819700675679827,1,0,0,0.679176548255603,0,0,0,3,Short-Tenure Higher-Charge
1,0,0,0.659820939576981,0,0,0,-0.533849012182128,0,0,0,2,Long-Tenure Lower-Charge
0,0,0,-0.490918094511648,1,0,0,-1.51100849142363,0,0,1,0,Short-Tenure Lower-Charge
1,0,0,0.125549245178689,0,0,0,-1.03927632903118,0,0,0,2,Long-Tenure Lower-Charge
0,1,0,-1.3128745474321,1,0,0,0.342225003689566,1,0,0,3,Short-Tenure Higher-Charge
0,0,1,0.372136181054823,1,1,0,-1.54470364588024,0,1,0,2,Long-Tenure Lower-Charge
0,0,1,-0.69640720774176,1,1,1,0.477005621515981,0,0,0,3,Short-Tenure Higher-Charge
0,0,1,0.659820939576981,1,0,1,1.42046994630088,1,0,0,1,Long-Tenure Higher-Charge
1,1,0,1.27628827926732,1,1,1,1.21829901956126,0,0,0,1,Long-Tenure Higher-Charge
0,0,0,-1.27177672478607,1,0,1,-0.702324784465146,0,0,0,0,Short-Tenure Lower-Charge
1,0,1,1.6050708604355,1,0,0,0.780262011625413,0,1,0,1,Long-Tenure Higher-Charge
0,0,0,-1.3128745474321,0,0,0,-1.37622787359722,1,0,1,0,Short-Tenure Lower-Charge
1,0,0,-1.3128745474321,1,1,0,0.982432938365035,1,1,0,3,Short-Tenure Higher-Charge
0,0,1,-0.408722449219603,1,1,1,0.847652320538621,0,1,0,3,Short-Tenure Higher-Charge
1,0,1,-0.86079849832585,1,0,0,-1.51100849142363,0,0,0,0,Short-Tenure Lower-Charge
1,1,0,-0.86079849832585,1,1,1,1.11721355619145,1,0,0,3,Short-Tenure Higher-Charge
1,0,0,-0.285428981281536,1,0,1,-1.54470364588024,0,0,1,0,Short-Tenure Lower-Charge
